2024-06-18 09:44:15 - main.py[line:93] - INFO: Generating dataset for multi-table job-light on train
2024-06-18 09:44:15 - table.py[line:22] - INFO: Loading table title
2024-06-18 09:44:18 - table.py[line:124] - INFO: csv to pkl in path output/temp/table/title.pkl
2024-06-18 09:44:19 - table.py[line:77] - INFO: build finished: Table title : 2528311 rows, 115.74MB.
columns:['id', 'kind_id', 'production_year', 'episode_of_id', 'season_nr', 'episode_nr']
2024-06-18 09:44:19 - table.py[line:108] - INFO: write table to disk...
2024-06-18 09:44:22 - table.py[line:22] - INFO: Loading table movie_info
2024-06-18 09:44:44 - table.py[line:124] - INFO: csv to pkl in path output/temp/table/movie_info.pkl
2024-06-18 09:44:46 - table.py[line:77] - INFO: build finished: Table movie_info : 14835719 rows, 339.56MB.
columns:['id', 'movie_id', 'info_type_id']
2024-06-18 09:44:46 - table.py[line:108] - INFO: write table to disk...
2024-06-18 09:44:57 - table.py[line:22] - INFO: Loading table movie_info_idx
2024-06-18 09:44:59 - table.py[line:124] - INFO: csv to pkl in path output/temp/table/movie_info_idx.pkl
2024-06-18 09:44:59 - table.py[line:77] - INFO: build finished: Table movie_info_idx : 1380034 rows, 31.59MB.
columns:['id', 'movie_id', 'info_type_id']
2024-06-18 09:44:59 - table.py[line:108] - INFO: write table to disk...
2024-06-18 09:45:00 - table.py[line:22] - INFO: Loading table cast_info
2024-06-18 09:46:27 - table.py[line:124] - INFO: csv to pkl in path output/temp/table/cast_info.pkl
2024-06-18 09:46:34 - table.py[line:77] - INFO: build finished: Table cast_info : 36244343 rows, 1659.13MB.
columns:['id', 'person_id', 'movie_id', 'person_role_id', 'nr_order', 'role_id']
2024-06-18 09:46:34 - table.py[line:108] - INFO: write table to disk...
2024-06-18 09:47:46 - table.py[line:22] - INFO: Loading table movie_keyword
2024-06-18 09:47:52 - table.py[line:124] - INFO: csv to pkl in path output/temp/table/movie_keyword.pkl
2024-06-18 09:47:53 - table.py[line:77] - INFO: build finished: Table movie_keyword : 4523929 rows, 103.54MB.
columns:['id', 'movie_id', 'keyword_id']
2024-06-18 09:47:53 - table.py[line:108] - INFO: write table to disk...
2024-06-18 09:47:58 - table.py[line:22] - INFO: Loading table movie_companies
2024-06-18 09:48:02 - table.py[line:124] - INFO: csv to pkl in path output/temp/table/movie_companies.pkl
2024-06-18 09:48:02 - table.py[line:77] - INFO: build finished: Table movie_companies : 2609128 rows, 79.62MB.
columns:['id', 'movie_id', 'company_id', 'company_type_id']
2024-06-18 09:48:02 - table.py[line:108] - INFO: write table to disk...
2024-06-18 09:51:11 - feat.py[line:275] - INFO: Histo exists, load...
2024-06-18 09:51:12 - feat.py[line:277] - INFO: write data to disk...
2024-06-18 09:51:13 - feat.py[line:275] - INFO: Histo exists, load...
2024-06-18 09:51:17 - feat.py[line:277] - INFO: write data to disk...
2024-06-18 09:51:18 - feat.py[line:275] - INFO: Histo exists, load...
2024-06-18 09:51:18 - feat.py[line:277] - INFO: write data to disk...
2024-06-18 09:51:19 - feat.py[line:275] - INFO: Histo exists, load...
2024-06-18 09:51:44 - feat.py[line:277] - INFO: write data to disk...
2024-06-18 09:51:45 - feat.py[line:275] - INFO: Histo exists, load...
2024-06-18 09:51:46 - feat.py[line:277] - INFO: write data to disk...
2024-06-18 09:51:46 - feat.py[line:275] - INFO: Histo exists, load...
2024-06-18 09:51:47 - feat.py[line:277] - INFO: write data to disk...
2024-06-18 09:51:50 - feat.py[line:243] - INFO: Table title Generated feature size: 147
2024-06-18 09:51:55 - feat.py[line:243] - INFO: Table movie_info Generated feature size: 69
2024-06-18 09:51:56 - feat.py[line:243] - INFO: Table movie_info_idx Generated feature size: 69
2024-06-18 09:52:26 - feat.py[line:243] - INFO: Table cast_info Generated feature size: 147
2024-06-18 09:52:28 - feat.py[line:243] - INFO: Table movie_keyword Generated feature size: 69
2024-06-18 09:52:30 - feat.py[line:243] - INFO: Table movie_companies Generated feature size: 94
2024-06-18 09:52:32 - feat.py[line:243] - INFO: Table title Generated feature size: 147
2024-06-18 09:52:37 - feat.py[line:243] - INFO: Table movie_info Generated feature size: 69
2024-06-18 09:52:37 - feat.py[line:243] - INFO: Table movie_info_idx Generated feature size: 69
2024-06-18 09:53:06 - feat.py[line:243] - INFO: Table cast_info Generated feature size: 147
2024-06-18 09:53:08 - feat.py[line:243] - INFO: Table movie_keyword Generated feature size: 69
2024-06-18 09:53:09 - feat.py[line:243] - INFO: Table movie_companies Generated feature size: 94
2024-06-18 09:53:09 - gen.py[line:132] - INFO: train is being processed!
2024-06-18 09:53:20 - gen.py[line:145] - INFO: All batch ditributed!
2024-06-18 10:46:38 - gen.py[line:96] - INFO: Query of group 28 -   1000 / 1562
2024-06-18 10:47:46 - gen.py[line:96] - INFO: Query of group  2 -   1000 / 1562
2024-06-18 10:48:02 - gen.py[line:96] - INFO: Query of group 27 -   1000 / 1562
2024-06-18 10:48:47 - gen.py[line:96] - INFO: Query of group 13 -   1000 / 1562
2024-06-18 10:49:37 - gen.py[line:96] - INFO: Query of group  5 -   1000 / 1562
2024-06-18 10:49:54 - gen.py[line:96] - INFO: Query of group 12 -   1000 / 1562
2024-06-18 10:50:20 - gen.py[line:96] - INFO: Query of group 43 -   1000 / 1562
2024-06-18 10:51:15 - gen.py[line:96] - INFO: Query of group  4 -   1000 / 1562
2024-06-18 10:51:38 - gen.py[line:96] - INFO: Query of group 16 -   1000 / 1562
2024-06-18 10:52:33 - gen.py[line:96] - INFO: Query of group 37 -   1000 / 1562
2024-06-18 10:52:35 - gen.py[line:96] - INFO: Query of group 15 -   1000 / 1562
2024-06-18 10:53:46 - gen.py[line:96] - INFO: Query of group 63 -   1000 / 1594
2024-06-18 10:54:38 - gen.py[line:96] - INFO: Query of group 62 -   1000 / 1562
2024-06-18 10:54:42 - gen.py[line:96] - INFO: Query of group 60 -   1000 / 1562
2024-06-18 10:55:57 - gen.py[line:96] - INFO: Query of group 49 -   1000 / 1562
2024-06-18 15:19:12 - main.py[line:93] - INFO: Generating dataset for multi-table job-light on train
2024-06-18 15:19:12 - table.py[line:22] - INFO: Loading table title
2024-06-18 15:19:12 - table.py[line:98] - INFO: table exists, load...
2024-06-18 15:19:13 - table.py[line:101] - INFO: load finished: Table title : 2528311 rows, 115.74MB.
columns:['id', 'kind_id', 'production_year', 'episode_of_id', 'season_nr', 'episode_nr']
2024-06-18 15:19:13 - table.py[line:22] - INFO: Loading table movie_info
2024-06-18 15:19:13 - table.py[line:98] - INFO: table exists, load...
2024-06-18 15:19:17 - table.py[line:101] - INFO: load finished: Table movie_info : 14835719 rows, 339.56MB.
columns:['id', 'movie_id', 'info_type_id']
2024-06-18 15:19:17 - table.py[line:22] - INFO: Loading table movie_info_idx
2024-06-18 15:19:17 - table.py[line:98] - INFO: table exists, load...
2024-06-18 15:19:18 - table.py[line:101] - INFO: load finished: Table movie_info_idx : 1380034 rows, 31.59MB.
columns:['id', 'movie_id', 'info_type_id']
2024-06-18 15:19:18 - table.py[line:22] - INFO: Loading table cast_info
2024-06-18 15:19:18 - table.py[line:98] - INFO: table exists, load...
2024-06-18 15:19:37 - table.py[line:101] - INFO: load finished: Table cast_info : 36244343 rows, 1659.13MB.
columns:['id', 'person_id', 'movie_id', 'person_role_id', 'nr_order', 'role_id']
2024-06-18 15:19:37 - table.py[line:22] - INFO: Loading table movie_keyword
2024-06-18 15:19:37 - table.py[line:98] - INFO: table exists, load...
2024-06-18 15:19:38 - table.py[line:101] - INFO: load finished: Table movie_keyword : 4523929 rows, 103.54MB.
columns:['id', 'movie_id', 'keyword_id']
2024-06-18 15:19:38 - table.py[line:22] - INFO: Loading table movie_companies
2024-06-18 15:19:38 - table.py[line:98] - INFO: table exists, load...
2024-06-18 15:19:39 - table.py[line:101] - INFO: load finished: Table movie_companies : 2609128 rows, 79.62MB.
columns:['id', 'movie_id', 'company_id', 'company_type_id']
2024-06-18 15:19:42 - sample.py[line:176] - INFO: sample group exists, load...
2024-06-18 15:20:07 - sample.py[line:179] - INFO: load finished.
2024-06-18 15:21:00 - feat.py[line:269] - INFO: Histo exists, load...
2024-06-18 15:21:00 - feat.py[line:272] - INFO: load finished: job-light.title
2024-06-18 15:21:00 - feat.py[line:269] - INFO: Histo exists, load...
2024-06-18 15:21:00 - feat.py[line:272] - INFO: load finished: job-light.movie_info
2024-06-18 15:21:00 - feat.py[line:269] - INFO: Histo exists, load...
2024-06-18 15:21:00 - feat.py[line:272] - INFO: load finished: job-light.movie_info_idx
2024-06-18 15:21:00 - feat.py[line:269] - INFO: Histo exists, load...
2024-06-18 15:21:00 - feat.py[line:272] - INFO: load finished: job-light.cast_info
2024-06-18 15:21:00 - feat.py[line:269] - INFO: Histo exists, load...
2024-06-18 15:21:00 - feat.py[line:272] - INFO: load finished: job-light.movie_keyword
2024-06-18 15:21:00 - feat.py[line:269] - INFO: Histo exists, load...
2024-06-18 15:21:00 - feat.py[line:272] - INFO: load finished: job-light.movie_companies
2024-06-18 15:21:00 - sample.py[line:193] - INFO: sample features exists, load...
2024-06-18 15:21:00 - sample.py[line:196] - INFO: load finished.
2024-06-18 15:21:00 - gen.py[line:132] - INFO: train is being processed!
2024-06-18 15:21:04 - gen.py[line:145] - INFO: All batch ditributed!
2024-06-18 15:39:21 - main.py[line:93] - INFO: Generating dataset for multi-table job-light on train
2024-06-18 15:39:21 - table.py[line:22] - INFO: Loading table title
2024-06-18 15:39:21 - table.py[line:98] - INFO: table exists, load...
2024-06-18 15:39:21 - table.py[line:101] - INFO: load finished: Table title : 2528311 rows, 115.74MB.
columns:['id', 'kind_id', 'production_year', 'episode_of_id', 'season_nr', 'episode_nr']
2024-06-18 15:39:21 - table.py[line:22] - INFO: Loading table movie_info
2024-06-18 15:39:21 - table.py[line:98] - INFO: table exists, load...
2024-06-18 15:39:22 - table.py[line:101] - INFO: load finished: Table movie_info : 14835719 rows, 339.56MB.
columns:['id', 'movie_id', 'info_type_id']
2024-06-18 15:39:22 - table.py[line:22] - INFO: Loading table movie_info_idx
2024-06-18 15:39:22 - table.py[line:98] - INFO: table exists, load...
2024-06-18 15:39:22 - table.py[line:101] - INFO: load finished: Table movie_info_idx : 1380034 rows, 31.59MB.
columns:['id', 'movie_id', 'info_type_id']
2024-06-18 15:39:22 - table.py[line:22] - INFO: Loading table cast_info
2024-06-18 15:39:22 - table.py[line:98] - INFO: table exists, load...
2024-06-18 15:39:23 - table.py[line:101] - INFO: load finished: Table cast_info : 36244343 rows, 1659.13MB.
columns:['id', 'person_id', 'movie_id', 'person_role_id', 'nr_order', 'role_id']
2024-06-18 15:39:23 - table.py[line:22] - INFO: Loading table movie_keyword
2024-06-18 15:39:23 - table.py[line:98] - INFO: table exists, load...
2024-06-18 15:39:23 - table.py[line:101] - INFO: load finished: Table movie_keyword : 4523929 rows, 103.54MB.
columns:['id', 'movie_id', 'keyword_id']
2024-06-18 15:39:23 - table.py[line:22] - INFO: Loading table movie_companies
2024-06-18 15:39:23 - table.py[line:98] - INFO: table exists, load...
2024-06-18 15:39:23 - table.py[line:101] - INFO: load finished: Table movie_companies : 2609128 rows, 79.62MB.
columns:['id', 'movie_id', 'company_id', 'company_type_id']
2024-06-18 15:39:26 - sample.py[line:176] - INFO: sample group exists, load...
2024-06-18 15:39:27 - sample.py[line:179] - INFO: load finished.
2024-06-18 15:39:45 - feat.py[line:269] - INFO: Histo exists, load...
2024-06-18 15:39:45 - feat.py[line:272] - INFO: load finished: job-light.title
2024-06-18 15:39:45 - feat.py[line:269] - INFO: Histo exists, load...
2024-06-18 15:39:45 - feat.py[line:272] - INFO: load finished: job-light.movie_info
2024-06-18 15:39:45 - feat.py[line:269] - INFO: Histo exists, load...
2024-06-18 15:39:45 - feat.py[line:272] - INFO: load finished: job-light.movie_info_idx
2024-06-18 15:39:45 - feat.py[line:269] - INFO: Histo exists, load...
2024-06-18 15:39:45 - feat.py[line:272] - INFO: load finished: job-light.cast_info
2024-06-18 15:39:45 - feat.py[line:269] - INFO: Histo exists, load...
2024-06-18 15:39:45 - feat.py[line:272] - INFO: load finished: job-light.movie_keyword
2024-06-18 15:39:45 - feat.py[line:269] - INFO: Histo exists, load...
2024-06-18 15:39:45 - feat.py[line:272] - INFO: load finished: job-light.movie_companies
2024-06-18 15:39:45 - sample.py[line:193] - INFO: sample features exists, load...
2024-06-18 15:39:45 - sample.py[line:196] - INFO: load finished.
2024-06-18 15:39:45 - gen.py[line:132] - INFO: train is being processed!
2024-06-18 15:40:04 - gen.py[line:145] - INFO: All batch ditributed!
2024-06-18 16:24:40 - gen.py[line:96] - INFO: Query of group 29 -   1000 / 1562
2024-06-18 16:25:10 - gen.py[line:96] - INFO: Query of group  5 -   1000 / 1562
2024-06-18 16:26:04 - gen.py[line:96] - INFO: Query of group 19 -   1000 / 1562
2024-06-18 16:27:31 - gen.py[line:96] - INFO: Query of group 62 -   1000 / 1562
2024-06-18 16:27:43 - gen.py[line:96] - INFO: Query of group  4 -   1000 / 1562
2024-06-18 16:28:30 - gen.py[line:96] - INFO: Query of group  8 -   1000 / 1562
2024-06-18 16:29:34 - gen.py[line:96] - INFO: Query of group 15 -   1000 / 1562
2024-06-18 16:29:54 - gen.py[line:96] - INFO: Query of group 27 -   1000 / 1562
2024-06-18 16:30:37 - gen.py[line:96] - INFO: Query of group 12 -   1000 / 1562
2024-06-18 16:33:48 - gen.py[line:96] - INFO: Query of group 46 -   1000 / 1562
2024-06-18 16:34:25 - gen.py[line:96] - INFO: Query of group 56 -   1000 / 1562
2024-06-18 16:36:27 - gen.py[line:96] - INFO: Query of group 33 -   1000 / 1562

2024-06-18 18:40:13 - gen.py[line:96] - INFO: Query of group  0 -   1000 / 1562
2024-06-18 18:43:02 - gen.py[line:96] - INFO: Query of group 22 -   1000 / 1562
2024-06-18 18:44:10 - gen.py[line:96] - INFO: Query of group 29 -   1000 / 1562
2024-06-18 18:48:52 - gen.py[line:96] - INFO: Query of group 47 -   1000 / 1562
2024-06-18 18:49:33 - gen.py[line:96] - INFO: Query of group  6 -   1000 / 1562
2024-06-18 18:51:43 - gen.py[line:96] - INFO: Query of group 25 -   1000 / 1562
2024-06-18 18:52:15 - gen.py[line:96] - INFO: Query of group 19 -   1000 / 1562
2024-06-18 18:53:07 - gen.py[line:96] - INFO: Query of group 30 -   1000 / 1562
2024-06-18 18:53:23 - gen.py[line:96] - INFO: Query of group 13 -   1000 / 1562
2024-06-18 18:54:01 - gen.py[line:96] - INFO: Query of group 38 -   1000 / 1562
2024-06-18 18:54:22 - gen.py[line:96] - INFO: Query of group 60 -   1000 / 1562
2024-06-18 18:54:23 - gen.py[line:96] - INFO: Query of group 42 -   1000 / 1562
2024-06-18 18:54:27 - gen.py[line:96] - INFO: Query of group 59 -   1000 / 1562
2024-06-18 18:54:49 - gen.py[line:96] - INFO: Query of group 45 -   1000 / 1562
2024-06-18 18:55:04 - gen.py[line:96] - INFO: Query of group 14 -   1000 / 1562
2024-06-18 18:55:08 - gen.py[line:96] - INFO: Query of group 40 -   1000 / 1562
2024-06-18 18:55:42 - gen.py[line:96] - INFO: Query of group 11 -   1000 / 1562
2024-06-18 18:56:18 - gen.py[line:96] - INFO: Query of group 21 -   1000 / 1562
2024-06-18 18:56:34 - gen.py[line:96] - INFO: Query of group  8 -   1000 / 1562
2024-06-18 18:56:57 - gen.py[line:96] - INFO: Query of group 31 -   1000 / 1562
2024-06-18 18:56:59 - gen.py[line:96] - INFO: Query of group  9 -   1000 / 1562
2024-06-18 18:57:37 - gen.py[line:96] - INFO: Query of group 37 -   1000 / 1562
2024-06-18 18:58:15 - gen.py[line:96] - INFO: Query of group  4 -   1000 / 1562
2024-06-18 18:58:45 - gen.py[line:96] - INFO: Query of group 50 -   1000 / 1562
2024-06-18 18:58:53 - gen.py[line:96] - INFO: Query of group 24 -   1000 / 1562
2024-06-18 18:59:39 - gen.py[line:96] - INFO: Query of group  1 -   1000 / 1562
2024-06-18 19:00:50 - gen.py[line:96] - INFO: Query of group  7 -   1000 / 1562
2024-06-18 19:00:50 - gen.py[line:96] - INFO: Query of group 54 -   1000 / 1562
2024-06-18 19:00:56 - gen.py[line:96] - INFO: Query of group 46 -   1000 / 1562
2024-06-18 19:00:59 - gen.py[line:96] - INFO: Query of group 63 -   1000 / 1594
2024-06-18 19:01:27 - gen.py[line:96] - INFO: Query of group 28 -   1000 / 1562
2024-06-18 19:01:46 - gen.py[line:96] - INFO: Query of group 33 -   1000 / 1562
2024-06-18 19:01:48 - gen.py[line:96] - INFO: Query of group 20 -   1000 / 1562
2024-06-18 19:02:10 - gen.py[line:96] - INFO: Query of group 49 -   1000 / 1562
2024-06-18 19:02:17 - gen.py[line:96] - INFO: Query of group 41 -   1000 / 1562
2024-06-18 19:03:23 - gen.py[line:96] - INFO: Query of group 43 -   1000 / 1562
2024-06-18 19:03:49 - gen.py[line:96] - INFO: Query of group 32 -   1000 / 1562
2024-06-18 19:03:51 - gen.py[line:96] - INFO: Query of group 57 -   1000 / 1562
2024-06-18 19:04:02 - gen.py[line:96] - INFO: Query of group 23 -   1000 / 1562
2024-06-18 19:04:22 - gen.py[line:96] - INFO: Query of group 15 -   1000 / 1562
2024-06-18 19:04:32 - gen.py[line:96] - INFO: Query of group 44 -   1000 / 1562
2024-06-18 19:04:40 - gen.py[line:96] - INFO: Query of group 53 -   1000 / 1562
2024-06-18 19:04:56 - gen.py[line:96] - INFO: Query of group  3 -   1000 / 1562
2024-06-18 19:05:07 - gen.py[line:96] - INFO: Query of group 62 -   1000 / 1562
2024-06-18 19:06:05 - gen.py[line:96] - INFO: Query of group 35 -   1000 / 1562
2024-06-18 19:06:36 - gen.py[line:96] - INFO: Query of group 12 -   1000 / 1562
2024-06-18 19:07:32 - gen.py[line:96] - INFO: Query of group 55 -   1000 / 1562
2024-06-18 19:07:41 - gen.py[line:96] - INFO: Query of group 51 -   1000 / 1562
2024-06-18 19:07:46 - gen.py[line:96] - INFO: Query of group 56 -   1000 / 1562
2024-06-18 19:08:29 - gen.py[line:96] - INFO: Query of group 17 -   1000 / 1562
2024-06-18 19:08:33 - gen.py[line:96] - INFO: Query of group  2 -   1000 / 1562
2024-06-18 19:12:28 - gen.py[line:96] - INFO: Query of group 34 -   1000 / 1562
2024-06-18 19:12:29 - gen.py[line:96] - INFO: Query of group 18 -   1000 / 1562
2024-06-18 19:15:55 - gen.py[line:96] - INFO: Query of group  5 -   1000 / 1562
2024-06-18 19:16:04 - gen.py[line:96] - INFO: Query of group 36 -   1000 / 1562
2024-06-18 19:16:33 - gen.py[line:96] - INFO: Query of group 26 -   1000 / 1562
2024-06-18 19:16:51 - gen.py[line:96] - INFO: Query of group 48 -   1000 / 1562
2024-06-18 19:18:30 - gen.py[line:96] - INFO: Query of group 52 -   1000 / 1562
2024-06-18 19:20:13 - gen.py[line:96] - INFO: Query of group 16 -   1000 / 1562
2024-06-18 19:21:49 - gen.py[line:96] - INFO: Query of group 10 -   1000 / 1562
2024-06-18 19:22:44 - gen.py[line:96] - INFO: Query of group 39 -   1000 / 1562
2024-06-18 19:24:09 - gen.py[line:96] - INFO: Query of group 61 -   1000 / 1562
2024-06-18 19:28:04 - gen.py[line:96] - INFO: Query of group 27 -   1000 / 1562
2024-06-18 19:29:33 - gen.py[line:96] - INFO: Query of group 58 -   1000 / 1562
2024-06-18 20:03:23 - gen.py[line:160] - INFO: Saving records
2024-06-18 20:07:32 - gen.py[line:175] - INFO: Generating Dataset Time Cost Summary as Follows:
2024-06-18 20:07:32 - gen.py[line:176] - INFO: Main Thread Total time 176.5782849987348 min.
2024-06-18 20:07:32 - gen.py[line:177] - INFO: Distribute Process time 0.36004588603973386 min. 0.20390156470390094% of total time.
2024-06-18 20:07:32 - gen.py[line:178] - INFO: Waiting Process time 172.06332431236902 min. 97.44308271744845% of total time.
2024-06-18 20:07:32 - gen.py[line:179] - INFO: Saving Records time 4.154816381136576 min. 2.352959980988798% of total time.
2024-06-18 20:07:32 - gen.py[line:180] - INFO: Df time 0.6917210459709168 min. 16.648655019062293% of total time.
2024-06-18 20:07:32 - gen.py[line:181] - INFO: ToDisk time 3.451356820265452 min. 83.06881709466333% of total time.
2024-06-18 20:07:32 - gen.py[line:187] - INFO: Calculating Time as Follows:
2024-06-18 20:07:32 - gen.py[line:188] - INFO: Total cal time 10499.749185478688 min. 5946.228997271051% of total time.
2024-06-18 20:07:32 - gen.py[line:189] - INFO: Ground Turth time 9073.041788967452 min. 86.41198593120306% of total cal time.
2024-06-18 20:07:32 - gen.py[line:190] - INFO: Sample Group time 1424.1756304025648 min. 13.563901434638279% of total cal time.
2024-06-18 20:07:32 - gen.py[line:191] - INFO: Query Vector time 1.8546132445335384 min. 0.017663405208750097% of total cal time.
2024-06-18 20:07:32 - gen.py[line:192] - INFO: Packing time 0.6771528641382852 min. 0.0064492289499143264% of total cal time.
2024-06-18 20:08:24 - main.py[line:93] - INFO: Generating dataset for multi-table job-light on train
2024-06-18 20:08:24 - table.py[line:22] - INFO: Loading table title
2024-06-18 20:08:24 - table.py[line:98] - INFO: table exists, load...
2024-06-18 20:08:24 - table.py[line:101] - INFO: load finished: Table title : 2528311 rows, 115.74MB.
columns:['id', 'kind_id', 'production_year', 'episode_of_id', 'season_nr', 'episode_nr']
2024-06-18 20:08:24 - table.py[line:22] - INFO: Loading table movie_info
2024-06-18 20:08:24 - table.py[line:98] - INFO: table exists, load...
2024-06-18 20:08:24 - table.py[line:101] - INFO: load finished: Table movie_info : 14835719 rows, 339.56MB.
columns:['id', 'movie_id', 'info_type_id']
2024-06-18 20:08:24 - table.py[line:22] - INFO: Loading table movie_info_idx
2024-06-18 20:08:25 - table.py[line:98] - INFO: table exists, load...
2024-06-18 20:08:25 - table.py[line:101] - INFO: load finished: Table movie_info_idx : 1380034 rows, 31.59MB.
columns:['id', 'movie_id', 'info_type_id']
2024-06-18 20:08:25 - table.py[line:22] - INFO: Loading table cast_info
2024-06-18 20:08:25 - table.py[line:98] - INFO: table exists, load...
2024-06-18 20:08:26 - table.py[line:101] - INFO: load finished: Table cast_info : 36244343 rows, 1659.13MB.
columns:['id', 'person_id', 'movie_id', 'person_role_id', 'nr_order', 'role_id']
2024-06-18 20:08:26 - table.py[line:22] - INFO: Loading table movie_keyword
2024-06-18 20:08:26 - table.py[line:98] - INFO: table exists, load...
2024-06-18 20:08:26 - table.py[line:101] - INFO: load finished: Table movie_keyword : 4523929 rows, 103.54MB.
columns:['id', 'movie_id', 'keyword_id']
2024-06-18 20:08:26 - table.py[line:22] - INFO: Loading table movie_companies
2024-06-18 20:08:26 - table.py[line:98] - INFO: table exists, load...
2024-06-18 20:08:26 - table.py[line:101] - INFO: load finished: Table movie_companies : 2609128 rows, 79.62MB.
columns:['id', 'movie_id', 'company_id', 'company_type_id']
2024-06-18 20:08:28 - sample.py[line:176] - INFO: sample group exists, load...
2024-06-18 20:08:29 - sample.py[line:179] - INFO: load finished.
2024-06-18 20:08:46 - feat.py[line:269] - INFO: Histo exists, load...
2024-06-18 20:08:46 - feat.py[line:272] - INFO: load finished: job-light.title
2024-06-18 20:08:46 - feat.py[line:269] - INFO: Histo exists, load...
2024-06-18 20:08:46 - feat.py[line:272] - INFO: load finished: job-light.movie_info
2024-06-18 20:08:46 - feat.py[line:269] - INFO: Histo exists, load...
2024-06-18 20:08:46 - feat.py[line:272] - INFO: load finished: job-light.movie_info_idx
2024-06-18 20:08:46 - feat.py[line:269] - INFO: Histo exists, load...
2024-06-18 20:08:46 - feat.py[line:272] - INFO: load finished: job-light.cast_info
2024-06-18 20:08:46 - feat.py[line:269] - INFO: Histo exists, load...
2024-06-18 20:08:46 - feat.py[line:272] - INFO: load finished: job-light.movie_keyword
2024-06-18 20:08:46 - feat.py[line:269] - INFO: Histo exists, load...
2024-06-18 20:08:46 - feat.py[line:272] - INFO: load finished: job-light.movie_companies
2024-06-18 20:08:46 - sample.py[line:193] - INFO: sample features exists, load...
2024-06-18 20:08:46 - sample.py[line:196] - INFO: load finished.
2024-06-18 20:08:46 - gen.py[line:132] - INFO: train is being processed!
2024-06-18 20:09:15 - gen.py[line:145] - INFO: All batch ditributed!
2024-06-18 20:56:27 - gen.py[line:96] - INFO: Query of group  0 -   1000 / 1562
2024-06-18 21:07:21 - gen.py[line:96] - INFO: Query of group  1 -   1000 / 1562
2024-06-18 21:08:06 - gen.py[line:96] - INFO: Query of group 15 -   1000 / 1562
2024-06-18 21:08:12 - gen.py[line:96] - INFO: Query of group  2 -   1000 / 1562
2024-06-18 21:08:14 - gen.py[line:96] - INFO: Query of group 36 -   1000 / 1562
2024-06-18 21:08:27 - gen.py[line:96] - INFO: Query of group 16 -   1000 / 1562
2024-06-18 21:09:51 - gen.py[line:96] - INFO: Query of group 20 -   1000 / 1562
2024-06-18 21:10:20 - gen.py[line:96] - INFO: Query of group 43 -   1000 / 1562
2024-06-18 21:10:23 - gen.py[line:96] - INFO: Query of group 13 -   1000 / 1562
2024-06-18 21:10:31 - gen.py[line:96] - INFO: Query of group 35 -   1000 / 1562
2024-06-18 21:12:32 - gen.py[line:96] - INFO: Query of group 56 -   1000 / 1562
2024-06-18 21:14:36 - gen.py[line:96] - INFO: Query of group 63 -   1000 / 1594
2024-06-19 09:02:57 - main.py[line:93] - INFO: Generating dataset for multi-table job-light on scale
2024-06-19 09:02:57 - table.py[line:22] - INFO: Loading table title
2024-06-19 09:02:57 - table.py[line:98] - INFO: table exists, load...
2024-06-19 09:02:58 - table.py[line:101] - INFO: load finished: Table title : 2528311 rows, 115.74MB.
columns:['id', 'kind_id', 'production_year', 'episode_of_id', 'season_nr', 'episode_nr']
2024-06-19 09:02:58 - table.py[line:22] - INFO: Loading table movie_info
2024-06-19 09:02:58 - table.py[line:98] - INFO: table exists, load...
2024-06-19 09:02:58 - table.py[line:101] - INFO: load finished: Table movie_info : 14835719 rows, 339.56MB.
columns:['id', 'movie_id', 'info_type_id']
2024-06-19 09:02:58 - table.py[line:22] - INFO: Loading table movie_info_idx
2024-06-19 09:02:58 - table.py[line:98] - INFO: table exists, load...
2024-06-19 09:02:58 - table.py[line:101] - INFO: load finished: Table movie_info_idx : 1380034 rows, 31.59MB.
columns:['id', 'movie_id', 'info_type_id']
2024-06-19 09:02:58 - table.py[line:22] - INFO: Loading table cast_info
2024-06-19 09:02:58 - table.py[line:98] - INFO: table exists, load...
2024-06-19 09:02:59 - table.py[line:101] - INFO: load finished: Table cast_info : 36244343 rows, 1659.13MB.
columns:['id', 'person_id', 'movie_id', 'person_role_id', 'nr_order', 'role_id']
2024-06-19 09:02:59 - table.py[line:22] - INFO: Loading table movie_keyword
2024-06-19 09:02:59 - table.py[line:98] - INFO: table exists, load...
2024-06-19 09:03:00 - table.py[line:101] - INFO: load finished: Table movie_keyword : 4523929 rows, 103.54MB.
columns:['id', 'movie_id', 'keyword_id']
2024-06-19 09:03:00 - table.py[line:22] - INFO: Loading table movie_companies
2024-06-19 09:03:00 - table.py[line:98] - INFO: table exists, load...
2024-06-19 09:03:00 - table.py[line:101] - INFO: load finished: Table movie_companies : 2609128 rows, 79.62MB.
columns:['id', 'movie_id', 'company_id', 'company_type_id']
2024-06-19 09:03:00 - sample.py[line:176] - INFO: sample group exists, load...
2024-06-19 09:03:02 - sample.py[line:179] - INFO: load finished.
2024-06-19 09:03:19 - feat.py[line:269] - INFO: Histo exists, load...
2024-06-19 09:03:19 - feat.py[line:272] - INFO: load finished: job-light.title
2024-06-19 09:03:19 - feat.py[line:269] - INFO: Histo exists, load...
2024-06-19 09:03:19 - feat.py[line:272] - INFO: load finished: job-light.movie_info
2024-06-19 09:03:19 - feat.py[line:269] - INFO: Histo exists, load...
2024-06-19 09:03:19 - feat.py[line:272] - INFO: load finished: job-light.movie_info_idx
2024-06-19 09:03:19 - feat.py[line:269] - INFO: Histo exists, load...
2024-06-19 09:03:19 - feat.py[line:272] - INFO: load finished: job-light.cast_info
2024-06-19 09:03:19 - feat.py[line:269] - INFO: Histo exists, load...
2024-06-19 09:03:19 - feat.py[line:272] - INFO: load finished: job-light.movie_keyword
2024-06-19 09:03:19 - feat.py[line:269] - INFO: Histo exists, load...
2024-06-19 09:03:19 - feat.py[line:272] - INFO: load finished: job-light.movie_companies
2024-06-19 09:03:19 - sample.py[line:193] - INFO: sample features exists, load...
2024-06-19 09:03:19 - sample.py[line:196] - INFO: load finished.
2024-06-19 09:03:19 - gen.py[line:132] - INFO: scale is being processed!
2024-06-19 09:03:37 - gen.py[line:145] - INFO: All batch ditributed!
2024-06-19 09:07:48 - gen.py[line:160] - INFO: Saving records
2024-06-19 09:07:49 - gen.py[line:175] - INFO: Generating Dataset Time Cost Summary as Follows:
2024-06-19 09:07:49 - gen.py[line:176] - INFO: Main Thread Total time 4.497218445936839 min.
2024-06-19 09:07:49 - gen.py[line:177] - INFO: Distribute Process time 0.29588613907496136 min. 6.5793143613535054% of total time.
2024-06-19 09:07:49 - gen.py[line:178] - INFO: Waiting Process time 4.1842962265014645 min. 93.04187192156311% of total time.
2024-06-19 09:07:49 - gen.py[line:179] - INFO: Saving Records time 0.016996745268503824 min. 0.3779390632861096% of total time.
2024-06-19 09:07:49 - gen.py[line:180] - INFO: Df time 0.002968915303548177 min. 17.467551914482048% of total time.
2024-06-19 09:07:49 - gen.py[line:181] - INFO: ToDisk time 0.013913305600484212 min. 81.8586463507608% of total time.
2024-06-19 09:07:49 - gen.py[line:187] - INFO: Calculating Time as Follows:
2024-06-19 09:07:49 - gen.py[line:188] - INFO: Total cal time 75.42465477387111 min. 1677.1401185107213% of total time.
2024-06-19 09:07:49 - gen.py[line:189] - INFO: Ground Turth time 44.319719612598426 min. 58.76025517845901% of total cal time.
2024-06-19 09:07:49 - gen.py[line:190] - INFO: Sample Group time 6.323568566640219 min. 8.383954272775608% of total cal time.
2024-06-19 09:07:49 - gen.py[line:191] - INFO: Query Vector time 0.010468494892120364 min. 0.013879407103029788% of total cal time.
2024-06-19 09:07:49 - gen.py[line:192] - INFO: Packing time 24.770898099740347 min. 32.84191114166236% of total cal time.
2024-06-19 09:23:59 - main.py[line:103] - INFO: Training for multi-table job-light on train
2024-06-19 09:29:56 - main.py[line:103] - INFO: Training for multi-table job-light on train
2024-06-19 09:31:51 - main.py[line:103] - INFO: Training for multi-table job-light on train
2024-06-19 09:48:42 - main.py[line:103] - INFO: Training for multi-table job-light on train
2024-06-19 09:53:31 - main.py[line:93] - INFO: Generating dataset for multi-table job-light on synthetic
2024-06-19 09:53:31 - table.py[line:22] - INFO: Loading table title
2024-06-19 09:53:31 - table.py[line:98] - INFO: table exists, load...
2024-06-19 09:53:31 - table.py[line:101] - INFO: load finished: Table title : 2528311 rows, 115.74MB.
columns:['id', 'kind_id', 'production_year', 'episode_of_id', 'season_nr', 'episode_nr']
2024-06-19 09:53:31 - table.py[line:22] - INFO: Loading table movie_info
2024-06-19 09:53:31 - table.py[line:98] - INFO: table exists, load...
2024-06-19 09:53:31 - table.py[line:101] - INFO: load finished: Table movie_info : 14835719 rows, 339.56MB.
columns:['id', 'movie_id', 'info_type_id']
2024-06-19 09:53:31 - table.py[line:22] - INFO: Loading table movie_info_idx
2024-06-19 09:53:31 - table.py[line:98] - INFO: table exists, load...
2024-06-19 09:53:31 - table.py[line:101] - INFO: load finished: Table movie_info_idx : 1380034 rows, 31.59MB.
columns:['id', 'movie_id', 'info_type_id']
2024-06-19 09:53:31 - table.py[line:22] - INFO: Loading table cast_info
2024-06-19 09:53:31 - table.py[line:98] - INFO: table exists, load...
2024-06-19 09:53:32 - table.py[line:101] - INFO: load finished: Table cast_info : 36244343 rows, 1659.13MB.
columns:['id', 'person_id', 'movie_id', 'person_role_id', 'nr_order', 'role_id']
2024-06-19 09:53:32 - table.py[line:22] - INFO: Loading table movie_keyword
2024-06-19 09:53:32 - table.py[line:98] - INFO: table exists, load...
2024-06-19 09:53:32 - table.py[line:101] - INFO: load finished: Table movie_keyword : 4523929 rows, 103.54MB.
columns:['id', 'movie_id', 'keyword_id']
2024-06-19 09:53:32 - table.py[line:22] - INFO: Loading table movie_companies
2024-06-19 09:53:33 - table.py[line:98] - INFO: table exists, load...
2024-06-19 09:53:33 - table.py[line:101] - INFO: load finished: Table movie_companies : 2609128 rows, 79.62MB.
columns:['id', 'movie_id', 'company_id', 'company_type_id']
2024-06-19 09:53:33 - sample.py[line:176] - INFO: sample group exists, load...
2024-06-19 09:53:34 - sample.py[line:179] - INFO: load finished.
2024-06-19 09:53:51 - feat.py[line:269] - INFO: Histo exists, load...
2024-06-19 09:53:51 - feat.py[line:272] - INFO: load finished: job-light.title
2024-06-19 09:53:51 - feat.py[line:269] - INFO: Histo exists, load...
2024-06-19 09:53:51 - feat.py[line:272] - INFO: load finished: job-light.movie_info
2024-06-19 09:53:51 - feat.py[line:269] - INFO: Histo exists, load...
2024-06-19 09:53:52 - feat.py[line:272] - INFO: load finished: job-light.movie_info_idx
2024-06-19 09:53:52 - feat.py[line:269] - INFO: Histo exists, load...
2024-06-19 09:53:52 - feat.py[line:272] - INFO: load finished: job-light.cast_info
2024-06-19 09:53:52 - feat.py[line:269] - INFO: Histo exists, load...
2024-06-19 09:53:52 - feat.py[line:272] - INFO: load finished: job-light.movie_keyword
2024-06-19 09:53:52 - feat.py[line:269] - INFO: Histo exists, load...
2024-06-19 09:53:52 - feat.py[line:272] - INFO: load finished: job-light.movie_companies
2024-06-19 09:53:52 - sample.py[line:193] - INFO: sample features exists, load...
2024-06-19 09:53:52 - sample.py[line:196] - INFO: load finished.
2024-06-19 09:53:52 - gen.py[line:132] - INFO: synthetic is being processed!
2024-06-19 09:54:09 - gen.py[line:145] - INFO: All batch ditributed!
2024-06-19 10:25:37 - main.py[line:103] - INFO: Training for multi-table job-light on train
2024-06-19 10:27:20 - main.py[line:93] - INFO: Generating dataset for multi-table job-light on synthetic
2024-06-19 10:27:20 - table.py[line:22] - INFO: Loading table title
2024-06-19 10:27:21 - table.py[line:98] - INFO: table exists, load...
2024-06-19 10:27:21 - table.py[line:101] - INFO: load finished: Table title : 2528311 rows, 115.74MB.
columns:['id', 'kind_id', 'production_year', 'episode_of_id', 'season_nr', 'episode_nr']
2024-06-19 10:27:21 - table.py[line:22] - INFO: Loading table movie_info
2024-06-19 10:27:21 - table.py[line:98] - INFO: table exists, load...
2024-06-19 10:27:22 - table.py[line:101] - INFO: load finished: Table movie_info : 14835719 rows, 339.56MB.
columns:['id', 'movie_id', 'info_type_id']
2024-06-19 10:27:22 - table.py[line:22] - INFO: Loading table movie_info_idx
2024-06-19 10:27:22 - table.py[line:98] - INFO: table exists, load...
2024-06-19 10:27:22 - table.py[line:101] - INFO: load finished: Table movie_info_idx : 1380034 rows, 31.59MB.
columns:['id', 'movie_id', 'info_type_id']
2024-06-19 10:27:22 - table.py[line:22] - INFO: Loading table cast_info
2024-06-19 10:27:22 - table.py[line:98] - INFO: table exists, load...
2024-06-19 10:27:24 - table.py[line:101] - INFO: load finished: Table cast_info : 36244343 rows, 1659.13MB.
columns:['id', 'person_id', 'movie_id', 'person_role_id', 'nr_order', 'role_id']
2024-06-19 10:27:24 - table.py[line:22] - INFO: Loading table movie_keyword
2024-06-19 10:27:24 - table.py[line:98] - INFO: table exists, load...
2024-06-19 10:27:25 - table.py[line:101] - INFO: load finished: Table movie_keyword : 4523929 rows, 103.54MB.
columns:['id', 'movie_id', 'keyword_id']
2024-06-19 10:27:25 - table.py[line:22] - INFO: Loading table movie_companies
2024-06-19 10:27:25 - table.py[line:98] - INFO: table exists, load...
2024-06-19 10:27:26 - table.py[line:101] - INFO: load finished: Table movie_companies : 2609128 rows, 79.62MB.
columns:['id', 'movie_id', 'company_id', 'company_type_id']
2024-06-19 10:27:27 - sample.py[line:176] - INFO: sample group exists, load...
2024-06-19 10:27:29 - sample.py[line:179] - INFO: load finished.
2024-06-19 10:27:48 - feat.py[line:269] - INFO: Histo exists, load...
2024-06-19 10:27:49 - feat.py[line:272] - INFO: load finished: job-light.title
2024-06-19 10:27:49 - feat.py[line:269] - INFO: Histo exists, load...
2024-06-19 10:27:49 - feat.py[line:272] - INFO: load finished: job-light.movie_info
2024-06-19 10:27:49 - feat.py[line:269] - INFO: Histo exists, load...
2024-06-19 10:27:49 - feat.py[line:272] - INFO: load finished: job-light.movie_info_idx
2024-06-19 10:27:49 - feat.py[line:269] - INFO: Histo exists, load...
2024-06-19 10:27:49 - feat.py[line:272] - INFO: load finished: job-light.cast_info
2024-06-19 10:27:50 - feat.py[line:269] - INFO: Histo exists, load...
2024-06-19 10:27:50 - feat.py[line:272] - INFO: load finished: job-light.movie_keyword
2024-06-19 10:27:51 - feat.py[line:269] - INFO: Histo exists, load...
2024-06-19 10:27:53 - feat.py[line:272] - INFO: load finished: job-light.movie_companies
2024-06-19 10:27:53 - sample.py[line:193] - INFO: sample features exists, load...
2024-06-19 10:27:55 - sample.py[line:196] - INFO: load finished.
2024-06-19 10:27:55 - gen.py[line:132] - INFO: synthetic is being processed!
2024-06-19 10:28:17 - gen.py[line:145] - INFO: All batch ditributed!
2024-06-19 10:30:36 - main.py[line:93] - INFO: Generating dataset for multi-table job-light on synthetic
2024-06-19 10:30:36 - table.py[line:22] - INFO: Loading table title
2024-06-19 10:30:36 - table.py[line:98] - INFO: table exists, load...
2024-06-19 10:30:36 - table.py[line:101] - INFO: load finished: Table title : 2528311 rows, 115.74MB.
columns:['id', 'kind_id', 'production_year', 'episode_of_id', 'season_nr', 'episode_nr']
2024-06-19 10:30:36 - table.py[line:22] - INFO: Loading table movie_info
2024-06-19 10:30:36 - table.py[line:98] - INFO: table exists, load...
2024-06-19 10:30:36 - table.py[line:101] - INFO: load finished: Table movie_info : 14835719 rows, 339.56MB.
columns:['id', 'movie_id', 'info_type_id']
2024-06-19 10:30:36 - table.py[line:22] - INFO: Loading table movie_info_idx
2024-06-19 10:30:36 - table.py[line:98] - INFO: table exists, load...
2024-06-19 10:30:37 - table.py[line:101] - INFO: load finished: Table movie_info_idx : 1380034 rows, 31.59MB.
columns:['id', 'movie_id', 'info_type_id']
2024-06-19 10:30:37 - table.py[line:22] - INFO: Loading table cast_info
2024-06-19 10:30:37 - table.py[line:98] - INFO: table exists, load...
2024-06-19 10:30:37 - table.py[line:101] - INFO: load finished: Table cast_info : 36244343 rows, 1659.13MB.
columns:['id', 'person_id', 'movie_id', 'person_role_id', 'nr_order', 'role_id']
2024-06-19 10:30:37 - table.py[line:22] - INFO: Loading table movie_keyword
2024-06-19 10:30:38 - table.py[line:98] - INFO: table exists, load...
2024-06-19 10:30:38 - table.py[line:101] - INFO: load finished: Table movie_keyword : 4523929 rows, 103.54MB.
columns:['id', 'movie_id', 'keyword_id']
2024-06-19 10:30:38 - table.py[line:22] - INFO: Loading table movie_companies
2024-06-19 10:30:38 - table.py[line:98] - INFO: table exists, load...
2024-06-19 10:30:38 - table.py[line:101] - INFO: load finished: Table movie_companies : 2609128 rows, 79.62MB.
columns:['id', 'movie_id', 'company_id', 'company_type_id']
2024-06-19 10:30:38 - sample.py[line:176] - INFO: sample group exists, load...
2024-06-19 10:30:39 - sample.py[line:179] - INFO: load finished.
2024-06-19 10:30:57 - feat.py[line:269] - INFO: Histo exists, load...
2024-06-19 10:30:57 - feat.py[line:272] - INFO: load finished: job-light.title
2024-06-19 10:30:57 - feat.py[line:269] - INFO: Histo exists, load...
2024-06-19 10:30:57 - feat.py[line:272] - INFO: load finished: job-light.movie_info
2024-06-19 10:30:57 - feat.py[line:269] - INFO: Histo exists, load...
2024-06-19 10:30:57 - feat.py[line:272] - INFO: load finished: job-light.movie_info_idx
2024-06-19 10:30:57 - feat.py[line:269] - INFO: Histo exists, load...
2024-06-19 10:30:57 - feat.py[line:272] - INFO: load finished: job-light.cast_info
2024-06-19 10:30:57 - feat.py[line:269] - INFO: Histo exists, load...
2024-06-19 10:30:57 - feat.py[line:272] - INFO: load finished: job-light.movie_keyword
2024-06-19 10:30:57 - feat.py[line:269] - INFO: Histo exists, load...
2024-06-19 10:30:57 - feat.py[line:272] - INFO: load finished: job-light.movie_companies
2024-06-19 10:30:57 - sample.py[line:193] - INFO: sample features exists, load...
2024-06-19 10:30:57 - sample.py[line:196] - INFO: load finished.
2024-06-19 10:30:57 - gen.py[line:132] - INFO: synthetic is being processed!
2024-06-19 10:31:04 - gen.py[line:145] - INFO: All batch ditributed!
2024-06-19 10:53:40 - main.py[line:93] - INFO: Generating dataset for multi-table job-light on synthetic
2024-06-19 10:53:40 - table.py[line:22] - INFO: Loading table title
2024-06-19 10:53:40 - table.py[line:98] - INFO: table exists, load...
2024-06-19 10:53:40 - table.py[line:101] - INFO: load finished: Table title : 2528311 rows, 115.74MB.
columns:['id', 'kind_id', 'production_year', 'episode_of_id', 'season_nr', 'episode_nr']
2024-06-19 10:53:41 - table.py[line:22] - INFO: Loading table movie_info
2024-06-19 10:53:41 - table.py[line:98] - INFO: table exists, load...
2024-06-19 10:53:41 - table.py[line:101] - INFO: load finished: Table movie_info : 14835719 rows, 339.56MB.
columns:['id', 'movie_id', 'info_type_id']
2024-06-19 10:53:41 - table.py[line:22] - INFO: Loading table movie_info_idx
2024-06-19 10:53:41 - table.py[line:98] - INFO: table exists, load...
2024-06-19 10:53:41 - table.py[line:101] - INFO: load finished: Table movie_info_idx : 1380034 rows, 31.59MB.
columns:['id', 'movie_id', 'info_type_id']
2024-06-19 10:53:41 - table.py[line:22] - INFO: Loading table cast_info
2024-06-19 10:53:41 - table.py[line:98] - INFO: table exists, load...
2024-06-19 10:53:43 - table.py[line:101] - INFO: load finished: Table cast_info : 36244343 rows, 1659.13MB.
columns:['id', 'person_id', 'movie_id', 'person_role_id', 'nr_order', 'role_id']
2024-06-19 10:53:43 - table.py[line:22] - INFO: Loading table movie_keyword
2024-06-19 10:53:44 - table.py[line:98] - INFO: table exists, load...
2024-06-19 10:53:45 - table.py[line:101] - INFO: load finished: Table movie_keyword : 4523929 rows, 103.54MB.
columns:['id', 'movie_id', 'keyword_id']
2024-06-19 10:53:45 - table.py[line:22] - INFO: Loading table movie_companies
2024-06-19 10:53:45 - table.py[line:98] - INFO: table exists, load...
2024-06-19 10:53:46 - table.py[line:101] - INFO: load finished: Table movie_companies : 2609128 rows, 79.62MB.
columns:['id', 'movie_id', 'company_id', 'company_type_id']
2024-06-19 10:53:49 - sample.py[line:176] - INFO: sample group exists, load...
2024-06-19 10:53:51 - sample.py[line:179] - INFO: load finished.
2024-06-19 10:54:10 - feat.py[line:269] - INFO: Histo exists, load...
2024-06-19 10:54:10 - feat.py[line:272] - INFO: load finished: job-light.title
2024-06-19 10:54:10 - feat.py[line:269] - INFO: Histo exists, load...
2024-06-19 10:54:10 - feat.py[line:272] - INFO: load finished: job-light.movie_info
2024-06-19 10:54:10 - feat.py[line:269] - INFO: Histo exists, load...
2024-06-19 10:54:10 - feat.py[line:272] - INFO: load finished: job-light.movie_info_idx
2024-06-19 10:54:10 - feat.py[line:269] - INFO: Histo exists, load...
2024-06-19 10:54:10 - feat.py[line:272] - INFO: load finished: job-light.cast_info
2024-06-19 10:54:10 - feat.py[line:269] - INFO: Histo exists, load...
2024-06-19 10:54:10 - feat.py[line:272] - INFO: load finished: job-light.movie_keyword
2024-06-19 10:54:10 - feat.py[line:269] - INFO: Histo exists, load...
2024-06-19 10:54:11 - feat.py[line:272] - INFO: load finished: job-light.movie_companies
2024-06-19 10:54:11 - sample.py[line:193] - INFO: sample features exists, load...
2024-06-19 10:54:11 - sample.py[line:196] - INFO: load finished.
2024-06-19 10:54:11 - gen.py[line:132] - INFO: synthetic is being processed!
2024-06-19 10:54:24 - gen.py[line:145] - INFO: All batch ditributed!
2024-06-19 15:08:12 - main.py[line:93] - INFO: Generating dataset for multi-table job-light on synthetic
2024-06-19 15:08:12 - table.py[line:22] - INFO: Loading table title
2024-06-19 15:08:12 - table.py[line:98] - INFO: table exists, load...
2024-06-19 15:08:12 - table.py[line:101] - INFO: load finished: Table title : 2528311 rows, 115.74MB.
columns:['id', 'kind_id', 'production_year', 'episode_of_id', 'season_nr', 'episode_nr']
2024-06-19 15:08:12 - table.py[line:22] - INFO: Loading table movie_info
2024-06-19 15:08:12 - table.py[line:98] - INFO: table exists, load...
2024-06-19 15:08:12 - table.py[line:101] - INFO: load finished: Table movie_info : 14835719 rows, 339.56MB.
columns:['id', 'movie_id', 'info_type_id']
2024-06-19 15:08:12 - table.py[line:22] - INFO: Loading table movie_info_idx
2024-06-19 15:08:12 - table.py[line:98] - INFO: table exists, load...
2024-06-19 15:08:12 - table.py[line:101] - INFO: load finished: Table movie_info_idx : 1380034 rows, 31.59MB.
columns:['id', 'movie_id', 'info_type_id']
2024-06-19 15:08:12 - table.py[line:22] - INFO: Loading table cast_info
2024-06-19 15:08:12 - table.py[line:98] - INFO: table exists, load...
2024-06-19 15:08:13 - table.py[line:101] - INFO: load finished: Table cast_info : 36244343 rows, 1659.13MB.
columns:['id', 'person_id', 'movie_id', 'person_role_id', 'nr_order', 'role_id']
2024-06-19 15:08:13 - table.py[line:22] - INFO: Loading table movie_keyword
2024-06-19 15:08:13 - table.py[line:98] - INFO: table exists, load...
2024-06-19 15:08:14 - table.py[line:101] - INFO: load finished: Table movie_keyword : 4523929 rows, 103.54MB.
columns:['id', 'movie_id', 'keyword_id']
2024-06-19 15:08:14 - table.py[line:22] - INFO: Loading table movie_companies
2024-06-19 15:08:14 - table.py[line:98] - INFO: table exists, load...
2024-06-19 15:08:14 - table.py[line:101] - INFO: load finished: Table movie_companies : 2609128 rows, 79.62MB.
columns:['id', 'movie_id', 'company_id', 'company_type_id']
2024-06-19 15:08:14 - sample.py[line:176] - INFO: sample group exists, load...
2024-06-19 15:08:15 - sample.py[line:179] - INFO: load finished.
2024-06-19 15:08:32 - feat.py[line:269] - INFO: Histo exists, load...
2024-06-19 15:08:32 - feat.py[line:272] - INFO: load finished: job-light.title
2024-06-19 15:08:32 - feat.py[line:269] - INFO: Histo exists, load...
2024-06-19 15:08:32 - feat.py[line:272] - INFO: load finished: job-light.movie_info
2024-06-19 15:08:32 - feat.py[line:269] - INFO: Histo exists, load...
2024-06-19 15:08:32 - feat.py[line:272] - INFO: load finished: job-light.movie_info_idx
2024-06-19 15:08:32 - feat.py[line:269] - INFO: Histo exists, load...
2024-06-19 15:08:32 - feat.py[line:272] - INFO: load finished: job-light.cast_info
2024-06-19 15:08:32 - feat.py[line:269] - INFO: Histo exists, load...
2024-06-19 15:08:32 - feat.py[line:272] - INFO: load finished: job-light.movie_keyword
2024-06-19 15:08:32 - feat.py[line:269] - INFO: Histo exists, load...
2024-06-19 15:08:32 - feat.py[line:272] - INFO: load finished: job-light.movie_companies
2024-06-19 15:08:32 - sample.py[line:193] - INFO: sample features exists, load...
2024-06-19 15:08:32 - sample.py[line:196] - INFO: load finished.
2024-06-19 15:08:32 - gen.py[line:132] - INFO: synthetic is being processed!
2024-06-19 15:08:43 - gen.py[line:145] - INFO: All batch ditributed!
2024-06-19 17:18:39 - main.py[line:93] - INFO: Generating dataset for multi-table job-light on train
2024-06-19 17:18:39 - table.py[line:22] - INFO: Loading table title
2024-06-19 17:18:40 - table.py[line:98] - INFO: table exists, load...
2024-06-19 17:19:03 - main.py[line:103] - INFO: Training for multi-table job-light on scale
2024-06-19 17:19:21 - main.py[line:93] - INFO: Generating dataset for multi-table job-light on synthetic
2024-06-19 17:19:21 - table.py[line:22] - INFO: Loading table title
2024-06-19 17:19:21 - table.py[line:98] - INFO: table exists, load...
2024-06-19 17:19:21 - table.py[line:101] - INFO: load finished: Table title : 2528311 rows, 115.74MB.
columns:['id', 'kind_id', 'production_year', 'episode_of_id', 'season_nr', 'episode_nr']
2024-06-19 17:19:21 - table.py[line:22] - INFO: Loading table movie_info
2024-06-19 17:19:21 - table.py[line:98] - INFO: table exists, load...
2024-06-19 17:19:22 - table.py[line:101] - INFO: load finished: Table movie_info : 14835719 rows, 339.56MB.
columns:['id', 'movie_id', 'info_type_id']
2024-06-19 17:19:22 - table.py[line:22] - INFO: Loading table movie_info_idx
2024-06-19 17:19:22 - table.py[line:98] - INFO: table exists, load...
2024-06-19 17:19:22 - table.py[line:101] - INFO: load finished: Table movie_info_idx : 1380034 rows, 31.59MB.
columns:['id', 'movie_id', 'info_type_id']
2024-06-19 17:19:22 - table.py[line:22] - INFO: Loading table cast_info
2024-06-19 17:19:22 - table.py[line:98] - INFO: table exists, load...
2024-06-19 17:19:23 - table.py[line:101] - INFO: load finished: Table cast_info : 36244343 rows, 1659.13MB.
columns:['id', 'person_id', 'movie_id', 'person_role_id', 'nr_order', 'role_id']
2024-06-19 17:19:23 - table.py[line:22] - INFO: Loading table movie_keyword
2024-06-19 17:19:24 - table.py[line:98] - INFO: table exists, load...
2024-06-19 17:19:24 - table.py[line:101] - INFO: load finished: Table movie_keyword : 4523929 rows, 103.54MB.
columns:['id', 'movie_id', 'keyword_id']
2024-06-19 17:19:24 - table.py[line:22] - INFO: Loading table movie_companies
2024-06-19 17:19:24 - table.py[line:98] - INFO: table exists, load...
2024-06-19 17:19:24 - table.py[line:101] - INFO: load finished: Table movie_companies : 2609128 rows, 79.62MB.
columns:['id', 'movie_id', 'company_id', 'company_type_id']
2024-06-19 17:19:24 - sample.py[line:176] - INFO: sample group exists, load...
2024-06-19 17:19:26 - sample.py[line:179] - INFO: load finished.
2024-06-19 17:19:43 - feat.py[line:269] - INFO: Histo exists, load...
2024-06-19 17:19:43 - feat.py[line:272] - INFO: load finished: job-light.title
2024-06-19 17:19:43 - feat.py[line:269] - INFO: Histo exists, load...
2024-06-19 17:19:43 - feat.py[line:272] - INFO: load finished: job-light.movie_info
2024-06-19 17:19:43 - feat.py[line:269] - INFO: Histo exists, load...
2024-06-19 17:19:43 - feat.py[line:272] - INFO: load finished: job-light.movie_info_idx
2024-06-19 17:19:43 - feat.py[line:269] - INFO: Histo exists, load...
2024-06-19 17:19:44 - feat.py[line:272] - INFO: load finished: job-light.cast_info
2024-06-19 17:19:44 - feat.py[line:269] - INFO: Histo exists, load...
2024-06-19 17:19:44 - feat.py[line:272] - INFO: load finished: job-light.movie_keyword
2024-06-19 17:19:44 - feat.py[line:269] - INFO: Histo exists, load...
2024-06-19 17:19:44 - feat.py[line:272] - INFO: load finished: job-light.movie_companies
2024-06-19 17:19:44 - sample.py[line:193] - INFO: sample features exists, load...
2024-06-19 17:19:45 - sample.py[line:196] - INFO: load finished.
2024-06-19 17:19:45 - gen.py[line:132] - INFO: synthetic is being processed!
2024-06-19 17:19:56 - gen.py[line:145] - INFO: All batch ditributed!
2024-06-19 20:30:34 - main.py[line:93] - INFO: Generating dataset for multi-table job-light on synthetic
2024-06-19 20:30:34 - table.py[line:22] - INFO: Loading table title
2024-06-19 20:30:34 - table.py[line:98] - INFO: table exists, load...
2024-06-19 20:30:34 - table.py[line:101] - INFO: load finished: Table title : 2528311 rows, 115.74MB.
columns:['id', 'kind_id', 'production_year', 'episode_of_id', 'season_nr', 'episode_nr']
2024-06-19 20:30:34 - table.py[line:22] - INFO: Loading table movie_info
2024-06-19 20:30:34 - table.py[line:98] - INFO: table exists, load...
2024-06-19 20:30:34 - table.py[line:101] - INFO: load finished: Table movie_info : 14835719 rows, 339.56MB.
columns:['id', 'movie_id', 'info_type_id']
2024-06-19 20:30:34 - table.py[line:22] - INFO: Loading table movie_info_idx
2024-06-19 20:30:34 - table.py[line:98] - INFO: table exists, load...
2024-06-19 20:30:34 - table.py[line:101] - INFO: load finished: Table movie_info_idx : 1380034 rows, 31.59MB.
columns:['id', 'movie_id', 'info_type_id']
2024-06-19 20:30:34 - table.py[line:22] - INFO: Loading table cast_info
2024-06-19 20:30:34 - table.py[line:98] - INFO: table exists, load...
2024-06-19 20:30:35 - table.py[line:101] - INFO: load finished: Table cast_info : 36244343 rows, 1659.13MB.
columns:['id', 'person_id', 'movie_id', 'person_role_id', 'nr_order', 'role_id']
2024-06-19 20:30:35 - table.py[line:22] - INFO: Loading table movie_keyword
2024-06-19 20:30:35 - table.py[line:98] - INFO: table exists, load...
2024-06-19 20:30:35 - table.py[line:101] - INFO: load finished: Table movie_keyword : 4523929 rows, 103.54MB.
columns:['id', 'movie_id', 'keyword_id']
2024-06-19 20:30:35 - table.py[line:22] - INFO: Loading table movie_companies
2024-06-19 20:30:35 - table.py[line:98] - INFO: table exists, load...
2024-06-19 20:30:35 - table.py[line:101] - INFO: load finished: Table movie_companies : 2609128 rows, 79.62MB.
columns:['id', 'movie_id', 'company_id', 'company_type_id']
2024-06-19 20:30:35 - sample.py[line:176] - INFO: sample group exists, load...
2024-06-19 20:30:37 - sample.py[line:179] - INFO: load finished.
2024-06-19 20:31:31 - feat.py[line:269] - INFO: Histo exists, load...
2024-06-19 20:31:31 - feat.py[line:272] - INFO: load finished: job-light.title
2024-06-19 20:31:31 - feat.py[line:269] - INFO: Histo exists, load...
2024-06-19 20:31:31 - feat.py[line:272] - INFO: load finished: job-light.movie_info
2024-06-19 20:31:31 - feat.py[line:269] - INFO: Histo exists, load...
2024-06-19 20:31:31 - feat.py[line:272] - INFO: load finished: job-light.movie_info_idx
2024-06-19 20:31:31 - feat.py[line:269] - INFO: Histo exists, load...
2024-06-19 20:31:31 - feat.py[line:272] - INFO: load finished: job-light.cast_info
2024-06-19 20:31:31 - feat.py[line:269] - INFO: Histo exists, load...
2024-06-19 20:31:31 - feat.py[line:272] - INFO: load finished: job-light.movie_keyword
2024-06-19 20:31:31 - feat.py[line:269] - INFO: Histo exists, load...
2024-06-19 20:31:31 - feat.py[line:272] - INFO: load finished: job-light.movie_companies
2024-06-19 20:31:31 - sample.py[line:193] - INFO: sample features exists, load...
2024-06-19 20:31:31 - sample.py[line:196] - INFO: load finished.
2024-06-19 20:31:31 - gen.py[line:132] - INFO: synthetic is being processed!
2024-06-19 20:31:58 - gen.py[line:145] - INFO: All batch ditributed!
2024-06-19 21:00:22 - main.py[line:93] - INFO: Generating dataset for multi-table job-light on synthetic
2024-06-19 21:00:22 - table.py[line:22] - INFO: Loading table title
2024-06-19 21:00:22 - table.py[line:98] - INFO: table exists, load...
2024-06-19 21:00:22 - table.py[line:101] - INFO: load finished: Table title : 2528311 rows, 115.74MB.
columns:['id', 'kind_id', 'production_year', 'episode_of_id', 'season_nr', 'episode_nr']
2024-06-19 21:00:22 - table.py[line:22] - INFO: Loading table movie_info
2024-06-19 21:00:22 - table.py[line:98] - INFO: table exists, load...
2024-06-19 21:00:23 - table.py[line:101] - INFO: load finished: Table movie_info : 14835719 rows, 339.56MB.
columns:['id', 'movie_id', 'info_type_id']
2024-06-19 21:00:23 - table.py[line:22] - INFO: Loading table movie_info_idx
2024-06-19 21:00:23 - table.py[line:98] - INFO: table exists, load...
2024-06-19 21:00:23 - table.py[line:101] - INFO: load finished: Table movie_info_idx : 1380034 rows, 31.59MB.
columns:['id', 'movie_id', 'info_type_id']
2024-06-19 21:00:23 - table.py[line:22] - INFO: Loading table cast_info
2024-06-19 21:00:23 - table.py[line:98] - INFO: table exists, load...
2024-06-19 21:00:24 - table.py[line:101] - INFO: load finished: Table cast_info : 36244343 rows, 1659.13MB.
columns:['id', 'person_id', 'movie_id', 'person_role_id', 'nr_order', 'role_id']
2024-06-19 21:00:24 - table.py[line:22] - INFO: Loading table movie_keyword
2024-06-19 21:00:24 - table.py[line:98] - INFO: table exists, load...
2024-06-19 21:00:24 - table.py[line:101] - INFO: load finished: Table movie_keyword : 4523929 rows, 103.54MB.
columns:['id', 'movie_id', 'keyword_id']
2024-06-19 21:00:24 - table.py[line:22] - INFO: Loading table movie_companies
2024-06-19 21:00:24 - table.py[line:98] - INFO: table exists, load...
2024-06-19 21:00:24 - table.py[line:101] - INFO: load finished: Table movie_companies : 2609128 rows, 79.62MB.
columns:['id', 'movie_id', 'company_id', 'company_type_id']
2024-06-19 21:00:24 - sample.py[line:176] - INFO: sample group exists, load...
2024-06-19 21:00:25 - sample.py[line:179] - INFO: load finished.
2024-06-19 21:01:21 - feat.py[line:269] - INFO: Histo exists, load...
2024-06-19 21:01:21 - feat.py[line:272] - INFO: load finished: job-light.title
2024-06-19 21:01:21 - feat.py[line:269] - INFO: Histo exists, load...
2024-06-19 21:01:21 - feat.py[line:272] - INFO: load finished: job-light.movie_info
2024-06-19 21:01:21 - feat.py[line:269] - INFO: Histo exists, load...
2024-06-19 21:01:21 - feat.py[line:272] - INFO: load finished: job-light.movie_info_idx
2024-06-19 21:01:21 - feat.py[line:269] - INFO: Histo exists, load...
2024-06-19 21:01:21 - feat.py[line:272] - INFO: load finished: job-light.cast_info
2024-06-19 21:01:21 - feat.py[line:269] - INFO: Histo exists, load...
2024-06-19 21:01:21 - feat.py[line:272] - INFO: load finished: job-light.movie_keyword
2024-06-19 21:01:21 - feat.py[line:269] - INFO: Histo exists, load...
2024-06-19 21:01:21 - feat.py[line:272] - INFO: load finished: job-light.movie_companies
2024-06-19 21:01:21 - sample.py[line:193] - INFO: sample features exists, load...
2024-06-19 21:01:21 - sample.py[line:196] - INFO: load finished.
2024-06-19 21:01:21 - gen.py[line:132] - INFO: synthetic is being processed!
2024-06-19 21:01:27 - gen.py[line:145] - INFO: All batch ditributed!
2024-06-19 21:08:22 - main.py[line:93] - INFO: Generating dataset for multi-table job-light on synthetic
2024-06-19 21:08:22 - table.py[line:22] - INFO: Loading table title
2024-06-19 21:08:22 - table.py[line:98] - INFO: table exists, load...
2024-06-19 21:08:22 - table.py[line:101] - INFO: load finished: Table title : 2528311 rows, 115.74MB.
columns:['id', 'kind_id', 'production_year', 'episode_of_id', 'season_nr', 'episode_nr']
2024-06-19 21:08:22 - table.py[line:22] - INFO: Loading table movie_info
2024-06-19 21:08:22 - table.py[line:98] - INFO: table exists, load...
2024-06-19 21:08:23 - table.py[line:101] - INFO: load finished: Table movie_info : 14835719 rows, 339.56MB.
columns:['id', 'movie_id', 'info_type_id']
2024-06-19 21:08:23 - table.py[line:22] - INFO: Loading table movie_info_idx
2024-06-19 21:08:23 - table.py[line:98] - INFO: table exists, load...
2024-06-19 21:08:23 - table.py[line:101] - INFO: load finished: Table movie_info_idx : 1380034 rows, 31.59MB.
columns:['id', 'movie_id', 'info_type_id']
2024-06-19 21:08:23 - table.py[line:22] - INFO: Loading table cast_info
2024-06-19 21:08:23 - table.py[line:98] - INFO: table exists, load...
2024-06-19 21:08:24 - table.py[line:101] - INFO: load finished: Table cast_info : 36244343 rows, 1659.13MB.
columns:['id', 'person_id', 'movie_id', 'person_role_id', 'nr_order', 'role_id']
2024-06-19 21:08:24 - table.py[line:22] - INFO: Loading table movie_keyword
2024-06-19 21:08:24 - table.py[line:98] - INFO: table exists, load...
2024-06-19 21:08:24 - table.py[line:101] - INFO: load finished: Table movie_keyword : 4523929 rows, 103.54MB.
columns:['id', 'movie_id', 'keyword_id']
2024-06-19 21:08:24 - table.py[line:22] - INFO: Loading table movie_companies
2024-06-19 21:08:24 - table.py[line:98] - INFO: table exists, load...
2024-06-19 21:08:24 - table.py[line:101] - INFO: load finished: Table movie_companies : 2609128 rows, 79.62MB.
columns:['id', 'movie_id', 'company_id', 'company_type_id']
2024-06-19 21:08:24 - sample.py[line:176] - INFO: sample group exists, load...
2024-06-19 21:08:25 - sample.py[line:179] - INFO: load finished.
2024-06-19 21:08:42 - feat.py[line:269] - INFO: Histo exists, load...
2024-06-19 21:08:42 - feat.py[line:272] - INFO: load finished: job-light.title
2024-06-19 21:08:42 - feat.py[line:269] - INFO: Histo exists, load...
2024-06-19 21:08:42 - feat.py[line:272] - INFO: load finished: job-light.movie_info
2024-06-19 21:08:42 - feat.py[line:269] - INFO: Histo exists, load...
2024-06-19 21:08:42 - feat.py[line:272] - INFO: load finished: job-light.movie_info_idx
2024-06-19 21:08:42 - feat.py[line:269] - INFO: Histo exists, load...
2024-06-19 21:08:42 - feat.py[line:272] - INFO: load finished: job-light.cast_info
2024-06-19 21:08:42 - feat.py[line:269] - INFO: Histo exists, load...
2024-06-19 21:08:42 - feat.py[line:272] - INFO: load finished: job-light.movie_keyword
2024-06-19 21:08:42 - feat.py[line:269] - INFO: Histo exists, load...
2024-06-19 21:08:42 - feat.py[line:272] - INFO: load finished: job-light.movie_companies
2024-06-19 21:08:42 - sample.py[line:193] - INFO: sample features exists, load...
2024-06-19 21:08:42 - sample.py[line:196] - INFO: load finished.
2024-06-19 21:08:42 - gen.py[line:132] - INFO: synthetic is being processed!
2024-06-19 21:08:52 - gen.py[line:145] - INFO: All batch ditributed!
2024-06-19 21:24:12 - gen.py[line:160] - INFO: Saving records
2024-06-19 21:24:18 - gen.py[line:175] - INFO: Generating Dataset Time Cost Summary as Follows:
2024-06-19 21:24:18 - gen.py[line:176] - INFO: Main Thread Total time 15.611031794548035 min.
2024-06-19 21:24:18 - gen.py[line:177] - INFO: Distribute Process time 0.17776545683542888 min. 1.1387168969671264% of total time.
2024-06-19 21:24:18 - gen.py[line:178] - INFO: Waiting Process time 15.320697844028473 min. 98.14020012039846% of total time.
2024-06-19 21:24:18 - gen.py[line:179] - INFO: Saving Records time 0.11251099904378255 min. 0.720714687693325% of total time.
2024-06-19 21:24:18 - gen.py[line:180] - INFO: Df time 0.024971489111582437 min. 22.194709249595256% of total time.
2024-06-19 21:24:18 - gen.py[line:181] - INFO: ToDisk time 0.08688202699025473 min. 77.22091860231856% of total time.
2024-06-19 21:24:18 - gen.py[line:187] - INFO: Calculating Time as Follows:
2024-06-19 21:24:18 - gen.py[line:188] - INFO: Total cal time 702.7366645336152 min. 4501.5388718831355% of total time.
2024-06-19 21:24:18 - gen.py[line:189] - INFO: Ground Turth time 175.17322746912637 min. 24.927293011726302% of total cal time.
2024-06-19 21:24:18 - gen.py[line:190] - INFO: Sample Group time 23.068630894025173 min. 3.2826849740841566% of total cal time.
2024-06-19 21:24:18 - gen.py[line:191] - INFO: Query Vector time 0.04731150865554808 min. 0.006732466234268178% of total cal time.
2024-06-19 21:24:18 - gen.py[line:192] - INFO: Packing time 504.44749466180815 min. 71.78328954795528% of total cal time.
2024-06-19 21:55:16 - main.py[line:103] - INFO: Training for multi-table job-light on train
2024-06-19 22:07:52 - main.py[line:93] - INFO: Generating dataset for multi-table job-light on job-light
2024-06-19 22:07:52 - table.py[line:22] - INFO: Loading table title
2024-06-19 22:07:52 - table.py[line:98] - INFO: table exists, load...
2024-06-19 22:07:52 - table.py[line:101] - INFO: load finished: Table title : 2528311 rows, 115.74MB.
columns:['id', 'kind_id', 'production_year', 'episode_of_id', 'season_nr', 'episode_nr']
2024-06-19 22:07:52 - table.py[line:22] - INFO: Loading table movie_info
2024-06-19 22:07:52 - table.py[line:98] - INFO: table exists, load...
2024-06-19 22:07:52 - table.py[line:101] - INFO: load finished: Table movie_info : 14835719 rows, 339.56MB.
columns:['id', 'movie_id', 'info_type_id']
2024-06-19 22:07:52 - table.py[line:22] - INFO: Loading table movie_info_idx
2024-06-19 22:07:52 - table.py[line:98] - INFO: table exists, load...
2024-06-19 22:07:52 - table.py[line:101] - INFO: load finished: Table movie_info_idx : 1380034 rows, 31.59MB.
columns:['id', 'movie_id', 'info_type_id']
2024-06-19 22:07:52 - table.py[line:22] - INFO: Loading table cast_info
2024-06-19 22:07:52 - table.py[line:98] - INFO: table exists, load...
2024-06-19 22:07:53 - table.py[line:101] - INFO: load finished: Table cast_info : 36244343 rows, 1659.13MB.
columns:['id', 'person_id', 'movie_id', 'person_role_id', 'nr_order', 'role_id']
2024-06-19 22:07:53 - table.py[line:22] - INFO: Loading table movie_keyword
2024-06-19 22:07:53 - table.py[line:98] - INFO: table exists, load...
2024-06-19 22:07:53 - table.py[line:101] - INFO: load finished: Table movie_keyword : 4523929 rows, 103.54MB.
columns:['id', 'movie_id', 'keyword_id']
2024-06-19 22:07:53 - table.py[line:22] - INFO: Loading table movie_companies
2024-06-19 22:07:53 - table.py[line:98] - INFO: table exists, load...
2024-06-19 22:07:53 - table.py[line:101] - INFO: load finished: Table movie_companies : 2609128 rows, 79.62MB.
columns:['id', 'movie_id', 'company_id', 'company_type_id']
2024-06-19 22:07:53 - sample.py[line:176] - INFO: sample group exists, load...
2024-06-19 22:07:55 - sample.py[line:179] - INFO: load finished.
2024-06-19 22:08:11 - feat.py[line:269] - INFO: Histo exists, load...
2024-06-19 22:08:11 - feat.py[line:272] - INFO: load finished: job-light.title
2024-06-19 22:08:11 - feat.py[line:269] - INFO: Histo exists, load...
2024-06-19 22:08:11 - feat.py[line:272] - INFO: load finished: job-light.movie_info
2024-06-19 22:08:11 - feat.py[line:269] - INFO: Histo exists, load...
2024-06-19 22:08:11 - feat.py[line:272] - INFO: load finished: job-light.movie_info_idx
2024-06-19 22:08:11 - feat.py[line:269] - INFO: Histo exists, load...
2024-06-19 22:08:11 - feat.py[line:272] - INFO: load finished: job-light.cast_info
2024-06-19 22:08:11 - feat.py[line:269] - INFO: Histo exists, load...
2024-06-19 22:08:11 - feat.py[line:272] - INFO: load finished: job-light.movie_keyword
2024-06-19 22:08:11 - feat.py[line:269] - INFO: Histo exists, load...
2024-06-19 22:08:11 - feat.py[line:272] - INFO: load finished: job-light.movie_companies
2024-06-19 22:08:11 - sample.py[line:193] - INFO: sample features exists, load...
2024-06-19 22:08:11 - sample.py[line:196] - INFO: load finished.
2024-06-19 22:08:11 - gen.py[line:132] - INFO: job-light is being processed!
2024-06-19 22:08:23 - gen.py[line:145] - INFO: All batch ditributed!
2024-06-19 22:09:07 - gen.py[line:160] - INFO: Saving records
2024-06-19 22:09:07 - gen.py[line:175] - INFO: Generating Dataset Time Cost Summary as Follows:
2024-06-19 22:09:07 - gen.py[line:176] - INFO: Main Thread Total time 0.9271069486935933 min.
2024-06-19 22:09:07 - gen.py[line:177] - INFO: Distribute Process time 0.19943384726842245 min. 21.511417593131952% of total time.
2024-06-19 22:09:07 - gen.py[line:178] - INFO: Waiting Process time 0.7253871162732443 min. 78.24201051404081% of total time.
2024-06-19 22:09:07 - gen.py[line:179] - INFO: Saving Records time 0.002232003211975098 min. 0.24074927009448718% of total time.
2024-06-19 22:09:07 - gen.py[line:180] - INFO: Df time 0.0007473587989807129 min. 33.48376897358386% of total time.
2024-06-19 22:09:07 - gen.py[line:181] - INFO: ToDisk time 0.0014467716217041015 min. 64.8194238225963% of total time.
2024-06-19 22:09:07 - gen.py[line:187] - INFO: Calculating Time as Follows:
2024-06-19 22:09:07 - gen.py[line:188] - INFO: Total cal time 7.9308884302775065 min. 855.4448266678504% of total time.
2024-06-19 22:09:07 - gen.py[line:189] - INFO: Ground Turth time 5.122210160891215 min. 64.58557834878009% of total cal time.
2024-06-19 22:09:07 - gen.py[line:190] - INFO: Sample Group time 0.59668980439504 min. 7.523618692164121% of total cal time.
2024-06-19 22:09:07 - gen.py[line:191] - INFO: Query Vector time 0.0010747909545898435 min. 0.013551961599745211% of total cal time.
2024-06-19 22:09:07 - gen.py[line:192] - INFO: Packing time 2.2109136740366617 min. 27.877250997456038% of total cal time.
2024-06-19 22:10:28 - main.py[line:103] - INFO: Training for multi-table job-light on train
2024-06-20 09:48:15 - main.py[line:153] - WARNING: Testing need schema, Please set them in constants!
2024-06-20 10:23:15 - main.py[line:93] - INFO: Generating dataset for multi-table job-light on scale
2024-06-20 10:23:15 - table.py[line:22] - INFO: Loading table title
2024-06-20 10:23:15 - table.py[line:98] - INFO: table exists, load...
2024-06-20 10:23:15 - table.py[line:101] - INFO: load finished: Table title : 2528311 rows, 115.74MB.
columns:['id', 'kind_id', 'production_year', 'episode_of_id', 'season_nr', 'episode_nr']
2024-06-20 10:23:15 - table.py[line:22] - INFO: Loading table movie_info
2024-06-20 10:23:15 - table.py[line:98] - INFO: table exists, load...
2024-06-20 10:23:15 - table.py[line:101] - INFO: load finished: Table movie_info : 14835719 rows, 339.56MB.
columns:['id', 'movie_id', 'info_type_id']
2024-06-20 10:23:15 - table.py[line:22] - INFO: Loading table movie_info_idx
2024-06-20 10:23:15 - table.py[line:98] - INFO: table exists, load...
2024-06-20 10:23:16 - table.py[line:101] - INFO: load finished: Table movie_info_idx : 1380034 rows, 31.59MB.
columns:['id', 'movie_id', 'info_type_id']
2024-06-20 10:23:16 - table.py[line:22] - INFO: Loading table cast_info
2024-06-20 10:23:16 - table.py[line:98] - INFO: table exists, load...
2024-06-20 10:23:16 - table.py[line:101] - INFO: load finished: Table cast_info : 36244343 rows, 1659.13MB.
columns:['id', 'person_id', 'movie_id', 'person_role_id', 'nr_order', 'role_id']
2024-06-20 10:23:16 - table.py[line:22] - INFO: Loading table movie_keyword
2024-06-20 10:23:16 - table.py[line:98] - INFO: table exists, load...
2024-06-20 10:23:17 - table.py[line:101] - INFO: load finished: Table movie_keyword : 4523929 rows, 103.54MB.
columns:['id', 'movie_id', 'keyword_id']
2024-06-20 10:23:17 - table.py[line:22] - INFO: Loading table movie_companies
2024-06-20 10:23:17 - table.py[line:98] - INFO: table exists, load...
2024-06-20 10:23:17 - table.py[line:101] - INFO: load finished: Table movie_companies : 2609128 rows, 79.62MB.
columns:['id', 'movie_id', 'company_id', 'company_type_id']
2024-06-20 10:23:17 - sample.py[line:176] - INFO: sample group exists, load...
2024-06-20 10:23:18 - sample.py[line:179] - INFO: load finished.
2024-06-20 10:23:35 - feat.py[line:269] - INFO: Histo exists, load...
2024-06-20 10:23:35 - feat.py[line:272] - INFO: load finished: job-light.title
2024-06-20 10:23:35 - feat.py[line:269] - INFO: Histo exists, load...
2024-06-20 10:23:35 - feat.py[line:272] - INFO: load finished: job-light.movie_info
2024-06-20 10:23:35 - feat.py[line:269] - INFO: Histo exists, load...
2024-06-20 10:23:35 - feat.py[line:272] - INFO: load finished: job-light.movie_info_idx
2024-06-20 10:23:35 - feat.py[line:269] - INFO: Histo exists, load...
2024-06-20 10:23:35 - feat.py[line:272] - INFO: load finished: job-light.cast_info
2024-06-20 10:23:35 - feat.py[line:269] - INFO: Histo exists, load...
2024-06-20 10:23:35 - feat.py[line:272] - INFO: load finished: job-light.movie_keyword
2024-06-20 10:23:35 - feat.py[line:269] - INFO: Histo exists, load...
2024-06-20 10:23:35 - feat.py[line:272] - INFO: load finished: job-light.movie_companies
2024-06-20 10:23:35 - sample.py[line:193] - INFO: sample features exists, load...
2024-06-20 10:23:35 - sample.py[line:196] - INFO: load finished.
2024-06-20 10:23:35 - gen.py[line:134] - INFO: scale is being processed!
2024-06-20 10:24:00 - gen.py[line:147] - INFO: All batch ditributed!
2024-06-20 10:27:51 - gen.py[line:162] - INFO: Saving records
2024-06-20 10:27:51 - gen.py[line:177] - INFO: Generating Dataset Time Cost Summary as Follows:
2024-06-20 10:27:51 - gen.py[line:178] - INFO: Main Thread Total time 4.282118161519368 min.
2024-06-20 10:27:51 - gen.py[line:179] - INFO: Distribute Process time 0.41699334780375164 min. 9.738015908832262% of total time.
2024-06-20 10:27:51 - gen.py[line:180] - INFO: Waiting Process time 3.851951452096303 min. 89.95434751687388% of total time.
2024-06-20 10:27:51 - gen.py[line:181] - INFO: Saving Records time 0.013022061189015706 min. 0.3041032661367583% of total time.
2024-06-20 10:27:51 - gen.py[line:182] - INFO: Df time 0.0029714465141296386 min. 22.818557454146323% of total time.
2024-06-20 10:27:51 - gen.py[line:183] - INFO: ToDisk time 0.009393831094106039 min. 72.13782025559723% of total time.
2024-06-20 10:27:51 - gen.py[line:189] - INFO: Calculating Time as Follows:
2024-06-20 10:27:51 - gen.py[line:190] - INFO: Total cal time 82.66506005128224 min. 1930.4712512172077% of total time.
2024-06-20 10:27:51 - gen.py[line:191] - INFO: Ground Turth time 50.51094426314036 min. 61.1031362365252% of total cal time.
2024-06-20 10:27:51 - gen.py[line:192] - INFO: Sample Group time 7.365515152613321 min. 8.910070528036922% of total cal time.
2024-06-20 10:27:51 - gen.py[line:193] - INFO: Query Vector time 0.01115351915359497 min. 0.013492422489835192% of total cal time.
2024-06-20 10:27:51 - gen.py[line:194] - INFO: Packing time 24.77744711637497 min. 29.973300812948047% of total cal time.
2024-06-20 10:29:49 - main.py[line:93] - INFO: Generating dataset for multi-table job-light on scale
2024-06-20 10:29:49 - table.py[line:22] - INFO: Loading table title
2024-06-20 10:29:49 - table.py[line:98] - INFO: table exists, load...
2024-06-20 10:29:50 - table.py[line:101] - INFO: load finished: Table title : 2528311 rows, 115.74MB.
columns:['id', 'kind_id', 'production_year', 'episode_of_id', 'season_nr', 'episode_nr']
2024-06-20 10:29:50 - table.py[line:22] - INFO: Loading table movie_info
2024-06-20 10:29:50 - table.py[line:98] - INFO: table exists, load...
2024-06-20 10:29:50 - table.py[line:101] - INFO: load finished: Table movie_info : 14835719 rows, 339.56MB.
columns:['id', 'movie_id', 'info_type_id']
2024-06-20 10:29:50 - table.py[line:22] - INFO: Loading table movie_info_idx
2024-06-20 10:29:50 - table.py[line:98] - INFO: table exists, load...
2024-06-20 10:29:50 - table.py[line:101] - INFO: load finished: Table movie_info_idx : 1380034 rows, 31.59MB.
columns:['id', 'movie_id', 'info_type_id']
2024-06-20 10:29:50 - table.py[line:22] - INFO: Loading table cast_info
2024-06-20 10:29:50 - table.py[line:98] - INFO: table exists, load...
2024-06-20 10:29:51 - table.py[line:101] - INFO: load finished: Table cast_info : 36244343 rows, 1659.13MB.
columns:['id', 'person_id', 'movie_id', 'person_role_id', 'nr_order', 'role_id']
2024-06-20 10:29:51 - table.py[line:22] - INFO: Loading table movie_keyword
2024-06-20 10:29:51 - table.py[line:98] - INFO: table exists, load...
2024-06-20 10:29:51 - table.py[line:101] - INFO: load finished: Table movie_keyword : 4523929 rows, 103.54MB.
columns:['id', 'movie_id', 'keyword_id']
2024-06-20 10:29:51 - table.py[line:22] - INFO: Loading table movie_companies
2024-06-20 10:29:51 - table.py[line:98] - INFO: table exists, load...
2024-06-20 10:29:51 - table.py[line:101] - INFO: load finished: Table movie_companies : 2609128 rows, 79.62MB.
columns:['id', 'movie_id', 'company_id', 'company_type_id']
2024-06-20 10:29:51 - sample.py[line:176] - INFO: sample group exists, load...
2024-06-20 10:29:52 - sample.py[line:179] - INFO: load finished.
2024-06-20 10:30:09 - feat.py[line:269] - INFO: Histo exists, load...
2024-06-20 10:30:09 - feat.py[line:272] - INFO: load finished: job-light.title
2024-06-20 10:30:09 - feat.py[line:269] - INFO: Histo exists, load...
2024-06-20 10:30:09 - feat.py[line:272] - INFO: load finished: job-light.movie_info
2024-06-20 10:30:09 - feat.py[line:269] - INFO: Histo exists, load...
2024-06-20 10:30:09 - feat.py[line:272] - INFO: load finished: job-light.movie_info_idx
2024-06-20 10:30:09 - feat.py[line:269] - INFO: Histo exists, load...
2024-06-20 10:30:09 - feat.py[line:272] - INFO: load finished: job-light.cast_info
2024-06-20 10:30:09 - feat.py[line:269] - INFO: Histo exists, load...
2024-06-20 10:30:09 - feat.py[line:272] - INFO: load finished: job-light.movie_keyword
2024-06-20 10:30:09 - feat.py[line:269] - INFO: Histo exists, load...
2024-06-20 10:30:09 - feat.py[line:272] - INFO: load finished: job-light.movie_companies
2024-06-20 10:30:09 - sample.py[line:193] - INFO: sample features exists, load...
2024-06-20 10:30:09 - sample.py[line:196] - INFO: load finished.
2024-06-20 10:30:09 - gen.py[line:132] - INFO: scale is being processed!
2024-06-20 10:30:29 - gen.py[line:145] - INFO: All batch ditributed!
2024-06-20 10:34:35 - gen.py[line:160] - INFO: Saving records
2024-06-20 10:34:35 - gen.py[line:175] - INFO: Generating Dataset Time Cost Summary as Follows:
2024-06-20 10:34:35 - gen.py[line:176] - INFO: Main Thread Total time 4.439368263880412 min.
2024-06-20 10:34:35 - gen.py[line:177] - INFO: Distribute Process time 0.32788368860880535 min. 7.3858186372266665% of total time.
2024-06-20 10:34:35 - gen.py[line:178] - INFO: Waiting Process time 4.099469769001007 min. 92.34353911017278% of total time.
2024-06-20 10:34:35 - gen.py[line:179] - INFO: Saving Records time 0.011920543511708577 min. 0.26851891537578676% of total time.
2024-06-20 10:34:35 - gen.py[line:180] - INFO: Df time 0.0032440702120463054 min. 27.21411325632862% of total time.
2024-06-20 10:34:35 - gen.py[line:181] - INFO: ToDisk time 0.008598713080088298 min. 72.13356565195609% of total time.
2024-06-20 10:34:35 - gen.py[line:187] - INFO: Calculating Time as Follows:
2024-06-20 10:34:35 - gen.py[line:188] - INFO: Total cal time 90.29134874741237 min. 2033.8783218783817% of total time.
2024-06-20 10:34:35 - gen.py[line:189] - INFO: Ground Turth time 57.244716091950735 min. 63.40000109212156% of total cal time.
2024-06-20 10:34:35 - gen.py[line:190] - INFO: Sample Group time 7.278948291142781 min. 8.061623170017587% of total cal time.
2024-06-20 10:34:35 - gen.py[line:191] - INFO: Query Vector time 0.01163998047510783 min. 0.012891578912693356% of total cal time.
2024-06-20 10:34:35 - gen.py[line:192] - INFO: Packing time 25.75604438384374 min. 28.525484158948146% of total cal time.
2024-06-20 10:37:02 - main.py[line:93] - INFO: Generating dataset for multi-table job-light on scale
2024-06-20 10:37:02 - table.py[line:22] - INFO: Loading table title
2024-06-20 10:37:02 - table.py[line:98] - INFO: table exists, load...
2024-06-20 10:37:02 - table.py[line:101] - INFO: load finished: Table title : 2528311 rows, 115.74MB.
columns:['id', 'kind_id', 'production_year', 'episode_of_id', 'season_nr', 'episode_nr']
2024-06-20 10:37:02 - table.py[line:22] - INFO: Loading table movie_info
2024-06-20 10:37:02 - table.py[line:98] - INFO: table exists, load...
2024-06-20 10:37:03 - table.py[line:101] - INFO: load finished: Table movie_info : 14835719 rows, 339.56MB.
columns:['id', 'movie_id', 'info_type_id']
2024-06-20 10:37:03 - table.py[line:22] - INFO: Loading table movie_info_idx
2024-06-20 10:37:03 - table.py[line:98] - INFO: table exists, load...
2024-06-20 10:37:03 - table.py[line:101] - INFO: load finished: Table movie_info_idx : 1380034 rows, 31.59MB.
columns:['id', 'movie_id', 'info_type_id']
2024-06-20 10:37:03 - table.py[line:22] - INFO: Loading table cast_info
2024-06-20 10:37:03 - table.py[line:98] - INFO: table exists, load...
2024-06-20 10:37:04 - table.py[line:101] - INFO: load finished: Table cast_info : 36244343 rows, 1659.13MB.
columns:['id', 'person_id', 'movie_id', 'person_role_id', 'nr_order', 'role_id']
2024-06-20 10:37:04 - table.py[line:22] - INFO: Loading table movie_keyword
2024-06-20 10:37:04 - table.py[line:98] - INFO: table exists, load...
2024-06-20 10:37:04 - table.py[line:101] - INFO: load finished: Table movie_keyword : 4523929 rows, 103.54MB.
columns:['id', 'movie_id', 'keyword_id']
2024-06-20 10:37:04 - table.py[line:22] - INFO: Loading table movie_companies
2024-06-20 10:37:04 - table.py[line:98] - INFO: table exists, load...
2024-06-20 10:37:04 - table.py[line:101] - INFO: load finished: Table movie_companies : 2609128 rows, 79.62MB.
columns:['id', 'movie_id', 'company_id', 'company_type_id']
2024-06-20 10:37:04 - sample.py[line:176] - INFO: sample group exists, load...
2024-06-20 10:37:05 - sample.py[line:179] - INFO: load finished.
2024-06-20 10:37:21 - feat.py[line:269] - INFO: Histo exists, load...
2024-06-20 10:37:21 - feat.py[line:272] - INFO: load finished: job-light.title
2024-06-20 10:37:21 - feat.py[line:269] - INFO: Histo exists, load...
2024-06-20 10:37:21 - feat.py[line:272] - INFO: load finished: job-light.movie_info
2024-06-20 10:37:21 - feat.py[line:269] - INFO: Histo exists, load...
2024-06-20 10:37:21 - feat.py[line:272] - INFO: load finished: job-light.movie_info_idx
2024-06-20 10:37:21 - feat.py[line:269] - INFO: Histo exists, load...
2024-06-20 10:37:21 - feat.py[line:272] - INFO: load finished: job-light.cast_info
2024-06-20 10:37:21 - feat.py[line:269] - INFO: Histo exists, load...
2024-06-20 10:37:21 - feat.py[line:272] - INFO: load finished: job-light.movie_keyword
2024-06-20 10:37:21 - feat.py[line:269] - INFO: Histo exists, load...
2024-06-20 10:37:21 - feat.py[line:272] - INFO: load finished: job-light.movie_companies
2024-06-20 10:37:21 - sample.py[line:193] - INFO: sample features exists, load...
2024-06-20 10:37:21 - sample.py[line:196] - INFO: load finished.
2024-06-20 10:37:21 - gen.py[line:132] - INFO: scale is being processed!
2024-06-20 10:37:46 - gen.py[line:145] - INFO: All batch ditributed!
2024-06-20 10:41:51 - gen.py[line:160] - INFO: Saving records
2024-06-20 10:41:52 - gen.py[line:175] - INFO: Generating Dataset Time Cost Summary as Follows:
2024-06-20 10:41:52 - gen.py[line:176] - INFO: Main Thread Total time 4.506322693824768 min.
2024-06-20 10:41:52 - gen.py[line:177] - INFO: Distribute Process time 0.4029826283454895 min. 8.94260477390392% of total time.
2024-06-20 10:41:52 - gen.py[line:178] - INFO: Waiting Process time 4.088428338368733 min. 90.72648845080057% of total time.
2024-06-20 10:41:52 - gen.py[line:179] - INFO: Saving Records time 0.014641861120859781 min. 0.3249181675543172% of total time.
2024-06-20 10:41:52 - gen.py[line:180] - INFO: Df time 0.0030083497365315753 min. 20.54622504406682% of total time.
2024-06-20 10:41:52 - gen.py[line:181] - INFO: ToDisk time 0.01155547300974528 min. 78.92079370485611% of total time.
2024-06-20 10:41:52 - gen.py[line:187] - INFO: Calculating Time as Follows:
2024-06-20 10:41:52 - gen.py[line:188] - INFO: Total cal time 89.24699290196104 min. 1980.4838438281508% of total time.
2024-06-20 10:41:52 - gen.py[line:189] - INFO: Ground Turth time 56.321893493334464 min. 63.10788931029282% of total cal time.
2024-06-20 10:41:52 - gen.py[line:190] - INFO: Sample Group time 7.863178280989331 min. 8.810580642898671% of total cal time.
2024-06-20 10:41:52 - gen.py[line:191] - INFO: Query Vector time 0.010970664024353028 min. 0.012292474701533577% of total cal time.
2024-06-20 10:41:52 - gen.py[line:192] - INFO: Packing time 25.050950463612875 min. 28.069237572106953% of total cal time.
2024-06-20 10:43:27 - main.py[line:93] - INFO: Generating dataset for multi-table job-light on scale
2024-06-20 10:43:27 - table.py[line:22] - INFO: Loading table title
2024-06-20 10:43:27 - table.py[line:98] - INFO: table exists, load...
2024-06-20 10:43:27 - table.py[line:101] - INFO: load finished: Table title : 2528311 rows, 115.74MB.
columns:['id', 'kind_id', 'production_year', 'episode_of_id', 'season_nr', 'episode_nr']
2024-06-20 10:43:27 - table.py[line:22] - INFO: Loading table movie_info
2024-06-20 10:43:27 - table.py[line:98] - INFO: table exists, load...
2024-06-20 10:43:27 - table.py[line:101] - INFO: load finished: Table movie_info : 14835719 rows, 339.56MB.
columns:['id', 'movie_id', 'info_type_id']
2024-06-20 10:43:27 - table.py[line:22] - INFO: Loading table movie_info_idx
2024-06-20 10:43:27 - table.py[line:98] - INFO: table exists, load...
2024-06-20 10:43:27 - table.py[line:101] - INFO: load finished: Table movie_info_idx : 1380034 rows, 31.59MB.
columns:['id', 'movie_id', 'info_type_id']
2024-06-20 10:43:27 - table.py[line:22] - INFO: Loading table cast_info
2024-06-20 10:43:27 - table.py[line:98] - INFO: table exists, load...
2024-06-20 10:43:28 - table.py[line:101] - INFO: load finished: Table cast_info : 36244343 rows, 1659.13MB.
columns:['id', 'person_id', 'movie_id', 'person_role_id', 'nr_order', 'role_id']
2024-06-20 10:43:28 - table.py[line:22] - INFO: Loading table movie_keyword
2024-06-20 10:43:28 - table.py[line:98] - INFO: table exists, load...
2024-06-20 10:43:29 - table.py[line:101] - INFO: load finished: Table movie_keyword : 4523929 rows, 103.54MB.
columns:['id', 'movie_id', 'keyword_id']
2024-06-20 10:43:29 - table.py[line:22] - INFO: Loading table movie_companies
2024-06-20 10:43:29 - table.py[line:98] - INFO: table exists, load...
2024-06-20 10:43:29 - table.py[line:101] - INFO: load finished: Table movie_companies : 2609128 rows, 79.62MB.
columns:['id', 'movie_id', 'company_id', 'company_type_id']
2024-06-20 10:43:29 - sample.py[line:176] - INFO: sample group exists, load...
2024-06-20 10:43:30 - sample.py[line:179] - INFO: load finished.
2024-06-20 10:43:46 - feat.py[line:269] - INFO: Histo exists, load...
2024-06-20 10:43:46 - feat.py[line:272] - INFO: load finished: job-light.title
2024-06-20 10:43:46 - feat.py[line:269] - INFO: Histo exists, load...
2024-06-20 10:43:46 - feat.py[line:272] - INFO: load finished: job-light.movie_info
2024-06-20 10:43:46 - feat.py[line:269] - INFO: Histo exists, load...
2024-06-20 10:43:46 - feat.py[line:272] - INFO: load finished: job-light.movie_info_idx
2024-06-20 10:43:46 - feat.py[line:269] - INFO: Histo exists, load...
2024-06-20 10:43:46 - feat.py[line:272] - INFO: load finished: job-light.cast_info
2024-06-20 10:43:46 - feat.py[line:269] - INFO: Histo exists, load...
2024-06-20 10:43:46 - feat.py[line:272] - INFO: load finished: job-light.movie_keyword
2024-06-20 10:43:46 - feat.py[line:269] - INFO: Histo exists, load...
2024-06-20 10:43:46 - feat.py[line:272] - INFO: load finished: job-light.movie_companies
2024-06-20 10:43:46 - sample.py[line:193] - INFO: sample features exists, load...
2024-06-20 10:43:46 - sample.py[line:196] - INFO: load finished.
2024-06-20 10:43:46 - gen.py[line:132] - INFO: scale is being processed!
2024-06-20 10:44:10 - gen.py[line:145] - INFO: All batch ditributed!
2024-06-20 10:48:01 - gen.py[line:160] - INFO: Saving records
2024-06-20 10:48:02 - gen.py[line:175] - INFO: Generating Dataset Time Cost Summary as Follows:
2024-06-20 10:48:02 - gen.py[line:176] - INFO: Main Thread Total time 4.263172952334086 min.
2024-06-20 10:48:02 - gen.py[line:177] - INFO: Distribute Process time 0.39128243128458656 min. 9.178197451979036% of total time.
2024-06-20 10:48:02 - gen.py[line:178] - INFO: Waiting Process time 3.8599600275357564 min. 90.54195245403847% of total time.
2024-06-20 10:48:02 - gen.py[line:179] - INFO: Saving Records time 0.011781466007232667 min. 0.2763543993865488% of total time.
2024-06-20 10:48:02 - gen.py[line:180] - INFO: Df time 0.002948951721191406 min. 25.030431012414233% of total time.
2024-06-20 10:48:02 - gen.py[line:181] - INFO: ToDisk time 0.008747581640879314 min. 74.24866850618722% of total time.
2024-06-20 10:48:02 - gen.py[line:187] - INFO: Calculating Time as Follows:
2024-06-20 10:48:02 - gen.py[line:188] - INFO: Total cal time 85.19775769313176 min. 1998.4588625822937% of total time.
2024-06-20 10:48:02 - gen.py[line:189] - INFO: Ground Turth time 53.598837550481164 min. 62.91108944854549% of total cal time.
2024-06-20 10:48:02 - gen.py[line:190] - INFO: Sample Group time 7.105743745962778 min. 8.3402943203699% of total cal time.
2024-06-20 10:48:02 - gen.py[line:191] - INFO: Query Vector time 0.010043517748514813 min. 0.011788476622459833% of total cal time.
2024-06-20 10:48:02 - gen.py[line:192] - INFO: Packing time 24.48313287893931 min. 28.73682775446216% of total cal time.
2024-06-20 10:58:40 - main.py[line:93] - INFO: Generating dataset for multi-table job-light on scale
2024-06-20 10:58:40 - table.py[line:22] - INFO: Loading table title
2024-06-20 10:58:40 - table.py[line:98] - INFO: table exists, load...
2024-06-20 10:58:40 - table.py[line:101] - INFO: load finished: Table title : 2528311 rows, 115.74MB.
columns:['id', 'kind_id', 'production_year', 'episode_of_id', 'season_nr', 'episode_nr']
2024-06-20 10:58:40 - table.py[line:22] - INFO: Loading table movie_info
2024-06-20 10:58:40 - table.py[line:98] - INFO: table exists, load...
2024-06-20 10:58:40 - table.py[line:101] - INFO: load finished: Table movie_info : 14835719 rows, 339.56MB.
columns:['id', 'movie_id', 'info_type_id']
2024-06-20 10:58:40 - table.py[line:22] - INFO: Loading table movie_info_idx
2024-06-20 10:58:40 - table.py[line:98] - INFO: table exists, load...
2024-06-20 10:58:41 - table.py[line:101] - INFO: load finished: Table movie_info_idx : 1380034 rows, 31.59MB.
columns:['id', 'movie_id', 'info_type_id']
2024-06-20 10:58:41 - table.py[line:22] - INFO: Loading table cast_info
2024-06-20 10:58:41 - table.py[line:98] - INFO: table exists, load...
2024-06-20 10:58:41 - table.py[line:101] - INFO: load finished: Table cast_info : 36244343 rows, 1659.13MB.
columns:['id', 'person_id', 'movie_id', 'person_role_id', 'nr_order', 'role_id']
2024-06-20 10:58:41 - table.py[line:22] - INFO: Loading table movie_keyword
2024-06-20 10:58:41 - table.py[line:98] - INFO: table exists, load...
2024-06-20 10:58:41 - table.py[line:101] - INFO: load finished: Table movie_keyword : 4523929 rows, 103.54MB.
columns:['id', 'movie_id', 'keyword_id']
2024-06-20 10:58:41 - table.py[line:22] - INFO: Loading table movie_companies
2024-06-20 10:58:41 - table.py[line:98] - INFO: table exists, load...
2024-06-20 10:58:42 - table.py[line:101] - INFO: load finished: Table movie_companies : 2609128 rows, 79.62MB.
columns:['id', 'movie_id', 'company_id', 'company_type_id']
2024-06-20 10:58:42 - sample.py[line:176] - INFO: sample group exists, load...
2024-06-20 10:58:43 - sample.py[line:179] - INFO: load finished.
2024-06-20 10:58:59 - feat.py[line:269] - INFO: Histo exists, load...
2024-06-20 10:58:59 - feat.py[line:272] - INFO: load finished: job-light.title
2024-06-20 10:58:59 - feat.py[line:269] - INFO: Histo exists, load...
2024-06-20 10:58:59 - feat.py[line:272] - INFO: load finished: job-light.movie_info
2024-06-20 10:58:59 - feat.py[line:269] - INFO: Histo exists, load...
2024-06-20 10:58:59 - feat.py[line:272] - INFO: load finished: job-light.movie_info_idx
2024-06-20 10:58:59 - feat.py[line:269] - INFO: Histo exists, load...
2024-06-20 10:58:59 - feat.py[line:272] - INFO: load finished: job-light.cast_info
2024-06-20 10:58:59 - feat.py[line:269] - INFO: Histo exists, load...
2024-06-20 10:58:59 - feat.py[line:272] - INFO: load finished: job-light.movie_keyword
2024-06-20 10:58:59 - feat.py[line:269] - INFO: Histo exists, load...
2024-06-20 10:58:59 - feat.py[line:272] - INFO: load finished: job-light.movie_companies
2024-06-20 10:58:59 - sample.py[line:193] - INFO: sample features exists, load...
2024-06-20 10:58:59 - sample.py[line:196] - INFO: load finished.
2024-06-20 10:58:59 - gen.py[line:132] - INFO: scale is being processed!
2024-06-20 10:59:23 - gen.py[line:145] - INFO: All batch ditributed!
2024-06-20 11:03:23 - gen.py[line:160] - INFO: Saving records
2024-06-20 11:03:24 - gen.py[line:175] - INFO: Generating Dataset Time Cost Summary as Follows:
2024-06-20 11:03:24 - gen.py[line:176] - INFO: Main Thread Total time 4.4174118638038635 min.
2024-06-20 11:03:24 - gen.py[line:177] - INFO: Distribute Process time 0.4013400157292684 min. 9.085410826593646% of total time.
2024-06-20 11:03:24 - gen.py[line:178] - INFO: Waiting Process time 4.0043288747469585 min. 90.64875538453423% of total time.
2024-06-20 11:03:24 - gen.py[line:179] - INFO: Saving Records time 0.011667342980702718 min. 0.26412169253006645% of total time.
2024-06-20 11:03:24 - gen.py[line:180] - INFO: Df time 0.0029139240582784017 min. 24.97504413042375% of total time.
2024-06-20 11:03:24 - gen.py[line:181] - INFO: ToDisk time 0.008672869205474854 min. 74.33456974582306% of total time.
2024-06-20 11:03:24 - gen.py[line:187] - INFO: Calculating Time as Follows:
2024-06-20 11:03:24 - gen.py[line:188] - INFO: Total cal time 87.71789193948112 min. 1985.7304377307178% of total time.
2024-06-20 11:03:24 - gen.py[line:189] - INFO: Ground Turth time 53.827058549722054 min. 61.3638305248589% of total cal time.
2024-06-20 11:03:24 - gen.py[line:190] - INFO: Sample Group time 7.713118135929107 min. 8.793095644900575% of total cal time.
2024-06-20 11:03:24 - gen.py[line:191] - INFO: Query Vector time 0.01244707902272542 min. 0.014189897576782838% of total cal time.
2024-06-20 11:03:24 - gen.py[line:192] - INFO: Packing time 26.16526817480723 min. 29.828883932663746% of total cal time.
2024-06-20 11:04:57 - main.py[line:93] - INFO: Generating dataset for multi-table job-light on scale
2024-06-20 11:04:57 - table.py[line:22] - INFO: Loading table title
2024-06-20 11:04:57 - table.py[line:98] - INFO: table exists, load...
2024-06-20 11:04:57 - table.py[line:101] - INFO: load finished: Table title : 2528311 rows, 115.74MB.
columns:['id', 'kind_id', 'production_year', 'episode_of_id', 'season_nr', 'episode_nr']
2024-06-20 11:04:57 - table.py[line:22] - INFO: Loading table movie_info
2024-06-20 11:04:57 - table.py[line:98] - INFO: table exists, load...
2024-06-20 11:04:58 - table.py[line:101] - INFO: load finished: Table movie_info : 14835719 rows, 339.56MB.
columns:['id', 'movie_id', 'info_type_id']
2024-06-20 11:04:58 - table.py[line:22] - INFO: Loading table movie_info_idx
2024-06-20 11:04:58 - table.py[line:98] - INFO: table exists, load...
2024-06-20 11:04:58 - table.py[line:101] - INFO: load finished: Table movie_info_idx : 1380034 rows, 31.59MB.
columns:['id', 'movie_id', 'info_type_id']
2024-06-20 11:04:58 - table.py[line:22] - INFO: Loading table cast_info
2024-06-20 11:04:58 - table.py[line:98] - INFO: table exists, load...
2024-06-20 11:04:59 - table.py[line:101] - INFO: load finished: Table cast_info : 36244343 rows, 1659.13MB.
columns:['id', 'person_id', 'movie_id', 'person_role_id', 'nr_order', 'role_id']
2024-06-20 11:04:59 - table.py[line:22] - INFO: Loading table movie_keyword
2024-06-20 11:04:59 - table.py[line:98] - INFO: table exists, load...
2024-06-20 11:04:59 - table.py[line:101] - INFO: load finished: Table movie_keyword : 4523929 rows, 103.54MB.
columns:['id', 'movie_id', 'keyword_id']
2024-06-20 11:04:59 - table.py[line:22] - INFO: Loading table movie_companies
2024-06-20 11:04:59 - table.py[line:98] - INFO: table exists, load...
2024-06-20 11:04:59 - table.py[line:101] - INFO: load finished: Table movie_companies : 2609128 rows, 79.62MB.
columns:['id', 'movie_id', 'company_id', 'company_type_id']
2024-06-20 11:04:59 - sample.py[line:176] - INFO: sample group exists, load...
2024-06-20 11:05:00 - sample.py[line:179] - INFO: load finished.
2024-06-20 11:05:17 - feat.py[line:269] - INFO: Histo exists, load...
2024-06-20 11:05:17 - feat.py[line:272] - INFO: load finished: job-light.title
2024-06-20 11:05:17 - feat.py[line:269] - INFO: Histo exists, load...
2024-06-20 11:05:17 - feat.py[line:272] - INFO: load finished: job-light.movie_info
2024-06-20 11:05:17 - feat.py[line:269] - INFO: Histo exists, load...
2024-06-20 11:05:17 - feat.py[line:272] - INFO: load finished: job-light.movie_info_idx
2024-06-20 11:05:17 - feat.py[line:269] - INFO: Histo exists, load...
2024-06-20 11:05:17 - feat.py[line:272] - INFO: load finished: job-light.cast_info
2024-06-20 11:05:17 - feat.py[line:269] - INFO: Histo exists, load...
2024-06-20 11:05:17 - feat.py[line:272] - INFO: load finished: job-light.movie_keyword
2024-06-20 11:05:17 - feat.py[line:269] - INFO: Histo exists, load...
2024-06-20 11:05:17 - feat.py[line:272] - INFO: load finished: job-light.movie_companies
2024-06-20 11:05:17 - sample.py[line:193] - INFO: sample features exists, load...
2024-06-20 11:05:17 - sample.py[line:196] - INFO: load finished.
2024-06-20 11:05:17 - gen.py[line:132] - INFO: scale is being processed!
2024-06-20 11:05:41 - gen.py[line:145] - INFO: All batch ditributed!
2024-06-20 11:09:30 - gen.py[line:160] - INFO: Saving records
2024-06-20 11:09:31 - gen.py[line:175] - INFO: Generating Dataset Time Cost Summary as Follows:
2024-06-20 11:09:31 - gen.py[line:176] - INFO: Main Thread Total time 4.237290632724762 min.
2024-06-20 11:09:31 - gen.py[line:177] - INFO: Distribute Process time 0.3970738689104716 min. 9.370937783777551% of total time.
2024-06-20 11:09:31 - gen.py[line:178] - INFO: Waiting Process time 3.8282578150431315 min. 90.34683119154833% of total time.
2024-06-20 11:09:31 - gen.py[line:179] - INFO: Saving Records time 0.011906921863555908 min. 0.28100319037826393% of total time.
2024-06-20 11:09:31 - gen.py[line:180] - INFO: Df time 0.002914106845855713 min. 24.47405701699497% of total time.
2024-06-20 11:09:31 - gen.py[line:181] - INFO: ToDisk time 0.00890034834543864 min. 74.74936383584046% of total time.
2024-06-20 11:09:31 - gen.py[line:187] - INFO: Calculating Time as Follows:
2024-06-20 11:09:31 - gen.py[line:188] - INFO: Total cal time 76.1084102153778 min. 1796.1574225659565% of total time.
2024-06-20 11:09:31 - gen.py[line:189] - INFO: Ground Turth time 45.492973232269286 min. 59.77391079846439% of total cal time.
2024-06-20 11:09:31 - gen.py[line:190] - INFO: Sample Group time 6.804086200396219 min. 8.939992546344694% of total cal time.
2024-06-20 11:09:31 - gen.py[line:191] - INFO: Query Vector time 0.00950863758722941 min. 0.012493543828232765% of total cal time.
2024-06-20 11:09:31 - gen.py[line:192] - INFO: Packing time 23.80184214512507 min. 31.27360311136269% of total cal time.
2024-06-20 11:10:21 - main.py[line:93] - INFO: Generating dataset for multi-table job-light on scale
2024-06-20 11:10:21 - table.py[line:22] - INFO: Loading table title
2024-06-20 11:10:21 - table.py[line:98] - INFO: table exists, load...
2024-06-20 11:10:21 - table.py[line:101] - INFO: load finished: Table title : 2528311 rows, 115.74MB.
columns:['id', 'kind_id', 'production_year', 'episode_of_id', 'season_nr', 'episode_nr']
2024-06-20 11:10:21 - table.py[line:22] - INFO: Loading table movie_info
2024-06-20 11:10:21 - table.py[line:98] - INFO: table exists, load...
2024-06-20 11:10:21 - table.py[line:101] - INFO: load finished: Table movie_info : 14835719 rows, 339.56MB.
columns:['id', 'movie_id', 'info_type_id']
2024-06-20 11:10:21 - table.py[line:22] - INFO: Loading table movie_info_idx
2024-06-20 11:10:21 - table.py[line:98] - INFO: table exists, load...
2024-06-20 11:10:21 - table.py[line:101] - INFO: load finished: Table movie_info_idx : 1380034 rows, 31.59MB.
columns:['id', 'movie_id', 'info_type_id']
2024-06-20 11:10:21 - table.py[line:22] - INFO: Loading table cast_info
2024-06-20 11:10:21 - table.py[line:98] - INFO: table exists, load...
2024-06-20 11:10:22 - table.py[line:101] - INFO: load finished: Table cast_info : 36244343 rows, 1659.13MB.
columns:['id', 'person_id', 'movie_id', 'person_role_id', 'nr_order', 'role_id']
2024-06-20 11:10:22 - table.py[line:22] - INFO: Loading table movie_keyword
2024-06-20 11:10:22 - table.py[line:98] - INFO: table exists, load...
2024-06-20 11:10:22 - table.py[line:101] - INFO: load finished: Table movie_keyword : 4523929 rows, 103.54MB.
columns:['id', 'movie_id', 'keyword_id']
2024-06-20 11:10:22 - table.py[line:22] - INFO: Loading table movie_companies
2024-06-20 11:10:22 - table.py[line:98] - INFO: table exists, load...
2024-06-20 11:10:22 - table.py[line:101] - INFO: load finished: Table movie_companies : 2609128 rows, 79.62MB.
columns:['id', 'movie_id', 'company_id', 'company_type_id']
2024-06-20 11:10:22 - sample.py[line:176] - INFO: sample group exists, load...
2024-06-20 11:10:23 - sample.py[line:179] - INFO: load finished.
2024-06-20 11:10:40 - feat.py[line:269] - INFO: Histo exists, load...
2024-06-20 11:10:40 - feat.py[line:272] - INFO: load finished: job-light.title
2024-06-20 11:10:40 - feat.py[line:269] - INFO: Histo exists, load...
2024-06-20 11:10:40 - feat.py[line:272] - INFO: load finished: job-light.movie_info
2024-06-20 11:10:40 - feat.py[line:269] - INFO: Histo exists, load...
2024-06-20 11:10:40 - feat.py[line:272] - INFO: load finished: job-light.movie_info_idx
2024-06-20 11:10:40 - feat.py[line:269] - INFO: Histo exists, load...
2024-06-20 11:10:40 - feat.py[line:272] - INFO: load finished: job-light.cast_info
2024-06-20 11:10:40 - feat.py[line:269] - INFO: Histo exists, load...
2024-06-20 11:10:40 - feat.py[line:272] - INFO: load finished: job-light.movie_keyword
2024-06-20 11:10:40 - feat.py[line:269] - INFO: Histo exists, load...
2024-06-20 11:10:40 - feat.py[line:272] - INFO: load finished: job-light.movie_companies
2024-06-20 11:10:40 - sample.py[line:193] - INFO: sample features exists, load...
2024-06-20 11:10:40 - sample.py[line:196] - INFO: load finished.
2024-06-20 11:10:40 - gen.py[line:132] - INFO: scale is being processed!
2024-06-20 11:11:00 - gen.py[line:145] - INFO: All batch ditributed!
2024-06-20 11:14:48 - gen.py[line:160] - INFO: Saving records
2024-06-20 11:14:49 - gen.py[line:175] - INFO: Generating Dataset Time Cost Summary as Follows:
2024-06-20 11:14:49 - gen.py[line:176] - INFO: Main Thread Total time 4.161206646760305 min.
2024-06-20 11:14:49 - gen.py[line:177] - INFO: Distribute Process time 0.3378462036450704 min. 8.118947995723778% of total time.
2024-06-20 11:14:49 - gen.py[line:178] - INFO: Waiting Process time 3.8112595438957215 min. 91.59024935382544% of total time.
2024-06-20 11:14:49 - gen.py[line:179] - INFO: Saving Records time 0.011984701951344807 min. 0.2880102568488268% of total time.
2024-06-20 11:14:49 - gen.py[line:180] - INFO: Df time 0.0031342625617980955 min. 26.152194476946494% of total time.
2024-06-20 11:14:49 - gen.py[line:181] - INFO: ToDisk time 0.008763893445332845 min. 73.12566871426824% of total time.
2024-06-20 11:14:49 - gen.py[line:187] - INFO: Calculating Time as Follows:
2024-06-20 11:14:49 - gen.py[line:188] - INFO: Total cal time 87.76974296172459 min. 2109.237786353568% of total time.
2024-06-20 11:14:49 - gen.py[line:189] - INFO: Ground Turth time 53.93138102690378 min. 61.446438381872284% of total cal time.
2024-06-20 11:14:49 - gen.py[line:190] - INFO: Sample Group time 8.096111023426054 min. 9.224261972553204% of total cal time.
2024-06-20 11:14:49 - gen.py[line:191] - INFO: Query Vector time 0.012980691591898599 min. 0.01478948343002364% of total cal time.
2024-06-20 11:14:49 - gen.py[line:192] - INFO: Packing time 25.72927021980286 min. 29.314510162144497% of total cal time.
2024-06-20 11:15:18 - main.py[line:93] - INFO: Generating dataset for multi-table job-light on scale
2024-06-20 11:15:18 - table.py[line:22] - INFO: Loading table title
2024-06-20 11:15:18 - table.py[line:98] - INFO: table exists, load...
2024-06-20 11:15:18 - table.py[line:101] - INFO: load finished: Table title : 2528311 rows, 115.74MB.
columns:['id', 'kind_id', 'production_year', 'episode_of_id', 'season_nr', 'episode_nr']
2024-06-20 11:15:18 - table.py[line:22] - INFO: Loading table movie_info
2024-06-20 11:15:18 - table.py[line:98] - INFO: table exists, load...
2024-06-20 11:15:18 - table.py[line:101] - INFO: load finished: Table movie_info : 14835719 rows, 339.56MB.
columns:['id', 'movie_id', 'info_type_id']
2024-06-20 11:15:18 - table.py[line:22] - INFO: Loading table movie_info_idx
2024-06-20 11:15:18 - table.py[line:98] - INFO: table exists, load...
2024-06-20 11:15:18 - table.py[line:101] - INFO: load finished: Table movie_info_idx : 1380034 rows, 31.59MB.
columns:['id', 'movie_id', 'info_type_id']
2024-06-20 11:15:18 - table.py[line:22] - INFO: Loading table cast_info
2024-06-20 11:15:18 - table.py[line:98] - INFO: table exists, load...
2024-06-20 11:15:19 - table.py[line:101] - INFO: load finished: Table cast_info : 36244343 rows, 1659.13MB.
columns:['id', 'person_id', 'movie_id', 'person_role_id', 'nr_order', 'role_id']
2024-06-20 11:15:19 - table.py[line:22] - INFO: Loading table movie_keyword
2024-06-20 11:15:19 - table.py[line:98] - INFO: table exists, load...
2024-06-20 11:15:19 - table.py[line:101] - INFO: load finished: Table movie_keyword : 4523929 rows, 103.54MB.
columns:['id', 'movie_id', 'keyword_id']
2024-06-20 11:15:19 - table.py[line:22] - INFO: Loading table movie_companies
2024-06-20 11:15:19 - table.py[line:98] - INFO: table exists, load...
2024-06-20 11:15:19 - table.py[line:101] - INFO: load finished: Table movie_companies : 2609128 rows, 79.62MB.
columns:['id', 'movie_id', 'company_id', 'company_type_id']
2024-06-20 11:15:19 - sample.py[line:176] - INFO: sample group exists, load...
2024-06-20 11:15:20 - sample.py[line:179] - INFO: load finished.
2024-06-20 11:15:38 - feat.py[line:269] - INFO: Histo exists, load...
2024-06-20 11:15:38 - feat.py[line:272] - INFO: load finished: job-light.title
2024-06-20 11:15:38 - feat.py[line:269] - INFO: Histo exists, load...
2024-06-20 11:15:38 - feat.py[line:272] - INFO: load finished: job-light.movie_info
2024-06-20 11:15:38 - feat.py[line:269] - INFO: Histo exists, load...
2024-06-20 11:15:38 - feat.py[line:272] - INFO: load finished: job-light.movie_info_idx
2024-06-20 11:15:38 - feat.py[line:269] - INFO: Histo exists, load...
2024-06-20 11:15:38 - feat.py[line:272] - INFO: load finished: job-light.cast_info
2024-06-20 11:15:38 - feat.py[line:269] - INFO: Histo exists, load...
2024-06-20 11:15:38 - feat.py[line:272] - INFO: load finished: job-light.movie_keyword
2024-06-20 11:15:38 - feat.py[line:269] - INFO: Histo exists, load...
2024-06-20 11:15:38 - feat.py[line:272] - INFO: load finished: job-light.movie_companies
2024-06-20 11:15:38 - sample.py[line:193] - INFO: sample features exists, load...
2024-06-20 11:15:38 - sample.py[line:196] - INFO: load finished.
2024-06-20 11:15:38 - gen.py[line:132] - INFO: scale is being processed!
2024-06-20 11:16:03 - gen.py[line:145] - INFO: All batch ditributed!
2024-06-20 11:20:01 - gen.py[line:160] - INFO: Saving records
2024-06-20 11:20:02 - gen.py[line:175] - INFO: Generating Dataset Time Cost Summary as Follows:
2024-06-20 11:20:02 - gen.py[line:176] - INFO: Main Thread Total time 4.3968987743059795 min.
2024-06-20 11:20:02 - gen.py[line:177] - INFO: Distribute Process time 0.4124267021814982 min. 9.379945351291306% of total time.
2024-06-20 11:20:02 - gen.py[line:178] - INFO: Waiting Process time 3.972470458348592 min. 90.34709831307453% of total time.
2024-06-20 11:20:02 - gen.py[line:179] - INFO: Saving Records time 0.01186593770980835 min. 0.26987061378690275% of total time.
2024-06-20 11:20:02 - gen.py[line:180] - INFO: Df time 0.003060619036356608 min. 25.79331790884684% of total time.
2024-06-20 11:20:02 - gen.py[line:181] - INFO: ToDisk time 0.008713217576344807 min. 73.43050157041097% of total time.
2024-06-20 11:20:02 - gen.py[line:187] - INFO: Calculating Time as Follows:
2024-06-20 11:20:02 - gen.py[line:188] - INFO: Total cal time 86.33527915477754 min. 1963.5493921145585% of total time.
2024-06-20 11:20:02 - gen.py[line:189] - INFO: Ground Turth time 52.86217954953512 min. 61.228943795695% of total cal time.
2024-06-20 11:20:02 - gen.py[line:190] - INFO: Sample Group time 8.376530305544536 min. 9.702326079849136% of total cal time.
2024-06-20 11:20:02 - gen.py[line:191] - INFO: Query Vector time 0.012147378921508786 min. 0.014070005958666766% of total cal time.
2024-06-20 11:20:02 - gen.py[line:192] - INFO: Packing time 25.084421920776364 min. 29.05466011849719% of total cal time.
2024-06-20 11:21:34 - main.py[line:93] - INFO: Generating dataset for multi-table job-light on scale
2024-06-20 11:21:34 - table.py[line:22] - INFO: Loading table title
2024-06-20 11:21:34 - table.py[line:98] - INFO: table exists, load...
2024-06-20 11:21:34 - table.py[line:101] - INFO: load finished: Table title : 2528311 rows, 115.74MB.
columns:['id', 'kind_id', 'production_year', 'episode_of_id', 'season_nr', 'episode_nr']
2024-06-20 11:21:34 - table.py[line:22] - INFO: Loading table movie_info
2024-06-20 11:21:34 - table.py[line:98] - INFO: table exists, load...
2024-06-20 11:21:34 - table.py[line:101] - INFO: load finished: Table movie_info : 14835719 rows, 339.56MB.
columns:['id', 'movie_id', 'info_type_id']
2024-06-20 11:21:34 - table.py[line:22] - INFO: Loading table movie_info_idx
2024-06-20 11:21:34 - table.py[line:98] - INFO: table exists, load...
2024-06-20 11:21:34 - table.py[line:101] - INFO: load finished: Table movie_info_idx : 1380034 rows, 31.59MB.
columns:['id', 'movie_id', 'info_type_id']
2024-06-20 11:21:34 - table.py[line:22] - INFO: Loading table cast_info
2024-06-20 11:21:34 - table.py[line:98] - INFO: table exists, load...
2024-06-20 11:21:35 - table.py[line:101] - INFO: load finished: Table cast_info : 36244343 rows, 1659.13MB.
columns:['id', 'person_id', 'movie_id', 'person_role_id', 'nr_order', 'role_id']
2024-06-20 11:21:35 - table.py[line:22] - INFO: Loading table movie_keyword
2024-06-20 11:21:35 - table.py[line:98] - INFO: table exists, load...
2024-06-20 11:21:35 - table.py[line:101] - INFO: load finished: Table movie_keyword : 4523929 rows, 103.54MB.
columns:['id', 'movie_id', 'keyword_id']
2024-06-20 11:21:35 - table.py[line:22] - INFO: Loading table movie_companies
2024-06-20 11:21:35 - table.py[line:98] - INFO: table exists, load...
2024-06-20 11:21:35 - table.py[line:101] - INFO: load finished: Table movie_companies : 2609128 rows, 79.62MB.
columns:['id', 'movie_id', 'company_id', 'company_type_id']
2024-06-20 11:21:35 - sample.py[line:176] - INFO: sample group exists, load...
2024-06-20 11:21:36 - sample.py[line:179] - INFO: load finished.
2024-06-20 11:21:53 - feat.py[line:269] - INFO: Histo exists, load...
2024-06-20 11:21:53 - feat.py[line:272] - INFO: load finished: job-light.title
2024-06-20 11:21:53 - feat.py[line:269] - INFO: Histo exists, load...
2024-06-20 11:21:53 - feat.py[line:272] - INFO: load finished: job-light.movie_info
2024-06-20 11:21:53 - feat.py[line:269] - INFO: Histo exists, load...
2024-06-20 11:21:53 - feat.py[line:272] - INFO: load finished: job-light.movie_info_idx
2024-06-20 11:21:53 - feat.py[line:269] - INFO: Histo exists, load...
2024-06-20 11:21:53 - feat.py[line:272] - INFO: load finished: job-light.cast_info
2024-06-20 11:21:53 - feat.py[line:269] - INFO: Histo exists, load...
2024-06-20 11:21:53 - feat.py[line:272] - INFO: load finished: job-light.movie_keyword
2024-06-20 11:21:53 - feat.py[line:269] - INFO: Histo exists, load...
2024-06-20 11:21:53 - feat.py[line:272] - INFO: load finished: job-light.movie_companies
2024-06-20 11:21:53 - sample.py[line:193] - INFO: sample features exists, load...
2024-06-20 11:21:53 - sample.py[line:196] - INFO: load finished.
2024-06-20 11:21:53 - gen.py[line:132] - INFO: scale is being processed!
2024-06-20 11:22:13 - gen.py[line:145] - INFO: All batch ditributed!
2024-06-20 11:26:11 - gen.py[line:160] - INFO: Saving records
2024-06-20 11:26:11 - gen.py[line:175] - INFO: Generating Dataset Time Cost Summary as Follows:
2024-06-20 11:26:11 - gen.py[line:176] - INFO: Main Thread Total time 4.3141552090644835 min.
2024-06-20 11:26:11 - gen.py[line:177] - INFO: Distribute Process time 0.3374016086260478 min. 7.820803663186069% of total time.
2024-06-20 11:26:11 - gen.py[line:178] - INFO: Waiting Process time 3.9653376817703245 min. 91.91458094596928% of total time.
2024-06-20 11:26:11 - gen.py[line:179] - INFO: Saving Records time 0.011369884014129639 min. 0.26354833016300255% of total time.
2024-06-20 11:26:11 - gen.py[line:180] - INFO: Df time 0.002868314584096273 min. 25.227298541759502% of total time.
2024-06-20 11:26:11 - gen.py[line:181] - INFO: ToDisk time 0.008421727021535238 min. 74.07047434318017% of total time.
2024-06-20 11:26:11 - gen.py[line:187] - INFO: Calculating Time as Follows:
2024-06-20 11:26:11 - gen.py[line:188] - INFO: Total cal time 87.88017168839774 min. 2037.0192408412304% of total time.
2024-06-20 11:26:11 - gen.py[line:189] - INFO: Ground Turth time 54.966898695627854 min. 62.547554971248175% of total cal time.
2024-06-20 11:26:11 - gen.py[line:190] - INFO: Sample Group time 7.392396346728006 min. 8.411904761565205% of total cal time.
2024-06-20 11:26:11 - gen.py[line:191] - INFO: Query Vector time 0.010614168643951413 min. 0.012078001715320653% of total cal time.
2024-06-20 11:26:11 - gen.py[line:192] - INFO: Packing time 25.51026247739792 min. 29.02846226547129% of total cal time.
2024-06-20 11:26:48 - main.py[line:93] - INFO: Generating dataset for multi-table job-light on scale
2024-06-20 11:26:48 - table.py[line:22] - INFO: Loading table title
2024-06-20 11:26:48 - table.py[line:98] - INFO: table exists, load...
2024-06-20 11:26:48 - table.py[line:101] - INFO: load finished: Table title : 2528311 rows, 115.74MB.
columns:['id', 'kind_id', 'production_year', 'episode_of_id', 'season_nr', 'episode_nr']
2024-06-20 11:26:48 - table.py[line:22] - INFO: Loading table movie_info
2024-06-20 11:26:48 - table.py[line:98] - INFO: table exists, load...
2024-06-20 11:26:48 - table.py[line:101] - INFO: load finished: Table movie_info : 14835719 rows, 339.56MB.
columns:['id', 'movie_id', 'info_type_id']
2024-06-20 11:26:48 - table.py[line:22] - INFO: Loading table movie_info_idx
2024-06-20 11:26:48 - table.py[line:98] - INFO: table exists, load...
2024-06-20 11:26:48 - table.py[line:101] - INFO: load finished: Table movie_info_idx : 1380034 rows, 31.59MB.
columns:['id', 'movie_id', 'info_type_id']
2024-06-20 11:26:48 - table.py[line:22] - INFO: Loading table cast_info
2024-06-20 11:26:48 - table.py[line:98] - INFO: table exists, load...
2024-06-20 11:26:49 - table.py[line:101] - INFO: load finished: Table cast_info : 36244343 rows, 1659.13MB.
columns:['id', 'person_id', 'movie_id', 'person_role_id', 'nr_order', 'role_id']
2024-06-20 11:26:49 - table.py[line:22] - INFO: Loading table movie_keyword
2024-06-20 11:26:49 - table.py[line:98] - INFO: table exists, load...
2024-06-20 11:26:49 - table.py[line:101] - INFO: load finished: Table movie_keyword : 4523929 rows, 103.54MB.
columns:['id', 'movie_id', 'keyword_id']
2024-06-20 11:26:49 - table.py[line:22] - INFO: Loading table movie_companies
2024-06-20 11:26:49 - table.py[line:98] - INFO: table exists, load...
2024-06-20 11:26:49 - table.py[line:101] - INFO: load finished: Table movie_companies : 2609128 rows, 79.62MB.
columns:['id', 'movie_id', 'company_id', 'company_type_id']
2024-06-20 11:26:49 - sample.py[line:176] - INFO: sample group exists, load...
2024-06-20 11:26:51 - sample.py[line:179] - INFO: load finished.
2024-06-20 11:27:08 - feat.py[line:269] - INFO: Histo exists, load...
2024-06-20 11:27:08 - feat.py[line:272] - INFO: load finished: job-light.title
2024-06-20 11:27:08 - feat.py[line:269] - INFO: Histo exists, load...
2024-06-20 11:27:08 - feat.py[line:272] - INFO: load finished: job-light.movie_info
2024-06-20 11:27:08 - feat.py[line:269] - INFO: Histo exists, load...
2024-06-20 11:27:08 - feat.py[line:272] - INFO: load finished: job-light.movie_info_idx
2024-06-20 11:27:08 - feat.py[line:269] - INFO: Histo exists, load...
2024-06-20 11:27:08 - feat.py[line:272] - INFO: load finished: job-light.cast_info
2024-06-20 11:27:08 - feat.py[line:269] - INFO: Histo exists, load...
2024-06-20 11:27:08 - feat.py[line:272] - INFO: load finished: job-light.movie_keyword
2024-06-20 11:27:08 - feat.py[line:269] - INFO: Histo exists, load...
2024-06-20 11:27:08 - feat.py[line:272] - INFO: load finished: job-light.movie_companies
2024-06-20 11:27:08 - sample.py[line:193] - INFO: sample features exists, load...
2024-06-20 11:27:08 - sample.py[line:196] - INFO: load finished.
2024-06-20 11:27:08 - gen.py[line:132] - INFO: scale is being processed!
2024-06-20 11:27:35 - gen.py[line:145] - INFO: All batch ditributed!
2024-06-20 11:31:39 - gen.py[line:160] - INFO: Saving records
2024-06-20 11:31:40 - gen.py[line:175] - INFO: Generating Dataset Time Cost Summary as Follows:
2024-06-20 11:31:40 - gen.py[line:176] - INFO: Main Thread Total time 4.525677867730459 min.
2024-06-20 11:31:40 - gen.py[line:177] - INFO: Distribute Process time 0.4455532153447469 min. 9.845005065908135% of total time.
2024-06-20 11:31:40 - gen.py[line:178] - INFO: Waiting Process time 4.067825472354889 min. 89.88323056220582% of total time.
2024-06-20 11:31:40 - gen.py[line:179] - INFO: Saving Records time 0.012236098448435465 min. 0.2703705125741005% of total time.
2024-06-20 11:31:40 - gen.py[line:180] - INFO: Df time 0.0028462926546732586 min. 23.261439638361132% of total time.
2024-06-20 11:31:40 - gen.py[line:181] - INFO: ToDisk time 0.00930162270863851 min. 76.01788060006854% of total time.
2024-06-20 11:31:40 - gen.py[line:187] - INFO: Calculating Time as Follows:
2024-06-20 11:31:40 - gen.py[line:188] - INFO: Total cal time 82.16443734566371 min. 1815.5166971012811% of total time.
2024-06-20 11:31:40 - gen.py[line:189] - INFO: Ground Turth time 50.539386920134234 min. 61.510050519200064% of total cal time.
2024-06-20 11:31:40 - gen.py[line:190] - INFO: Sample Group time 7.245379849274953 min. 8.81814576152189% of total cal time.
2024-06-20 11:31:40 - gen.py[line:191] - INFO: Query Vector time 0.0097920020421346 min. 0.011917567208474752% of total cal time.
2024-06-20 11:31:40 - gen.py[line:192] - INFO: Packing time 24.369878574212393 min. 29.659886152069575% of total cal time.
2024-06-20 11:35:29 - main.py[line:93] - INFO: Generating dataset for multi-table job-light on scale
2024-06-20 11:35:29 - table.py[line:22] - INFO: Loading table title
2024-06-20 11:35:29 - table.py[line:98] - INFO: table exists, load...
2024-06-20 11:35:29 - table.py[line:101] - INFO: load finished: Table title : 2528311 rows, 115.74MB.
columns:['id', 'kind_id', 'production_year', 'episode_of_id', 'season_nr', 'episode_nr']
2024-06-20 11:35:29 - table.py[line:22] - INFO: Loading table movie_info
2024-06-20 11:35:29 - table.py[line:98] - INFO: table exists, load...
2024-06-20 11:35:30 - table.py[line:101] - INFO: load finished: Table movie_info : 14835719 rows, 339.56MB.
columns:['id', 'movie_id', 'info_type_id']
2024-06-20 11:35:30 - table.py[line:22] - INFO: Loading table movie_info_idx
2024-06-20 11:35:30 - table.py[line:98] - INFO: table exists, load...
2024-06-20 11:35:30 - table.py[line:101] - INFO: load finished: Table movie_info_idx : 1380034 rows, 31.59MB.
columns:['id', 'movie_id', 'info_type_id']
2024-06-20 11:35:30 - table.py[line:22] - INFO: Loading table cast_info
2024-06-20 11:35:30 - table.py[line:98] - INFO: table exists, load...
2024-06-20 11:35:31 - table.py[line:101] - INFO: load finished: Table cast_info : 36244343 rows, 1659.13MB.
columns:['id', 'person_id', 'movie_id', 'person_role_id', 'nr_order', 'role_id']
2024-06-20 11:35:31 - table.py[line:22] - INFO: Loading table movie_keyword
2024-06-20 11:35:31 - table.py[line:98] - INFO: table exists, load...
2024-06-20 11:35:31 - table.py[line:101] - INFO: load finished: Table movie_keyword : 4523929 rows, 103.54MB.
columns:['id', 'movie_id', 'keyword_id']
2024-06-20 11:35:31 - table.py[line:22] - INFO: Loading table movie_companies
2024-06-20 11:35:31 - table.py[line:98] - INFO: table exists, load...
2024-06-20 11:35:31 - table.py[line:101] - INFO: load finished: Table movie_companies : 2609128 rows, 79.62MB.
columns:['id', 'movie_id', 'company_id', 'company_type_id']
2024-06-20 11:35:31 - sample.py[line:176] - INFO: sample group exists, load...
2024-06-20 11:35:32 - sample.py[line:179] - INFO: load finished.
2024-06-20 11:35:49 - feat.py[line:269] - INFO: Histo exists, load...
2024-06-20 11:35:49 - feat.py[line:272] - INFO: load finished: job-light.title
2024-06-20 11:35:49 - feat.py[line:269] - INFO: Histo exists, load...
2024-06-20 11:35:49 - feat.py[line:272] - INFO: load finished: job-light.movie_info
2024-06-20 11:35:49 - feat.py[line:269] - INFO: Histo exists, load...
2024-06-20 11:35:49 - feat.py[line:272] - INFO: load finished: job-light.movie_info_idx
2024-06-20 11:35:49 - feat.py[line:269] - INFO: Histo exists, load...
2024-06-20 11:35:49 - feat.py[line:272] - INFO: load finished: job-light.cast_info
2024-06-20 11:35:49 - feat.py[line:269] - INFO: Histo exists, load...
2024-06-20 11:35:49 - feat.py[line:272] - INFO: load finished: job-light.movie_keyword
2024-06-20 11:35:49 - feat.py[line:269] - INFO: Histo exists, load...
2024-06-20 11:35:49 - feat.py[line:272] - INFO: load finished: job-light.movie_companies
2024-06-20 11:35:49 - sample.py[line:193] - INFO: sample features exists, load...
2024-06-20 11:35:49 - sample.py[line:196] - INFO: load finished.
2024-06-20 11:35:49 - gen.py[line:132] - INFO: scale is being processed!
2024-06-20 11:36:10 - gen.py[line:145] - INFO: All batch ditributed!
2024-06-20 11:40:03 - gen.py[line:160] - INFO: Saving records
2024-06-20 11:40:04 - gen.py[line:175] - INFO: Generating Dataset Time Cost Summary as Follows:
2024-06-20 11:40:04 - gen.py[line:176] - INFO: Main Thread Total time 4.256235492229462 min.
2024-06-20 11:40:04 - gen.py[line:177] - INFO: Distribute Process time 0.35534027020136516 min. 8.348698535363091% of total time.
2024-06-20 11:40:04 - gen.py[line:178] - INFO: Waiting Process time 3.889076268672943 min. 91.37361585779652% of total time.
2024-06-20 11:40:04 - gen.py[line:179] - INFO: Saving Records time 0.011741399765014648 min. 0.2758634898480295% of total time.
2024-06-20 11:40:04 - gen.py[line:180] - INFO: Df time 0.002974732716878255 min. 25.33541806269079% of total time.
2024-06-20 11:40:04 - gen.py[line:181] - INFO: ToDisk time 0.008658130963643393 min. 73.74019398812788% of total time.
2024-06-20 11:40:04 - gen.py[line:187] - INFO: Calculating Time as Follows:
2024-06-20 11:40:04 - gen.py[line:188] - INFO: Total cal time 85.66210248867672 min. 2012.626008242932% of total time.
2024-06-20 11:40:04 - gen.py[line:189] - INFO: Ground Turth time 52.82055917580924 min. 61.6615255069082% of total cal time.
2024-06-20 11:40:04 - gen.py[line:190] - INFO: Sample Group time 7.23267662525177 min. 8.443263024285242% of total cal time.
2024-06-20 11:40:04 - gen.py[line:191] - INFO: Query Vector time 0.010462021827697754 min. 0.012213127536859932% of total cal time.
2024-06-20 11:40:04 - gen.py[line:192] - INFO: Packing time 25.598404665788017 min. 29.8829983412697% of total cal time.
2024-06-21 09:52:45 - main.py[line:93] - INFO: Generating dataset for multi-table job-light on scale
2024-06-21 09:52:45 - table.py[line:22] - INFO: Loading table title
2024-06-21 09:52:45 - table.py[line:98] - INFO: table exists, load...
2024-06-21 09:52:54 - table.py[line:101] - INFO: load finished: Table title : 2528311 rows, 115.74MB.
columns:['id', 'kind_id', 'production_year', 'episode_of_id', 'season_nr', 'episode_nr']
2024-06-21 09:52:54 - table.py[line:22] - INFO: Loading table movie_info
2024-06-21 09:52:54 - table.py[line:98] - INFO: table exists, load...
2024-06-21 09:53:26 - table.py[line:101] - INFO: load finished: Table movie_info : 14835719 rows, 339.56MB.
columns:['id', 'movie_id', 'info_type_id']
2024-06-21 09:53:26 - table.py[line:22] - INFO: Loading table movie_info_idx
2024-06-21 09:53:26 - table.py[line:98] - INFO: table exists, load...
2024-06-21 09:53:29 - table.py[line:101] - INFO: load finished: Table movie_info_idx : 1380034 rows, 31.59MB.
columns:['id', 'movie_id', 'info_type_id']
2024-06-21 09:53:29 - table.py[line:22] - INFO: Loading table cast_info
2024-06-21 09:53:29 - table.py[line:98] - INFO: table exists, load...
2024-06-21 09:55:17 - table.py[line:101] - INFO: load finished: Table cast_info : 36244343 rows, 1659.13MB.
columns:['id', 'person_id', 'movie_id', 'person_role_id', 'nr_order', 'role_id']
2024-06-21 09:55:17 - table.py[line:22] - INFO: Loading table movie_keyword
2024-06-21 09:55:17 - table.py[line:98] - INFO: table exists, load...
2024-06-21 09:55:22 - table.py[line:101] - INFO: load finished: Table movie_keyword : 4523929 rows, 103.54MB.
columns:['id', 'movie_id', 'keyword_id']
2024-06-21 09:55:22 - table.py[line:22] - INFO: Loading table movie_companies
2024-06-21 09:55:22 - table.py[line:98] - INFO: table exists, load...
2024-06-21 09:55:26 - table.py[line:101] - INFO: load finished: Table movie_companies : 2609128 rows, 79.62MB.
columns:['id', 'movie_id', 'company_id', 'company_type_id']
2024-06-21 09:55:27 - sample.py[line:176] - INFO: sample group exists, load...
2024-06-21 09:57:17 - sample.py[line:179] - INFO: load finished.
2024-06-21 09:57:35 - feat.py[line:269] - INFO: Histo exists, load...
2024-06-21 09:57:35 - feat.py[line:272] - INFO: load finished: job-light.title
2024-06-21 09:57:35 - feat.py[line:269] - INFO: Histo exists, load...
2024-06-21 09:57:35 - feat.py[line:272] - INFO: load finished: job-light.movie_info
2024-06-21 09:57:35 - feat.py[line:269] - INFO: Histo exists, load...
2024-06-21 09:57:35 - feat.py[line:272] - INFO: load finished: job-light.movie_info_idx
2024-06-21 09:57:35 - feat.py[line:269] - INFO: Histo exists, load...
2024-06-21 09:57:35 - feat.py[line:272] - INFO: load finished: job-light.cast_info
2024-06-21 09:57:35 - feat.py[line:269] - INFO: Histo exists, load...
2024-06-21 09:57:35 - feat.py[line:272] - INFO: load finished: job-light.movie_keyword
2024-06-21 09:57:35 - feat.py[line:269] - INFO: Histo exists, load...
2024-06-21 09:57:35 - feat.py[line:272] - INFO: load finished: job-light.movie_companies
2024-06-21 09:57:35 - sample.py[line:193] - INFO: sample features exists, load...
2024-06-21 09:57:36 - sample.py[line:196] - INFO: load finished.
2024-06-21 09:57:36 - gen.py[line:132] - INFO: scale is being processed!
2024-06-21 09:57:49 - gen.py[line:145] - INFO: All batch ditributed!
2024-06-21 10:22:29 - main.py[line:93] - INFO: Generating dataset for multi-table job-light on scale
2024-06-21 10:22:30 - table.py[line:22] - INFO: Loading table title
2024-06-21 10:22:32 - table.py[line:98] - INFO: table exists, load...
2024-06-21 10:23:06 - table.py[line:101] - INFO: load finished: Table title : 2528311 rows, 115.74MB.
columns:['id', 'kind_id', 'production_year', 'episode_of_id', 'season_nr', 'episode_nr']
2024-06-21 10:23:06 - table.py[line:22] - INFO: Loading table movie_info
2024-06-21 10:23:06 - table.py[line:98] - INFO: table exists, load...
2024-06-21 10:25:11 - table.py[line:101] - INFO: load finished: Table movie_info : 14835719 rows, 339.56MB.
columns:['id', 'movie_id', 'info_type_id']
2024-06-21 10:25:11 - table.py[line:22] - INFO: Loading table movie_info_idx
2024-06-21 10:25:11 - table.py[line:98] - INFO: table exists, load...
2024-06-21 10:25:12 - table.py[line:101] - INFO: load finished: Table movie_info_idx : 1380034 rows, 31.59MB.
columns:['id', 'movie_id', 'info_type_id']
2024-06-21 10:25:12 - table.py[line:22] - INFO: Loading table cast_info
2024-06-21 10:25:12 - table.py[line:98] - INFO: table exists, load...
2024-06-21 10:31:39 - table.py[line:101] - INFO: load finished: Table cast_info : 36244343 rows, 1659.13MB.
columns:['id', 'person_id', 'movie_id', 'person_role_id', 'nr_order', 'role_id']
2024-06-21 10:31:39 - table.py[line:22] - INFO: Loading table movie_keyword
2024-06-21 10:31:39 - table.py[line:98] - INFO: table exists, load...
2024-06-21 10:32:12 - table.py[line:101] - INFO: load finished: Table movie_keyword : 4523929 rows, 103.54MB.
columns:['id', 'movie_id', 'keyword_id']
2024-06-21 10:32:12 - table.py[line:22] - INFO: Loading table movie_companies
2024-06-21 10:32:12 - table.py[line:98] - INFO: table exists, load...
2024-06-21 10:33:07 - table.py[line:101] - INFO: load finished: Table movie_companies : 2609128 rows, 79.62MB.
columns:['id', 'movie_id', 'company_id', 'company_type_id']
2024-06-21 10:33:10 - sample.py[line:176] - INFO: sample group exists, load...
2024-06-21 10:36:42 - sample.py[line:179] - INFO: load finished.
2024-06-21 10:37:00 - feat.py[line:269] - INFO: Histo exists, load...
2024-06-21 10:37:01 - feat.py[line:272] - INFO: load finished: job-light.title
2024-06-21 10:37:01 - feat.py[line:269] - INFO: Histo exists, load...
2024-06-21 10:37:01 - feat.py[line:272] - INFO: load finished: job-light.movie_info
2024-06-21 10:37:02 - feat.py[line:269] - INFO: Histo exists, load...
2024-06-21 10:37:02 - feat.py[line:272] - INFO: load finished: job-light.movie_info_idx
2024-06-21 10:37:02 - feat.py[line:269] - INFO: Histo exists, load...
2024-06-21 10:37:02 - feat.py[line:272] - INFO: load finished: job-light.cast_info
2024-06-21 10:37:03 - feat.py[line:269] - INFO: Histo exists, load...
2024-06-21 10:37:03 - feat.py[line:272] - INFO: load finished: job-light.movie_keyword
2024-06-21 10:37:03 - feat.py[line:269] - INFO: Histo exists, load...
2024-06-21 10:37:04 - feat.py[line:272] - INFO: load finished: job-light.movie_companies
2024-06-21 10:37:04 - sample.py[line:193] - INFO: sample features exists, load...
2024-06-21 10:37:04 - sample.py[line:196] - INFO: load finished.
2024-06-21 10:37:04 - gen.py[line:132] - INFO: scale is being processed!
2024-06-21 10:37:18 - gen.py[line:145] - INFO: All batch ditributed!
2024-06-21 10:41:15 - gen.py[line:160] - INFO: Saving records
2024-06-21 10:41:28 - gen.py[line:175] - INFO: Generating Dataset Time Cost Summary as Follows:
2024-06-21 10:41:28 - gen.py[line:176] - INFO: Main Thread Total time 4.390185435612996 min.
2024-06-21 10:41:28 - gen.py[line:177] - INFO: Distribute Process time 0.22184118429819744 min. 5.053116492497817% of total time.
2024-06-21 10:41:28 - gen.py[line:178] - INFO: Waiting Process time 3.9551027695337932 min. 90.08965173657971% of total time.
2024-06-21 10:41:28 - gen.py[line:179] - INFO: Saving Records time 0.21320072015126545 min. 4.856303299213522% of total time.
2024-06-21 10:41:28 - gen.py[line:180] - INFO: Df time 0.0037912964820861817 min. 1.7782756453150181% of total time.
2024-06-21 10:41:28 - gen.py[line:181] - INFO: ToDisk time 0.17650885184605916 min. 82.78998857078274% of total time.
2024-06-21 10:41:28 - gen.py[line:187] - INFO: Calculating Time as Follows:
2024-06-21 10:41:28 - gen.py[line:188] - INFO: Total cal time 85.58283461729685 min. 1949.4127496996498% of total time.
2024-06-21 10:41:28 - gen.py[line:189] - INFO: Ground Turth time 54.03617848952611 min. 63.139038022240314% of total cal time.
2024-06-21 10:41:28 - gen.py[line:190] - INFO: Sample Group time 6.879410382111868 min. 8.038306294567969% of total cal time.
2024-06-21 10:41:28 - gen.py[line:191] - INFO: Query Vector time 0.009131658077239991 min. 0.010669964506403978% of total cal time.
2024-06-21 10:41:28 - gen.py[line:192] - INFO: Packing time 24.658114087581637 min. 28.811985718685314% of total cal time.
2024-06-21 10:51:42 - main.py[line:93] - INFO: Generating dataset for multi-table job-light on scale
2024-06-21 10:51:42 - table.py[line:22] - INFO: Loading table title
2024-06-21 10:51:43 - table.py[line:98] - INFO: table exists, load...
2024-06-21 10:51:43 - table.py[line:101] - INFO: load finished: Table title : 2528311 rows, 115.74MB.
columns:['id', 'kind_id', 'production_year', 'episode_of_id', 'season_nr', 'episode_nr']
2024-06-21 10:51:43 - table.py[line:22] - INFO: Loading table movie_info
2024-06-21 10:51:43 - table.py[line:98] - INFO: table exists, load...
2024-06-21 10:51:43 - table.py[line:101] - INFO: load finished: Table movie_info : 14835719 rows, 339.56MB.
columns:['id', 'movie_id', 'info_type_id']
2024-06-21 10:51:43 - table.py[line:22] - INFO: Loading table movie_info_idx
2024-06-21 10:51:43 - table.py[line:98] - INFO: table exists, load...
2024-06-21 10:51:43 - table.py[line:101] - INFO: load finished: Table movie_info_idx : 1380034 rows, 31.59MB.
columns:['id', 'movie_id', 'info_type_id']
2024-06-21 10:51:43 - table.py[line:22] - INFO: Loading table cast_info
2024-06-21 10:51:43 - table.py[line:98] - INFO: table exists, load...
2024-06-21 10:51:44 - table.py[line:101] - INFO: load finished: Table cast_info : 36244343 rows, 1659.13MB.
columns:['id', 'person_id', 'movie_id', 'person_role_id', 'nr_order', 'role_id']
2024-06-21 10:51:44 - table.py[line:22] - INFO: Loading table movie_keyword
2024-06-21 10:51:44 - table.py[line:98] - INFO: table exists, load...
2024-06-21 10:51:44 - table.py[line:101] - INFO: load finished: Table movie_keyword : 4523929 rows, 103.54MB.
columns:['id', 'movie_id', 'keyword_id']
2024-06-21 10:51:44 - table.py[line:22] - INFO: Loading table movie_companies
2024-06-21 10:51:44 - table.py[line:98] - INFO: table exists, load...
2024-06-21 10:51:44 - table.py[line:101] - INFO: load finished: Table movie_companies : 2609128 rows, 79.62MB.
columns:['id', 'movie_id', 'company_id', 'company_type_id']
2024-06-21 10:51:44 - sample.py[line:176] - INFO: sample group exists, load...
2024-06-21 10:51:46 - sample.py[line:179] - INFO: load finished.
2024-06-21 10:52:05 - feat.py[line:269] - INFO: Histo exists, load...
2024-06-21 10:52:08 - feat.py[line:272] - INFO: load finished: job-light.title
2024-06-21 10:52:09 - feat.py[line:269] - INFO: Histo exists, load...
2024-06-21 10:52:10 - feat.py[line:272] - INFO: load finished: job-light.movie_info
2024-06-21 10:52:11 - feat.py[line:269] - INFO: Histo exists, load...
2024-06-21 10:52:12 - feat.py[line:272] - INFO: load finished: job-light.movie_info_idx
2024-06-21 10:52:13 - feat.py[line:269] - INFO: Histo exists, load...
2024-06-21 10:52:16 - feat.py[line:272] - INFO: load finished: job-light.cast_info
2024-06-21 10:52:17 - feat.py[line:269] - INFO: Histo exists, load...
2024-06-21 10:52:18 - feat.py[line:272] - INFO: load finished: job-light.movie_keyword
2024-06-21 10:52:19 - feat.py[line:269] - INFO: Histo exists, load...
2024-06-21 10:52:21 - feat.py[line:272] - INFO: load finished: job-light.movie_companies
2024-06-21 10:52:22 - sample.py[line:193] - INFO: sample features exists, load...
2024-06-21 10:52:23 - sample.py[line:196] - INFO: load finished.
2024-06-21 10:52:23 - gen.py[line:132] - INFO: scale is being processed!
2024-06-21 10:52:38 - gen.py[line:145] - INFO: All batch ditributed!
2024-06-21 10:56:22 - gen.py[line:160] - INFO: Saving records
2024-06-21 10:56:40 - gen.py[line:175] - INFO: Generating Dataset Time Cost Summary as Follows:
2024-06-21 10:56:40 - gen.py[line:176] - INFO: Main Thread Total time 4.282529302438101 min.
2024-06-21 10:56:41 - gen.py[line:177] - INFO: Distribute Process time 0.249135160446167 min. 5.817477076089848% of total time.
2024-06-21 10:56:41 - gen.py[line:178] - INFO: Waiting Process time 3.724577283859253 min. 86.97143722376404% of total time.
2024-06-21 10:56:41 - gen.py[line:179] - INFO: Saving Records time 0.2981401920318604 min. 6.961778215087174% of total time.
2024-06-21 10:56:41 - gen.py[line:180] - INFO: Df time 0.0038712342580159505 min. 1.2984610466750675% of total time.
2024-06-21 10:56:41 - gen.py[line:181] - INFO: ToDisk time 0.24645612637201944 min. 82.66450916677555% of total time.
2024-06-21 10:56:41 - gen.py[line:187] - INFO: Calculating Time as Follows:
2024-06-21 10:56:41 - gen.py[line:188] - INFO: Total cal time 67.3556674083074 min. 1572.8010867307066% of total time.
2024-06-21 10:56:41 - gen.py[line:189] - INFO: Ground Turth time 39.67082481384277 min. 58.89753058693606% of total cal time.
2024-06-21 10:56:41 - gen.py[line:190] - INFO: Sample Group time 5.209823278586067 min. 7.734795718086088% of total cal time.
2024-06-21 10:56:41 - gen.py[line:191] - INFO: Query Vector time 0.008657662073771156 min. 0.012853650489852248% of total cal time.
2024-06-21 10:56:41 - gen.py[line:192] - INFO: Packing time 22.466361653804782 min. 33.354820044487994% of total cal time.
2024-06-21 11:23:29 - main.py[line:93] - INFO: Generating dataset for multi-table job-light on scale
2024-06-21 11:23:30 - table.py[line:22] - INFO: Loading table title
2024-06-21 11:23:31 - table.py[line:98] - INFO: table exists, load...
2024-06-21 11:23:32 - table.py[line:101] - INFO: load finished: Table title : 2528311 rows, 115.74MB.
columns:['id', 'kind_id', 'production_year', 'episode_of_id', 'season_nr', 'episode_nr']
2024-06-21 11:23:32 - table.py[line:22] - INFO: Loading table movie_info
2024-06-21 11:23:33 - table.py[line:98] - INFO: table exists, load...
2024-06-21 11:23:38 - table.py[line:101] - INFO: load finished: Table movie_info : 14835719 rows, 339.56MB.
columns:['id', 'movie_id', 'info_type_id']
2024-06-21 11:23:38 - table.py[line:22] - INFO: Loading table movie_info_idx
2024-06-21 11:23:38 - table.py[line:98] - INFO: table exists, load...
2024-06-21 11:23:39 - table.py[line:101] - INFO: load finished: Table movie_info_idx : 1380034 rows, 31.59MB.
columns:['id', 'movie_id', 'info_type_id']
2024-06-21 11:23:39 - table.py[line:22] - INFO: Loading table cast_info
2024-06-21 11:23:40 - table.py[line:98] - INFO: table exists, load...
2024-06-21 11:23:42 - table.py[line:101] - INFO: load finished: Table cast_info : 36244343 rows, 1659.13MB.
columns:['id', 'person_id', 'movie_id', 'person_role_id', 'nr_order', 'role_id']
2024-06-21 11:23:42 - table.py[line:22] - INFO: Loading table movie_keyword
2024-06-21 11:23:42 - table.py[line:98] - INFO: table exists, load...
2024-06-21 11:23:43 - table.py[line:101] - INFO: load finished: Table movie_keyword : 4523929 rows, 103.54MB.
columns:['id', 'movie_id', 'keyword_id']
2024-06-21 11:23:43 - table.py[line:22] - INFO: Loading table movie_companies
2024-06-21 11:23:43 - table.py[line:98] - INFO: table exists, load...
2024-06-21 11:23:44 - table.py[line:101] - INFO: load finished: Table movie_companies : 2609128 rows, 79.62MB.
columns:['id', 'movie_id', 'company_id', 'company_type_id']
2024-06-21 11:23:45 - sample.py[line:176] - INFO: sample group exists, load...
2024-06-21 11:23:47 - sample.py[line:179] - INFO: load finished.
2024-06-21 11:24:03 - feat.py[line:269] - INFO: Histo exists, load...
2024-06-21 11:24:04 - feat.py[line:272] - INFO: load finished: job-light.title
2024-06-21 11:24:04 - feat.py[line:269] - INFO: Histo exists, load...
2024-06-21 11:24:05 - feat.py[line:272] - INFO: load finished: job-light.movie_info
2024-06-21 11:24:05 - feat.py[line:269] - INFO: Histo exists, load...
2024-06-21 11:24:06 - feat.py[line:272] - INFO: load finished: job-light.movie_info_idx
2024-06-21 11:24:06 - feat.py[line:269] - INFO: Histo exists, load...
2024-06-21 11:24:06 - feat.py[line:272] - INFO: load finished: job-light.cast_info
2024-06-21 11:24:06 - feat.py[line:269] - INFO: Histo exists, load...
2024-06-21 11:24:07 - feat.py[line:272] - INFO: load finished: job-light.movie_keyword
2024-06-21 11:24:07 - feat.py[line:269] - INFO: Histo exists, load...
2024-06-21 11:24:08 - feat.py[line:272] - INFO: load finished: job-light.movie_companies
2024-06-21 11:24:08 - sample.py[line:193] - INFO: sample features exists, load...
2024-06-21 11:24:09 - sample.py[line:196] - INFO: load finished.
2024-06-21 11:24:09 - gen.py[line:132] - INFO: scale is being processed!
2024-06-21 11:24:30 - gen.py[line:145] - INFO: All batch ditributed!
2024-06-21 11:28:57 - gen.py[line:160] - INFO: Saving records
2024-06-21 11:29:23 - gen.py[line:175] - INFO: Generating Dataset Time Cost Summary as Follows:
2024-06-21 11:29:23 - gen.py[line:176] - INFO: Main Thread Total time 5.228880906105042 min.
2024-06-21 11:29:24 - gen.py[line:177] - INFO: Distribute Process time 0.3574663917223612 min. 6.836384269241953% of total time.
2024-06-21 11:29:24 - gen.py[line:178] - INFO: Waiting Process time 4.437116614977518 min. 84.85786336798971% of total time.
2024-06-21 11:29:24 - gen.py[line:179] - INFO: Saving Records time 0.4198026418685913 min. 8.028537069537112% of total time.
2024-06-21 11:29:24 - gen.py[line:180] - INFO: Df time 0.004058770338694255 min. 0.9668282030404066% of total time.
2024-06-21 11:29:24 - gen.py[line:181] - INFO: ToDisk time 0.35236021677652996 min. 83.93473066489835% of total time.
2024-06-21 11:29:24 - gen.py[line:187] - INFO: Calculating Time as Follows:
2024-06-21 11:29:24 - gen.py[line:188] - INFO: Total cal time 92.67828794320423 min. 1772.4306521304893% of total time.
2024-06-21 11:29:24 - gen.py[line:189] - INFO: Ground Turth time 57.37360735336939 min. 61.90620114662616% of total cal time.
2024-06-21 11:29:24 - gen.py[line:190] - INFO: Sample Group time 7.512504208087921 min. 8.106002360220323% of total cal time.
2024-06-21 11:29:24 - gen.py[line:191] - INFO: Query Vector time 0.01174487670262655 min. 0.01267273809570601% of total cal time.
2024-06-21 11:29:24 - gen.py[line:192] - INFO: Packing time 27.780431505044298 min. 29.97512375505782% of total cal time.
2024-06-21 11:34:49 - main.py[line:93] - INFO: Generating dataset for multi-table job-light on scale
2024-06-21 11:34:49 - table.py[line:22] - INFO: Loading table title
2024-06-21 11:34:49 - table.py[line:98] - INFO: table exists, load...
2024-06-21 11:34:49 - table.py[line:101] - INFO: load finished: Table title : 2528311 rows, 115.74MB.
columns:['id', 'kind_id', 'production_year', 'episode_of_id', 'season_nr', 'episode_nr']
2024-06-21 11:34:49 - table.py[line:22] - INFO: Loading table movie_info
2024-06-21 11:34:49 - table.py[line:98] - INFO: table exists, load...
2024-06-21 11:34:50 - table.py[line:101] - INFO: load finished: Table movie_info : 14835719 rows, 339.56MB.
columns:['id', 'movie_id', 'info_type_id']
2024-06-21 11:34:50 - table.py[line:22] - INFO: Loading table movie_info_idx
2024-06-21 11:34:50 - table.py[line:98] - INFO: table exists, load...
2024-06-21 11:34:50 - table.py[line:101] - INFO: load finished: Table movie_info_idx : 1380034 rows, 31.59MB.
columns:['id', 'movie_id', 'info_type_id']
2024-06-21 11:34:50 - table.py[line:22] - INFO: Loading table cast_info
2024-06-21 11:34:50 - table.py[line:98] - INFO: table exists, load...
2024-06-21 11:34:51 - table.py[line:101] - INFO: load finished: Table cast_info : 36244343 rows, 1659.13MB.
columns:['id', 'person_id', 'movie_id', 'person_role_id', 'nr_order', 'role_id']
2024-06-21 11:34:51 - table.py[line:22] - INFO: Loading table movie_keyword
2024-06-21 11:34:51 - table.py[line:98] - INFO: table exists, load...
2024-06-21 11:34:52 - table.py[line:101] - INFO: load finished: Table movie_keyword : 4523929 rows, 103.54MB.
columns:['id', 'movie_id', 'keyword_id']
2024-06-21 11:34:52 - table.py[line:22] - INFO: Loading table movie_companies
2024-06-21 11:34:52 - table.py[line:98] - INFO: table exists, load...
2024-06-21 11:34:52 - table.py[line:101] - INFO: load finished: Table movie_companies : 2609128 rows, 79.62MB.
columns:['id', 'movie_id', 'company_id', 'company_type_id']
2024-06-21 11:34:52 - sample.py[line:176] - INFO: sample group exists, load...
2024-06-21 11:34:53 - sample.py[line:179] - INFO: load finished.
2024-06-21 11:35:10 - feat.py[line:269] - INFO: Histo exists, load...
2024-06-21 11:35:14 - feat.py[line:272] - INFO: load finished: job-light.title
2024-06-21 11:35:17 - feat.py[line:269] - INFO: Histo exists, load...
2024-06-21 11:35:20 - feat.py[line:272] - INFO: load finished: job-light.movie_info
2024-06-21 11:35:22 - feat.py[line:269] - INFO: Histo exists, load...
2024-06-21 11:35:29 - feat.py[line:272] - INFO: load finished: job-light.movie_info_idx
2024-06-21 11:35:30 - feat.py[line:269] - INFO: Histo exists, load...
2024-06-21 11:35:39 - feat.py[line:272] - INFO: load finished: job-light.cast_info
2024-06-21 11:35:39 - feat.py[line:269] - INFO: Histo exists, load...
2024-06-21 11:35:41 - feat.py[line:272] - INFO: load finished: job-light.movie_keyword
2024-06-21 11:35:41 - feat.py[line:269] - INFO: Histo exists, load...
2024-06-21 11:35:43 - feat.py[line:272] - INFO: load finished: job-light.movie_companies
2024-06-21 11:35:43 - sample.py[line:193] - INFO: sample features exists, load...
2024-06-21 11:35:46 - sample.py[line:196] - INFO: load finished.
2024-06-21 11:35:46 - gen.py[line:132] - INFO: scale is being processed!
2024-06-21 11:36:06 - gen.py[line:145] - INFO: All batch ditributed!
2024-06-21 11:40:18 - gen.py[line:160] - INFO: Saving records
2024-06-21 11:40:24 - gen.py[line:175] - INFO: Generating Dataset Time Cost Summary as Follows:
2024-06-21 11:40:24 - gen.py[line:176] - INFO: Main Thread Total time 4.628999706109365 min.
2024-06-21 11:40:24 - gen.py[line:177] - INFO: Distribute Process time 0.33240676720937096 min. 7.180963238573113% of total time.
2024-06-21 11:40:24 - gen.py[line:178] - INFO: Waiting Process time 4.200606910387675 min. 90.74545640700093% of total time.
2024-06-21 11:40:24 - gen.py[line:179] - INFO: Saving Records time 0.09400676488876343 min. 2.030822442366827% of total time.
2024-06-21 11:40:24 - gen.py[line:180] - INFO: Df time 0.002990877628326416 min. 3.181555744275925% of total time.
2024-06-21 11:40:24 - gen.py[line:181] - INFO: ToDisk time 0.07513217528661092 min. 79.92209430407856% of total time.
2024-06-21 11:40:24 - gen.py[line:187] - INFO: Calculating Time as Follows:
2024-06-21 11:40:24 - gen.py[line:188] - INFO: Total cal time 93.30287586450578 min. 2015.6163704517937% of total time.
2024-06-21 11:40:24 - gen.py[line:189] - INFO: Ground Turth time 58.57332204580307 min. 62.77761698456445% of total cal time.
2024-06-21 11:40:24 - gen.py[line:190] - INFO: Sample Group time 8.38134278059006 min. 8.982941525576797% of total cal time.
2024-06-21 11:40:24 - gen.py[line:191] - INFO: Query Vector time 0.011952531337738036 min. 0.012810464015166556% of total cal time.
2024-06-21 11:40:24 - gen.py[line:192] - INFO: Packing time 26.336258506774904 min. 28.226631025843574% of total cal time.
2024-06-21 15:01:17 - main.py[line:93] - INFO: Generating dataset for multi-table job-light on scale
2024-06-21 15:01:17 - table.py[line:22] - INFO: Loading table title
2024-06-21 15:01:17 - table.py[line:98] - INFO: table exists, load...
2024-06-21 15:01:17 - table.py[line:101] - INFO: load finished: Table title : 2528311 rows, 115.74MB.
columns:['id', 'kind_id', 'production_year', 'episode_of_id', 'season_nr', 'episode_nr']
2024-06-21 15:01:17 - table.py[line:22] - INFO: Loading table movie_info
2024-06-21 15:01:17 - table.py[line:98] - INFO: table exists, load...
2024-06-21 15:01:17 - table.py[line:101] - INFO: load finished: Table movie_info : 14835719 rows, 339.56MB.
columns:['id', 'movie_id', 'info_type_id']
2024-06-21 15:01:17 - table.py[line:22] - INFO: Loading table movie_info_idx
2024-06-21 15:01:17 - table.py[line:98] - INFO: table exists, load...
2024-06-21 15:01:17 - table.py[line:101] - INFO: load finished: Table movie_info_idx : 1380034 rows, 31.59MB.
columns:['id', 'movie_id', 'info_type_id']
2024-06-21 15:01:17 - table.py[line:22] - INFO: Loading table cast_info
2024-06-21 15:01:17 - table.py[line:98] - INFO: table exists, load...
2024-06-21 15:01:18 - table.py[line:101] - INFO: load finished: Table cast_info : 36244343 rows, 1659.13MB.
columns:['id', 'person_id', 'movie_id', 'person_role_id', 'nr_order', 'role_id']
2024-06-21 15:01:18 - table.py[line:22] - INFO: Loading table movie_keyword
2024-06-21 15:01:18 - table.py[line:98] - INFO: table exists, load...
2024-06-21 15:01:18 - table.py[line:101] - INFO: load finished: Table movie_keyword : 4523929 rows, 103.54MB.
columns:['id', 'movie_id', 'keyword_id']
2024-06-21 15:01:18 - table.py[line:22] - INFO: Loading table movie_companies
2024-06-21 15:01:18 - table.py[line:98] - INFO: table exists, load...
2024-06-21 15:01:18 - table.py[line:101] - INFO: load finished: Table movie_companies : 2609128 rows, 79.62MB.
columns:['id', 'movie_id', 'company_id', 'company_type_id']
2024-06-21 15:01:18 - sample.py[line:176] - INFO: sample group exists, load...
2024-06-21 15:01:19 - sample.py[line:179] - INFO: load finished.
2024-06-21 15:01:35 - feat.py[line:269] - INFO: Histo exists, load...
2024-06-21 15:01:35 - feat.py[line:272] - INFO: load finished: job-light.title
2024-06-21 15:01:35 - feat.py[line:269] - INFO: Histo exists, load...
2024-06-21 15:01:35 - feat.py[line:272] - INFO: load finished: job-light.movie_info
2024-06-21 15:01:35 - feat.py[line:269] - INFO: Histo exists, load...
2024-06-21 15:01:35 - feat.py[line:272] - INFO: load finished: job-light.movie_info_idx
2024-06-21 15:01:35 - feat.py[line:269] - INFO: Histo exists, load...
2024-06-21 15:01:35 - feat.py[line:272] - INFO: load finished: job-light.cast_info
2024-06-21 15:01:35 - feat.py[line:269] - INFO: Histo exists, load...
2024-06-21 15:01:35 - feat.py[line:272] - INFO: load finished: job-light.movie_keyword
2024-06-21 15:01:35 - feat.py[line:269] - INFO: Histo exists, load...
2024-06-21 15:01:35 - feat.py[line:272] - INFO: load finished: job-light.movie_companies
2024-06-21 15:01:35 - sample.py[line:193] - INFO: sample features exists, load...
2024-06-21 15:01:35 - sample.py[line:196] - INFO: load finished.
2024-06-21 15:01:35 - gen.py[line:132] - INFO: scale is being processed!
2024-06-21 15:01:48 - gen.py[line:145] - INFO: All batch ditributed!
2024-06-21 15:18:20 - main.py[line:93] - INFO: Generating dataset for multi-table job-light on scale
2024-06-21 15:18:20 - table.py[line:22] - INFO: Loading table title
2024-06-21 15:18:20 - table.py[line:98] - INFO: table exists, load...
2024-06-21 15:18:20 - table.py[line:101] - INFO: load finished: Table title : 2528311 rows, 115.74MB.
columns:['id', 'kind_id', 'production_year', 'episode_of_id', 'season_nr', 'episode_nr']
2024-06-21 15:18:20 - table.py[line:22] - INFO: Loading table movie_info
2024-06-21 15:18:20 - table.py[line:98] - INFO: table exists, load...
2024-06-21 15:18:20 - table.py[line:101] - INFO: load finished: Table movie_info : 14835719 rows, 339.56MB.
columns:['id', 'movie_id', 'info_type_id']
2024-06-21 15:18:20 - table.py[line:22] - INFO: Loading table movie_info_idx
2024-06-21 15:18:20 - table.py[line:98] - INFO: table exists, load...
2024-06-21 15:18:20 - table.py[line:101] - INFO: load finished: Table movie_info_idx : 1380034 rows, 31.59MB.
columns:['id', 'movie_id', 'info_type_id']
2024-06-21 15:18:20 - table.py[line:22] - INFO: Loading table cast_info
2024-06-21 15:18:20 - table.py[line:98] - INFO: table exists, load...
2024-06-21 15:18:21 - table.py[line:101] - INFO: load finished: Table cast_info : 36244343 rows, 1659.13MB.
columns:['id', 'person_id', 'movie_id', 'person_role_id', 'nr_order', 'role_id']
2024-06-21 15:18:21 - table.py[line:22] - INFO: Loading table movie_keyword
2024-06-21 15:18:21 - table.py[line:98] - INFO: table exists, load...
2024-06-21 15:18:21 - table.py[line:101] - INFO: load finished: Table movie_keyword : 4523929 rows, 103.54MB.
columns:['id', 'movie_id', 'keyword_id']
2024-06-21 15:18:21 - table.py[line:22] - INFO: Loading table movie_companies
2024-06-21 15:18:21 - table.py[line:98] - INFO: table exists, load...
2024-06-21 15:18:21 - table.py[line:101] - INFO: load finished: Table movie_companies : 2609128 rows, 79.62MB.
columns:['id', 'movie_id', 'company_id', 'company_type_id']
2024-06-21 15:18:21 - sample.py[line:176] - INFO: sample group exists, load...
2024-06-21 15:18:22 - sample.py[line:179] - INFO: load finished.
2024-06-21 15:18:38 - feat.py[line:269] - INFO: Histo exists, load...
2024-06-21 15:18:38 - feat.py[line:272] - INFO: load finished: job-light.title
2024-06-21 15:18:38 - feat.py[line:269] - INFO: Histo exists, load...
2024-06-21 15:18:38 - feat.py[line:272] - INFO: load finished: job-light.movie_info
2024-06-21 15:18:38 - feat.py[line:269] - INFO: Histo exists, load...
2024-06-21 15:18:38 - feat.py[line:272] - INFO: load finished: job-light.movie_info_idx
2024-06-21 15:18:38 - feat.py[line:269] - INFO: Histo exists, load...
2024-06-21 15:18:38 - feat.py[line:272] - INFO: load finished: job-light.cast_info
2024-06-21 15:18:38 - feat.py[line:269] - INFO: Histo exists, load...
2024-06-21 15:18:38 - feat.py[line:272] - INFO: load finished: job-light.movie_keyword
2024-06-21 15:18:38 - feat.py[line:269] - INFO: Histo exists, load...
2024-06-21 15:18:38 - feat.py[line:272] - INFO: load finished: job-light.movie_companies
2024-06-21 15:18:38 - sample.py[line:193] - INFO: sample features exists, load...
2024-06-21 15:18:38 - sample.py[line:196] - INFO: load finished.
2024-06-21 15:18:38 - gen.py[line:132] - INFO: scale is being processed!
2024-06-21 15:18:55 - gen.py[line:145] - INFO: All batch ditributed!
2024-06-21 16:41:33 - main.py[line:93] - INFO: Generating dataset for multi-table job-light on scale
2024-06-21 16:41:33 - table.py[line:22] - INFO: Loading table title
2024-06-21 16:41:33 - table.py[line:98] - INFO: table exists, load...
2024-06-21 16:41:33 - table.py[line:101] - INFO: load finished: Table title : 2528311 rows, 115.74MB.
columns:['id', 'kind_id', 'production_year', 'episode_of_id', 'season_nr', 'episode_nr']
2024-06-21 16:41:33 - table.py[line:22] - INFO: Loading table movie_info
2024-06-21 16:41:33 - table.py[line:98] - INFO: table exists, load...
2024-06-21 16:41:33 - table.py[line:101] - INFO: load finished: Table movie_info : 14835719 rows, 339.56MB.
columns:['id', 'movie_id', 'info_type_id']
2024-06-21 16:41:33 - table.py[line:22] - INFO: Loading table movie_info_idx
2024-06-21 16:41:33 - table.py[line:98] - INFO: table exists, load...
2024-06-21 16:41:33 - table.py[line:101] - INFO: load finished: Table movie_info_idx : 1380034 rows, 31.59MB.
columns:['id', 'movie_id', 'info_type_id']
2024-06-21 16:41:33 - table.py[line:22] - INFO: Loading table cast_info
2024-06-21 16:41:33 - table.py[line:98] - INFO: table exists, load...
2024-06-21 16:41:34 - table.py[line:101] - INFO: load finished: Table cast_info : 36244343 rows, 1659.13MB.
columns:['id', 'person_id', 'movie_id', 'person_role_id', 'nr_order', 'role_id']
2024-06-21 16:41:34 - table.py[line:22] - INFO: Loading table movie_keyword
2024-06-21 16:41:34 - table.py[line:98] - INFO: table exists, load...
2024-06-21 16:41:34 - table.py[line:101] - INFO: load finished: Table movie_keyword : 4523929 rows, 103.54MB.
columns:['id', 'movie_id', 'keyword_id']
2024-06-21 16:41:34 - table.py[line:22] - INFO: Loading table movie_companies
2024-06-21 16:41:34 - table.py[line:98] - INFO: table exists, load...
2024-06-21 16:41:34 - table.py[line:101] - INFO: load finished: Table movie_companies : 2609128 rows, 79.62MB.
columns:['id', 'movie_id', 'company_id', 'company_type_id']
2024-06-21 16:41:34 - sample.py[line:176] - INFO: sample group exists, load...
2024-06-21 16:41:36 - sample.py[line:179] - INFO: load finished.
2024-06-21 16:41:52 - feat.py[line:269] - INFO: Histo exists, load...
2024-06-21 16:41:52 - feat.py[line:272] - INFO: load finished: job-light.title
2024-06-21 16:41:52 - feat.py[line:269] - INFO: Histo exists, load...
2024-06-21 16:41:52 - feat.py[line:272] - INFO: load finished: job-light.movie_info
2024-06-21 16:41:52 - feat.py[line:269] - INFO: Histo exists, load...
2024-06-21 16:41:52 - feat.py[line:272] - INFO: load finished: job-light.movie_info_idx
2024-06-21 16:41:52 - feat.py[line:269] - INFO: Histo exists, load...
2024-06-21 16:41:52 - feat.py[line:272] - INFO: load finished: job-light.cast_info
2024-06-21 16:41:52 - feat.py[line:269] - INFO: Histo exists, load...
2024-06-21 16:41:52 - feat.py[line:272] - INFO: load finished: job-light.movie_keyword
2024-06-21 16:41:52 - feat.py[line:269] - INFO: Histo exists, load...
2024-06-21 16:41:52 - feat.py[line:272] - INFO: load finished: job-light.movie_companies
2024-06-21 16:41:52 - sample.py[line:193] - INFO: sample features exists, load...
2024-06-21 16:41:52 - sample.py[line:196] - INFO: load finished.
2024-06-21 16:41:52 - gen.py[line:132] - INFO: scale is being processed!
2024-06-21 16:42:01 - gen.py[line:145] - INFO: All batch ditributed!
2024-06-21 19:54:41 - main.py[line:93] - INFO: Generating dataset for multi-table job-light on scale
2024-06-21 19:54:41 - table.py[line:22] - INFO: Loading table title
2024-06-21 19:54:41 - table.py[line:98] - INFO: table exists, load...
2024-06-21 19:54:41 - table.py[line:101] - INFO: load finished: Table title : 2528311 rows, 115.74MB.
columns:['id', 'kind_id', 'production_year', 'episode_of_id', 'season_nr', 'episode_nr']
2024-06-21 19:54:41 - table.py[line:22] - INFO: Loading table movie_info
2024-06-21 19:54:41 - table.py[line:98] - INFO: table exists, load...
2024-06-21 19:54:42 - table.py[line:101] - INFO: load finished: Table movie_info : 14835719 rows, 339.56MB.
columns:['id', 'movie_id', 'info_type_id']
2024-06-21 19:54:42 - table.py[line:22] - INFO: Loading table movie_info_idx
2024-06-21 19:54:42 - table.py[line:98] - INFO: table exists, load...
2024-06-21 19:54:42 - table.py[line:101] - INFO: load finished: Table movie_info_idx : 1380034 rows, 31.59MB.
columns:['id', 'movie_id', 'info_type_id']
2024-06-21 19:54:42 - table.py[line:22] - INFO: Loading table cast_info
2024-06-21 19:54:42 - table.py[line:98] - INFO: table exists, load...
2024-06-21 19:54:43 - table.py[line:101] - INFO: load finished: Table cast_info : 36244343 rows, 1659.13MB.
columns:['id', 'person_id', 'movie_id', 'person_role_id', 'nr_order', 'role_id']
2024-06-21 19:54:43 - table.py[line:22] - INFO: Loading table movie_keyword
2024-06-21 19:54:43 - table.py[line:98] - INFO: table exists, load...
2024-06-21 19:54:43 - table.py[line:101] - INFO: load finished: Table movie_keyword : 4523929 rows, 103.54MB.
columns:['id', 'movie_id', 'keyword_id']
2024-06-21 19:54:43 - table.py[line:22] - INFO: Loading table movie_companies
2024-06-21 19:54:43 - table.py[line:98] - INFO: table exists, load...
2024-06-21 19:54:43 - table.py[line:101] - INFO: load finished: Table movie_companies : 2609128 rows, 79.62MB.
columns:['id', 'movie_id', 'company_id', 'company_type_id']
2024-06-21 19:54:43 - sample.py[line:176] - INFO: sample group exists, load...
2024-06-21 19:54:45 - sample.py[line:179] - INFO: load finished.
2024-06-21 19:55:00 - feat.py[line:269] - INFO: Histo exists, load...
2024-06-21 19:55:00 - feat.py[line:272] - INFO: load finished: job-light.title
2024-06-21 19:55:00 - feat.py[line:269] - INFO: Histo exists, load...
2024-06-21 19:55:00 - feat.py[line:272] - INFO: load finished: job-light.movie_info
2024-06-21 19:55:00 - feat.py[line:269] - INFO: Histo exists, load...
2024-06-21 19:55:00 - feat.py[line:272] - INFO: load finished: job-light.movie_info_idx
2024-06-21 19:55:00 - feat.py[line:269] - INFO: Histo exists, load...
2024-06-21 19:55:00 - feat.py[line:272] - INFO: load finished: job-light.cast_info
2024-06-21 19:55:00 - feat.py[line:269] - INFO: Histo exists, load...
2024-06-21 19:55:00 - feat.py[line:272] - INFO: load finished: job-light.movie_keyword
2024-06-21 19:55:00 - feat.py[line:269] - INFO: Histo exists, load...
2024-06-21 19:55:00 - feat.py[line:272] - INFO: load finished: job-light.movie_companies
2024-06-21 19:55:00 - sample.py[line:193] - INFO: sample features exists, load...
2024-06-21 19:55:00 - sample.py[line:196] - INFO: load finished.
2024-06-21 19:55:00 - gen.py[line:132] - INFO: scale is being processed!
2024-06-21 19:55:16 - gen.py[line:145] - INFO: All batch ditributed!
2024-06-21 20:18:34 - main.py[line:93] - INFO: Generating dataset for multi-table job-light on scale
2024-06-21 20:18:34 - table.py[line:22] - INFO: Loading table title
2024-06-21 20:18:34 - table.py[line:98] - INFO: table exists, load...
2024-06-21 20:18:34 - table.py[line:101] - INFO: load finished: Table title : 2528311 rows, 115.74MB.
columns:['id', 'kind_id', 'production_year', 'episode_of_id', 'season_nr', 'episode_nr']
2024-06-21 20:18:34 - table.py[line:22] - INFO: Loading table movie_info
2024-06-21 20:18:34 - table.py[line:98] - INFO: table exists, load...
2024-06-21 20:18:34 - table.py[line:101] - INFO: load finished: Table movie_info : 14835719 rows, 339.56MB.
columns:['id', 'movie_id', 'info_type_id']
2024-06-21 20:18:34 - table.py[line:22] - INFO: Loading table movie_info_idx
2024-06-21 20:18:34 - table.py[line:98] - INFO: table exists, load...
2024-06-21 20:18:34 - table.py[line:101] - INFO: load finished: Table movie_info_idx : 1380034 rows, 31.59MB.
columns:['id', 'movie_id', 'info_type_id']
2024-06-21 20:18:34 - table.py[line:22] - INFO: Loading table cast_info
2024-06-21 20:18:34 - table.py[line:98] - INFO: table exists, load...
2024-06-21 20:18:35 - table.py[line:101] - INFO: load finished: Table cast_info : 36244343 rows, 1659.13MB.
columns:['id', 'person_id', 'movie_id', 'person_role_id', 'nr_order', 'role_id']
2024-06-21 20:18:35 - table.py[line:22] - INFO: Loading table movie_keyword
2024-06-21 20:18:35 - table.py[line:98] - INFO: table exists, load...
2024-06-21 20:18:35 - table.py[line:101] - INFO: load finished: Table movie_keyword : 4523929 rows, 103.54MB.
columns:['id', 'movie_id', 'keyword_id']
2024-06-21 20:18:35 - table.py[line:22] - INFO: Loading table movie_companies
2024-06-21 20:18:35 - table.py[line:98] - INFO: table exists, load...
2024-06-21 20:18:35 - table.py[line:101] - INFO: load finished: Table movie_companies : 2609128 rows, 79.62MB.
columns:['id', 'movie_id', 'company_id', 'company_type_id']
2024-06-21 20:18:35 - sample.py[line:176] - INFO: sample group exists, load...
2024-06-21 20:18:37 - sample.py[line:179] - INFO: load finished.
2024-06-21 20:18:53 - feat.py[line:269] - INFO: Histo exists, load...
2024-06-21 20:18:53 - feat.py[line:272] - INFO: load finished: job-light.title
2024-06-21 20:18:53 - feat.py[line:269] - INFO: Histo exists, load...
2024-06-21 20:18:53 - feat.py[line:272] - INFO: load finished: job-light.movie_info
2024-06-21 20:18:53 - feat.py[line:269] - INFO: Histo exists, load...
2024-06-21 20:18:53 - feat.py[line:272] - INFO: load finished: job-light.movie_info_idx
2024-06-21 20:18:53 - feat.py[line:269] - INFO: Histo exists, load...
2024-06-21 20:18:53 - feat.py[line:272] - INFO: load finished: job-light.cast_info
2024-06-21 20:18:53 - feat.py[line:269] - INFO: Histo exists, load...
2024-06-21 20:18:53 - feat.py[line:272] - INFO: load finished: job-light.movie_keyword
2024-06-21 20:18:53 - feat.py[line:269] - INFO: Histo exists, load...
2024-06-21 20:18:53 - feat.py[line:272] - INFO: load finished: job-light.movie_companies
2024-06-21 20:18:53 - sample.py[line:193] - INFO: sample features exists, load...
2024-06-21 20:18:53 - sample.py[line:196] - INFO: load finished.
2024-06-21 20:18:53 - gen.py[line:132] - INFO: scale is being processed!
2024-06-21 20:19:16 - gen.py[line:145] - INFO: All batch ditributed!
2024-06-21 20:32:17 - main.py[line:93] - INFO: Generating dataset for multi-table job-light on scale
2024-06-21 20:32:17 - table.py[line:22] - INFO: Loading table title
2024-06-21 20:32:17 - table.py[line:98] - INFO: table exists, load...
2024-06-21 20:32:17 - table.py[line:101] - INFO: load finished: Table title : 2528311 rows, 115.74MB.
columns:['id', 'kind_id', 'production_year', 'episode_of_id', 'season_nr', 'episode_nr']
2024-06-21 20:32:17 - table.py[line:22] - INFO: Loading table movie_info
2024-06-21 20:32:17 - table.py[line:98] - INFO: table exists, load...
2024-06-21 20:32:17 - table.py[line:101] - INFO: load finished: Table movie_info : 14835719 rows, 339.56MB.
columns:['id', 'movie_id', 'info_type_id']
2024-06-21 20:32:17 - table.py[line:22] - INFO: Loading table movie_info_idx
2024-06-21 20:32:17 - table.py[line:98] - INFO: table exists, load...
2024-06-21 20:32:17 - table.py[line:101] - INFO: load finished: Table movie_info_idx : 1380034 rows, 31.59MB.
columns:['id', 'movie_id', 'info_type_id']
2024-06-21 20:32:17 - table.py[line:22] - INFO: Loading table cast_info
2024-06-21 20:32:17 - table.py[line:98] - INFO: table exists, load...
2024-06-21 20:32:18 - table.py[line:101] - INFO: load finished: Table cast_info : 36244343 rows, 1659.13MB.
columns:['id', 'person_id', 'movie_id', 'person_role_id', 'nr_order', 'role_id']
2024-06-21 20:32:18 - table.py[line:22] - INFO: Loading table movie_keyword
2024-06-21 20:32:18 - table.py[line:98] - INFO: table exists, load...
2024-06-21 20:32:19 - table.py[line:101] - INFO: load finished: Table movie_keyword : 4523929 rows, 103.54MB.
columns:['id', 'movie_id', 'keyword_id']
2024-06-21 20:32:19 - table.py[line:22] - INFO: Loading table movie_companies
2024-06-21 20:32:19 - table.py[line:98] - INFO: table exists, load...
2024-06-21 20:32:19 - table.py[line:101] - INFO: load finished: Table movie_companies : 2609128 rows, 79.62MB.
columns:['id', 'movie_id', 'company_id', 'company_type_id']
2024-06-21 20:32:19 - sample.py[line:176] - INFO: sample group exists, load...
2024-06-21 20:32:20 - sample.py[line:179] - INFO: load finished.
2024-06-21 20:32:36 - feat.py[line:269] - INFO: Histo exists, load...
2024-06-21 20:32:36 - feat.py[line:272] - INFO: load finished: job-light.title
2024-06-21 20:32:36 - feat.py[line:269] - INFO: Histo exists, load...
2024-06-21 20:32:36 - feat.py[line:272] - INFO: load finished: job-light.movie_info
2024-06-21 20:32:36 - feat.py[line:269] - INFO: Histo exists, load...
2024-06-21 20:32:36 - feat.py[line:272] - INFO: load finished: job-light.movie_info_idx
2024-06-21 20:32:36 - feat.py[line:269] - INFO: Histo exists, load...
2024-06-21 20:32:36 - feat.py[line:272] - INFO: load finished: job-light.cast_info
2024-06-21 20:32:36 - feat.py[line:269] - INFO: Histo exists, load...
2024-06-21 20:32:36 - feat.py[line:272] - INFO: load finished: job-light.movie_keyword
2024-06-21 20:32:36 - feat.py[line:269] - INFO: Histo exists, load...
2024-06-21 20:32:36 - feat.py[line:272] - INFO: load finished: job-light.movie_companies
2024-06-21 20:32:36 - sample.py[line:193] - INFO: sample features exists, load...
2024-06-21 20:32:36 - sample.py[line:196] - INFO: load finished.
2024-06-21 20:32:36 - gen.py[line:132] - INFO: scale is being processed!
2024-06-21 20:32:51 - gen.py[line:145] - INFO: All batch ditributed!
2024-06-21 20:36:51 - gen.py[line:160] - INFO: Saving records
2024-06-21 20:36:52 - gen.py[line:175] - INFO: Generating Dataset Time Cost Summary as Follows:
2024-06-21 20:36:52 - gen.py[line:176] - INFO: Main Thread Total time 4.262636903921763 min.
2024-06-21 20:36:52 - gen.py[line:177] - INFO: Distribute Process time 0.24416022300720214 min. 5.727915103033216% of total time.
2024-06-21 20:36:52 - gen.py[line:178] - INFO: Waiting Process time 4.005876461664836 min. 93.9764880743021% of total time.
2024-06-21 20:36:52 - gen.py[line:179] - INFO: Saving Records time 0.012516244252522787 min. 0.29362679802747077% of total time.
2024-06-21 20:36:52 - gen.py[line:180] - INFO: Df time 0.003044275442759196 min. 24.32259535160149% of total time.
2024-06-21 20:36:52 - gen.py[line:181] - INFO: ToDisk time 0.009391550223032634 min. 75.03489092696208% of total time.
2024-06-21 20:36:52 - gen.py[line:187] - INFO: Calculating Time as Follows:
2024-06-21 20:36:52 - gen.py[line:188] - INFO: Total cal time 93.49477682908378 min. 2193.35540268667% of total time.
2024-06-21 20:36:52 - gen.py[line:189] - INFO: Ground Turth time 58.51492636601131 min. 62.58630519326386% of total cal time.
2024-06-21 20:36:52 - gen.py[line:190] - INFO: Sample Group time 8.428241515159607 min. 9.014665632677142% of total cal time.
2024-06-21 20:36:52 - gen.py[line:191] - INFO: Query Vector time 0.0345777670542399 min. 0.036983635051026365% of total cal time.
2024-06-21 20:36:52 - gen.py[line:192] - INFO: Packing time 26.517031180858616 min. 28.362045539007973% of total cal time.
2024-06-21 20:47:30 - main.py[line:93] - INFO: Generating dataset for multi-table job-light on scale
2024-06-21 20:47:30 - table.py[line:22] - INFO: Loading table title
2024-06-21 20:47:30 - table.py[line:98] - INFO: table exists, load...
2024-06-21 20:47:30 - table.py[line:101] - INFO: load finished: Table title : 2528311 rows, 115.74MB.
columns:['id', 'kind_id', 'production_year', 'episode_of_id', 'season_nr', 'episode_nr']
2024-06-21 20:47:30 - table.py[line:22] - INFO: Loading table movie_info
2024-06-21 20:47:30 - table.py[line:98] - INFO: table exists, load...
2024-06-21 20:47:31 - table.py[line:101] - INFO: load finished: Table movie_info : 14835719 rows, 339.56MB.
columns:['id', 'movie_id', 'info_type_id']
2024-06-21 20:47:31 - table.py[line:22] - INFO: Loading table movie_info_idx
2024-06-21 20:47:31 - table.py[line:98] - INFO: table exists, load...
2024-06-21 20:47:31 - table.py[line:101] - INFO: load finished: Table movie_info_idx : 1380034 rows, 31.59MB.
columns:['id', 'movie_id', 'info_type_id']
2024-06-21 20:47:31 - table.py[line:22] - INFO: Loading table cast_info
2024-06-21 20:47:31 - table.py[line:98] - INFO: table exists, load...
2024-06-21 20:47:31 - table.py[line:101] - INFO: load finished: Table cast_info : 36244343 rows, 1659.13MB.
columns:['id', 'person_id', 'movie_id', 'person_role_id', 'nr_order', 'role_id']
2024-06-21 20:47:31 - table.py[line:22] - INFO: Loading table movie_keyword
2024-06-21 20:47:31 - table.py[line:98] - INFO: table exists, load...
2024-06-21 20:47:31 - table.py[line:101] - INFO: load finished: Table movie_keyword : 4523929 rows, 103.54MB.
columns:['id', 'movie_id', 'keyword_id']
2024-06-21 20:47:31 - table.py[line:22] - INFO: Loading table movie_companies
2024-06-21 20:47:31 - table.py[line:98] - INFO: table exists, load...
2024-06-21 20:47:32 - table.py[line:101] - INFO: load finished: Table movie_companies : 2609128 rows, 79.62MB.
columns:['id', 'movie_id', 'company_id', 'company_type_id']
2024-06-21 20:47:32 - sample.py[line:176] - INFO: sample group exists, load...
2024-06-21 20:47:33 - sample.py[line:179] - INFO: load finished.
2024-06-21 20:47:50 - feat.py[line:269] - INFO: Histo exists, load...
2024-06-21 20:47:50 - feat.py[line:272] - INFO: load finished: job-light.title
2024-06-21 20:47:50 - feat.py[line:269] - INFO: Histo exists, load...
2024-06-21 20:47:50 - feat.py[line:272] - INFO: load finished: job-light.movie_info
2024-06-21 20:47:50 - feat.py[line:269] - INFO: Histo exists, load...
2024-06-21 20:47:50 - feat.py[line:272] - INFO: load finished: job-light.movie_info_idx
2024-06-21 20:47:50 - feat.py[line:269] - INFO: Histo exists, load...
2024-06-21 20:47:50 - feat.py[line:272] - INFO: load finished: job-light.cast_info
2024-06-21 20:47:50 - feat.py[line:269] - INFO: Histo exists, load...
2024-06-21 20:47:50 - feat.py[line:272] - INFO: load finished: job-light.movie_keyword
2024-06-21 20:47:50 - feat.py[line:269] - INFO: Histo exists, load...
2024-06-21 20:47:50 - feat.py[line:272] - INFO: load finished: job-light.movie_companies
2024-06-21 20:47:50 - sample.py[line:193] - INFO: sample features exists, load...
2024-06-21 20:47:50 - sample.py[line:196] - INFO: load finished.
2024-06-21 20:47:50 - gen.py[line:132] - INFO: scale is being processed!
2024-06-21 20:48:11 - gen.py[line:145] - INFO: All batch ditributed!
2024-06-21 20:54:57 - gen.py[line:160] - INFO: Saving records
2024-06-21 20:54:58 - gen.py[line:175] - INFO: Generating Dataset Time Cost Summary as Follows:
2024-06-21 20:54:58 - gen.py[line:176] - INFO: Main Thread Total time 7.130793488025665 min.
2024-06-21 20:54:58 - gen.py[line:177] - INFO: Distribute Process time 0.35150754849116006 min. 4.9294310525389164% of total time.
2024-06-21 20:54:58 - gen.py[line:178] - INFO: Waiting Process time 6.764733843008677 min. 94.86649493311381% of total time.
2024-06-21 20:54:58 - gen.py[line:179] - INFO: Saving Records time 0.01442951758702596 min. 0.20235500595069295% of total time.
2024-06-21 20:54:58 - gen.py[line:180] - INFO: Df time 0.0031929651896158854 min. 22.128010658421335% of total time.
2024-06-21 20:54:58 - gen.py[line:181] - INFO: ToDisk time 0.011114060878753662 min. 77.0230938887844% of total time.
2024-06-21 20:54:58 - gen.py[line:187] - INFO: Calculating Time as Follows:
2024-06-21 20:54:58 - gen.py[line:188] - INFO: Total cal time 108.77607882817583 min. 1525.4414394532291% of total time.
2024-06-21 20:54:58 - gen.py[line:189] - INFO: Ground Turth time 53.73273302714028 min. 49.39756388168509% of total cal time.
2024-06-21 20:54:58 - gen.py[line:190] - INFO: Sample Group time 7.422490115960439 min. 6.823641921938652% of total cal time.
2024-06-21 20:54:58 - gen.py[line:191] - INFO: Query Vector time 0.01169826984405518 min. 0.010754450767189288% of total cal time.
2024-06-21 20:54:58 - gen.py[line:192] - INFO: Packing time 47.60915741523107 min. 43.76803974560909% of total cal time.
2024-06-21 21:04:25 - main.py[line:93] - INFO: Generating dataset for multi-table job-light on synthetic
2024-06-21 21:04:25 - table.py[line:22] - INFO: Loading table title
2024-06-21 21:04:25 - table.py[line:98] - INFO: table exists, load...
2024-06-21 21:04:25 - table.py[line:101] - INFO: load finished: Table title : 2528311 rows, 115.74MB.
columns:['id', 'kind_id', 'production_year', 'episode_of_id', 'season_nr', 'episode_nr']
2024-06-21 21:04:25 - table.py[line:22] - INFO: Loading table movie_info
2024-06-21 21:04:25 - table.py[line:98] - INFO: table exists, load...
2024-06-21 21:04:25 - table.py[line:101] - INFO: load finished: Table movie_info : 14835719 rows, 339.56MB.
columns:['id', 'movie_id', 'info_type_id']
2024-06-21 21:04:25 - table.py[line:22] - INFO: Loading table movie_info_idx
2024-06-21 21:04:25 - table.py[line:98] - INFO: table exists, load...
2024-06-21 21:04:25 - table.py[line:101] - INFO: load finished: Table movie_info_idx : 1380034 rows, 31.59MB.
columns:['id', 'movie_id', 'info_type_id']
2024-06-21 21:04:25 - table.py[line:22] - INFO: Loading table cast_info
2024-06-21 21:04:25 - table.py[line:98] - INFO: table exists, load...
2024-06-21 21:04:26 - table.py[line:101] - INFO: load finished: Table cast_info : 36244343 rows, 1659.13MB.
columns:['id', 'person_id', 'movie_id', 'person_role_id', 'nr_order', 'role_id']
2024-06-21 21:04:26 - table.py[line:22] - INFO: Loading table movie_keyword
2024-06-21 21:04:26 - table.py[line:98] - INFO: table exists, load...
2024-06-21 21:04:26 - table.py[line:101] - INFO: load finished: Table movie_keyword : 4523929 rows, 103.54MB.
columns:['id', 'movie_id', 'keyword_id']
2024-06-21 21:04:26 - table.py[line:22] - INFO: Loading table movie_companies
2024-06-21 21:04:26 - table.py[line:98] - INFO: table exists, load...
2024-06-21 21:04:26 - table.py[line:101] - INFO: load finished: Table movie_companies : 2609128 rows, 79.62MB.
columns:['id', 'movie_id', 'company_id', 'company_type_id']
2024-06-21 21:04:26 - sample.py[line:176] - INFO: sample group exists, load...
2024-06-21 21:04:27 - sample.py[line:179] - INFO: load finished.
2024-06-21 21:04:45 - feat.py[line:269] - INFO: Histo exists, load...
2024-06-21 21:04:45 - feat.py[line:272] - INFO: load finished: job-light.title
2024-06-21 21:04:45 - feat.py[line:269] - INFO: Histo exists, load...
2024-06-21 21:04:45 - feat.py[line:272] - INFO: load finished: job-light.movie_info
2024-06-21 21:04:45 - feat.py[line:269] - INFO: Histo exists, load...
2024-06-21 21:04:45 - feat.py[line:272] - INFO: load finished: job-light.movie_info_idx
2024-06-21 21:04:45 - feat.py[line:269] - INFO: Histo exists, load...
2024-06-21 21:04:45 - feat.py[line:272] - INFO: load finished: job-light.cast_info
2024-06-21 21:04:45 - feat.py[line:269] - INFO: Histo exists, load...
2024-06-21 21:04:45 - feat.py[line:272] - INFO: load finished: job-light.movie_keyword
2024-06-21 21:04:45 - feat.py[line:269] - INFO: Histo exists, load...
2024-06-21 21:04:45 - feat.py[line:272] - INFO: load finished: job-light.movie_companies
2024-06-21 21:04:45 - sample.py[line:193] - INFO: sample features exists, load...
2024-06-21 21:04:45 - sample.py[line:196] - INFO: load finished.
2024-06-21 21:04:45 - gen.py[line:132] - INFO: synthetic is being processed!
2024-06-21 21:05:03 - gen.py[line:145] - INFO: All batch ditributed!
2024-06-22 14:55:59 - main.py[line:93] - INFO: Generating dataset for multi-table job-light on synthetic
2024-06-22 14:55:59 - table.py[line:22] - INFO: Loading table title
2024-06-22 14:55:59 - table.py[line:98] - INFO: table exists, load...
2024-06-22 14:55:59 - table.py[line:101] - INFO: load finished: Table title : 2528311 rows, 115.74MB.
columns:['id', 'kind_id', 'production_year', 'episode_of_id', 'season_nr', 'episode_nr']
2024-06-22 14:55:59 - table.py[line:22] - INFO: Loading table movie_info
2024-06-22 14:55:59 - table.py[line:98] - INFO: table exists, load...
2024-06-22 14:56:00 - table.py[line:101] - INFO: load finished: Table movie_info : 14835719 rows, 339.56MB.
columns:['id', 'movie_id', 'info_type_id']
2024-06-22 14:56:00 - table.py[line:22] - INFO: Loading table movie_info_idx
2024-06-22 14:56:00 - table.py[line:98] - INFO: table exists, load...
2024-06-22 14:56:00 - table.py[line:101] - INFO: load finished: Table movie_info_idx : 1380034 rows, 31.59MB.
columns:['id', 'movie_id', 'info_type_id']
2024-06-22 14:56:00 - table.py[line:22] - INFO: Loading table cast_info
2024-06-22 14:56:00 - table.py[line:98] - INFO: table exists, load...
2024-06-22 14:56:01 - table.py[line:101] - INFO: load finished: Table cast_info : 36244343 rows, 1659.13MB.
columns:['id', 'person_id', 'movie_id', 'person_role_id', 'nr_order', 'role_id']
2024-06-22 14:56:01 - table.py[line:22] - INFO: Loading table movie_keyword
2024-06-22 14:56:01 - table.py[line:98] - INFO: table exists, load...
2024-06-22 14:56:01 - table.py[line:101] - INFO: load finished: Table movie_keyword : 4523929 rows, 103.54MB.
columns:['id', 'movie_id', 'keyword_id']
2024-06-22 14:56:01 - table.py[line:22] - INFO: Loading table movie_companies
2024-06-22 14:56:01 - table.py[line:98] - INFO: table exists, load...
2024-06-22 14:56:01 - table.py[line:101] - INFO: load finished: Table movie_companies : 2609128 rows, 79.62MB.
columns:['id', 'movie_id', 'company_id', 'company_type_id']
2024-06-22 14:56:01 - sample.py[line:176] - INFO: sample group exists, load...
2024-06-22 14:56:03 - sample.py[line:179] - INFO: load finished.
2024-06-22 14:56:18 - feat.py[line:269] - INFO: Histo exists, load...
2024-06-22 14:56:18 - feat.py[line:272] - INFO: load finished: job-light.title
2024-06-22 14:56:18 - feat.py[line:269] - INFO: Histo exists, load...
2024-06-22 14:56:18 - feat.py[line:272] - INFO: load finished: job-light.movie_info
2024-06-22 14:56:18 - feat.py[line:269] - INFO: Histo exists, load...
2024-06-22 14:56:18 - feat.py[line:272] - INFO: load finished: job-light.movie_info_idx
2024-06-22 14:56:18 - feat.py[line:269] - INFO: Histo exists, load...
2024-06-22 14:56:18 - feat.py[line:272] - INFO: load finished: job-light.cast_info
2024-06-22 14:56:18 - feat.py[line:269] - INFO: Histo exists, load...
2024-06-22 14:56:18 - feat.py[line:272] - INFO: load finished: job-light.movie_keyword
2024-06-22 14:56:18 - feat.py[line:269] - INFO: Histo exists, load...
2024-06-22 14:56:18 - feat.py[line:272] - INFO: load finished: job-light.movie_companies
2024-06-22 14:56:18 - sample.py[line:193] - INFO: sample features exists, load...
2024-06-22 14:56:18 - sample.py[line:196] - INFO: load finished.
2024-06-22 14:56:18 - gen.py[line:132] - INFO: synthetic is being processed!
2024-06-22 14:56:45 - gen.py[line:145] - INFO: All batch ditributed!
2024-06-22 15:21:20 - main.py[line:93] - INFO: Generating dataset for multi-table job-light on synthetic
2024-06-22 15:21:20 - table.py[line:22] - INFO: Loading table title
2024-06-22 15:21:20 - table.py[line:98] - INFO: table exists, load...
2024-06-22 15:21:21 - table.py[line:101] - INFO: load finished: Table title : 2528311 rows, 115.74MB.
columns:['id', 'kind_id', 'production_year', 'episode_of_id', 'season_nr', 'episode_nr']
2024-06-22 15:21:21 - table.py[line:22] - INFO: Loading table movie_info
2024-06-22 15:21:21 - table.py[line:98] - INFO: table exists, load...
2024-06-22 15:21:21 - table.py[line:101] - INFO: load finished: Table movie_info : 14835719 rows, 339.56MB.
columns:['id', 'movie_id', 'info_type_id']
2024-06-22 15:21:21 - table.py[line:22] - INFO: Loading table movie_info_idx
2024-06-22 15:21:21 - table.py[line:98] - INFO: table exists, load...
2024-06-22 15:21:21 - table.py[line:101] - INFO: load finished: Table movie_info_idx : 1380034 rows, 31.59MB.
columns:['id', 'movie_id', 'info_type_id']
2024-06-22 15:21:21 - table.py[line:22] - INFO: Loading table cast_info
2024-06-22 15:21:21 - table.py[line:98] - INFO: table exists, load...
2024-06-22 15:21:22 - table.py[line:101] - INFO: load finished: Table cast_info : 36244343 rows, 1659.13MB.
columns:['id', 'person_id', 'movie_id', 'person_role_id', 'nr_order', 'role_id']
2024-06-22 15:21:22 - table.py[line:22] - INFO: Loading table movie_keyword
2024-06-22 15:21:22 - table.py[line:98] - INFO: table exists, load...
2024-06-22 15:21:22 - table.py[line:101] - INFO: load finished: Table movie_keyword : 4523929 rows, 103.54MB.
columns:['id', 'movie_id', 'keyword_id']
2024-06-22 15:21:22 - table.py[line:22] - INFO: Loading table movie_companies
2024-06-22 15:21:22 - table.py[line:98] - INFO: table exists, load...
2024-06-22 15:21:22 - table.py[line:101] - INFO: load finished: Table movie_companies : 2609128 rows, 79.62MB.
columns:['id', 'movie_id', 'company_id', 'company_type_id']
2024-06-22 15:21:22 - sample.py[line:176] - INFO: sample group exists, load...
2024-06-22 15:21:24 - sample.py[line:179] - INFO: load finished.
2024-06-22 15:21:40 - feat.py[line:269] - INFO: Histo exists, load...
2024-06-22 15:21:40 - feat.py[line:272] - INFO: load finished: job-light.title
2024-06-22 15:21:40 - feat.py[line:269] - INFO: Histo exists, load...
2024-06-22 15:21:40 - feat.py[line:272] - INFO: load finished: job-light.movie_info
2024-06-22 15:21:40 - feat.py[line:269] - INFO: Histo exists, load...
2024-06-22 15:21:40 - feat.py[line:272] - INFO: load finished: job-light.movie_info_idx
2024-06-22 15:21:41 - feat.py[line:269] - INFO: Histo exists, load...
2024-06-22 15:21:41 - feat.py[line:272] - INFO: load finished: job-light.cast_info
2024-06-22 15:21:41 - feat.py[line:269] - INFO: Histo exists, load...
2024-06-22 15:21:41 - feat.py[line:272] - INFO: load finished: job-light.movie_keyword
2024-06-22 15:21:41 - feat.py[line:269] - INFO: Histo exists, load...
2024-06-22 15:21:41 - feat.py[line:272] - INFO: load finished: job-light.movie_companies
2024-06-22 15:21:41 - sample.py[line:193] - INFO: sample features exists, load...
2024-06-22 15:21:41 - sample.py[line:196] - INFO: load finished.
2024-06-22 15:21:41 - gen.py[line:132] - INFO: synthetic is being processed!
2024-06-22 15:21:54 - gen.py[line:145] - INFO: All batch ditributed!
2024-06-22 15:22:16 - main.py[line:93] - INFO: Generating dataset for multi-table job-light on synthetic
2024-06-22 15:22:16 - table.py[line:22] - INFO: Loading table title
2024-06-22 15:22:16 - table.py[line:98] - INFO: table exists, load...
2024-06-22 15:22:16 - table.py[line:101] - INFO: load finished: Table title : 2528311 rows, 115.74MB.
columns:['id', 'kind_id', 'production_year', 'episode_of_id', 'season_nr', 'episode_nr']
2024-06-22 15:22:16 - table.py[line:22] - INFO: Loading table movie_info
2024-06-22 15:22:16 - table.py[line:98] - INFO: table exists, load...
2024-06-22 15:22:16 - table.py[line:101] - INFO: load finished: Table movie_info : 14835719 rows, 339.56MB.
columns:['id', 'movie_id', 'info_type_id']
2024-06-22 15:22:16 - table.py[line:22] - INFO: Loading table movie_info_idx
2024-06-22 15:22:16 - table.py[line:98] - INFO: table exists, load...
2024-06-22 15:22:16 - table.py[line:101] - INFO: load finished: Table movie_info_idx : 1380034 rows, 31.59MB.
columns:['id', 'movie_id', 'info_type_id']
2024-06-22 15:22:16 - table.py[line:22] - INFO: Loading table cast_info
2024-06-22 15:22:16 - table.py[line:98] - INFO: table exists, load...
2024-06-22 15:22:17 - table.py[line:101] - INFO: load finished: Table cast_info : 36244343 rows, 1659.13MB.
columns:['id', 'person_id', 'movie_id', 'person_role_id', 'nr_order', 'role_id']
2024-06-22 15:22:17 - table.py[line:22] - INFO: Loading table movie_keyword
2024-06-22 15:22:17 - table.py[line:98] - INFO: table exists, load...
2024-06-22 15:22:17 - table.py[line:101] - INFO: load finished: Table movie_keyword : 4523929 rows, 103.54MB.
columns:['id', 'movie_id', 'keyword_id']
2024-06-22 15:22:17 - table.py[line:22] - INFO: Loading table movie_companies
2024-06-22 15:22:17 - table.py[line:98] - INFO: table exists, load...
2024-06-22 15:22:17 - table.py[line:101] - INFO: load finished: Table movie_companies : 2609128 rows, 79.62MB.
columns:['id', 'movie_id', 'company_id', 'company_type_id']
2024-06-22 15:22:17 - sample.py[line:176] - INFO: sample group exists, load...
2024-06-22 15:22:18 - sample.py[line:179] - INFO: load finished.
2024-06-22 15:22:34 - feat.py[line:269] - INFO: Histo exists, load...
2024-06-22 15:22:34 - feat.py[line:272] - INFO: load finished: job-light.title
2024-06-22 15:22:34 - feat.py[line:269] - INFO: Histo exists, load...
2024-06-22 15:22:34 - feat.py[line:272] - INFO: load finished: job-light.movie_info
2024-06-22 15:22:34 - feat.py[line:269] - INFO: Histo exists, load...
2024-06-22 15:22:34 - feat.py[line:272] - INFO: load finished: job-light.movie_info_idx
2024-06-22 15:22:34 - feat.py[line:269] - INFO: Histo exists, load...
2024-06-22 15:22:34 - feat.py[line:272] - INFO: load finished: job-light.cast_info
2024-06-22 15:22:34 - feat.py[line:269] - INFO: Histo exists, load...
2024-06-22 15:22:34 - feat.py[line:272] - INFO: load finished: job-light.movie_keyword
2024-06-22 15:22:34 - feat.py[line:269] - INFO: Histo exists, load...
2024-06-22 15:22:34 - feat.py[line:272] - INFO: load finished: job-light.movie_companies
2024-06-22 15:22:34 - sample.py[line:193] - INFO: sample features exists, load...
2024-06-22 15:22:34 - sample.py[line:196] - INFO: load finished.
2024-06-22 15:22:34 - gen.py[line:132] - INFO: synthetic is being processed!
2024-06-22 15:23:18 - gen.py[line:145] - INFO: All batch ditributed!
2024-06-22 15:58:59 - main.py[line:93] - INFO: Generating dataset for multi-table job-light on synthetic
2024-06-22 15:58:59 - table.py[line:22] - INFO: Loading table title
2024-06-22 15:58:59 - table.py[line:98] - INFO: table exists, load...
2024-06-22 15:58:59 - table.py[line:101] - INFO: load finished: Table title : 2528311 rows, 115.74MB.
columns:['id', 'kind_id', 'production_year', 'episode_of_id', 'season_nr', 'episode_nr']
2024-06-22 15:58:59 - table.py[line:22] - INFO: Loading table movie_info
2024-06-22 15:58:59 - table.py[line:98] - INFO: table exists, load...
2024-06-22 15:59:00 - table.py[line:101] - INFO: load finished: Table movie_info : 14835719 rows, 339.56MB.
columns:['id', 'movie_id', 'info_type_id']
2024-06-22 15:59:00 - table.py[line:22] - INFO: Loading table movie_info_idx
2024-06-22 15:59:00 - table.py[line:98] - INFO: table exists, load...
2024-06-22 15:59:00 - table.py[line:101] - INFO: load finished: Table movie_info_idx : 1380034 rows, 31.59MB.
columns:['id', 'movie_id', 'info_type_id']
2024-06-22 15:59:00 - table.py[line:22] - INFO: Loading table cast_info
2024-06-22 15:59:00 - table.py[line:98] - INFO: table exists, load...
2024-06-22 15:59:01 - table.py[line:101] - INFO: load finished: Table cast_info : 36244343 rows, 1659.13MB.
columns:['id', 'person_id', 'movie_id', 'person_role_id', 'nr_order', 'role_id']
2024-06-22 15:59:01 - table.py[line:22] - INFO: Loading table movie_keyword
2024-06-22 15:59:01 - table.py[line:98] - INFO: table finished: Table movie_keyword : 4523929 rows, 103.54MB.
columns:['id', 'movie_id', 'keyword_id']
2024-06-22 15:59:01 - table.py[line:22] - INFO: Loading table movie_companies
2024-06-22 15:59:01 - table.py[line:98] - INFO: table exists, load...
2024-06-22 15:59:01 - table.py[line:101] - INFO: load finished: Table movie_companies : 2609128 rows, 79.62MB.
columns:['id', 'movie_id', 'company_id', 'company_type_id']
2024-06-22 15:59:01 - sample.py[line:176] - INFO: sample group exists, load...
2024-06-22 15:59:02 - sample.py[line:179] - INFO: load finished.
2024-06-22 15:59:18 - feat.py[line:269] - INFO: Histo exists, load...
2024-06-22 15:59:18 - feat.py[line:272] - INFO: load finished: job-light.title
2024-06-22 15:59:18 - feat.py[line:269] - INFO: Histo exists, load...
2024-06-22 15:59:18 - feat.py[line:272] - INFO: load finished: job-light.movie_info
2024-06-22 15:59:18 - feat.py[line:269] - INFO: Histo exists, load...
2024-06-22 15:59:18 - feat.py[line:272] - INFO: load finished: job-light.movie_info_idx
2024-06-22 15:59:18 - feat.py[line:269] - INFO: Histo exists, load...
2024-06-22 15:59:18 - feat.py[line:272] - INFO: load finished: job-light.cast_info
2024-06-22 15:59:18 - feat.py[line:269] - INFO: Histo exists, load...
2024-06-22 15:59:18 - feat.py[line:272] - INFO: load finished: job-light.movie_keyword
2024-06-22 15:59:18 - feat.py[line:269] - INFO: Histo exists, load...
2024-06-22 15:59:18 - feat.py[line:272] - INFO: load finished: job-light.movie_companies
2024-06-22 15:59:18 - sample.py[line:193] - INFO: sample features exists, load...
2024-06-22 15:59:18 - sample.py[line:196] - INFO: load finished.
2024-06-22 15:59:18 - gen.py[line:132] - INFO: synthetic is being processed!
2024-06-22 15:59:29 - gen.py[line:145] - INFO: All batch ditributed!
2024-06-22 16:32:53 - main.py[line:93] - INFO: Generating dataset for multi-table job-light on synthetic
2024-06-22 16:32:53 - table.py[line:22] - INFO: Loading table title
2024-06-22 16:32:53 - table.py[line:98] - INFO: table exists, load...
2024-06-22 16:32:53 - table.py[line:101] - INFO: load finished: Table title : 2528311 rows, 115.74MB.
columns:['id', 'kind_id', 'production_year', 'episode_of_id', 'season_nr', 'episode_nr']
2024-06-22 16:32:53 - table.py[line:22] - INFO: Loading table movie_info
2024-06-22 16:32:53 - table.py[line:98] - INFO: table exists, load...
2024-06-22 16:32:54 - table.py[line:101] - INFO: load finished: Table movie_info : 14835719 rows, 339.56MB.
columns:['id', 'movie_id', 'info_type_id']
2024-06-22 16:32:54 - table.py[line:22] - INFO: Loading table movie_info_idx
2024-06-22 16:32:54 - table.py[line:98] - INFO: table exists, load...
2024-06-22 16:32:54 - table.py[line:101] - INFO: load finished: Table movie_info_idx : 1380034 rows, 31.59MB.
columns:['id', 'movie_id', 'info_type_id']
2024-06-22 16:32:54 - table.py[line:22] - INFO: Loading table cast_info
2024-06-22 16:32:54 - table.py[line:98] - INFO: table exists, load...
2024-06-22 16:32:55 - table.py[line:101] - INFO: load finished: Table cast_info : 36244343 rows, 1659.13MB.
columns:['id', 'person_id', 'movie_id', 'person_role_id', 'nr_order', 'role_id']
2024-06-22 16:32:55 - table.py[line:22] - INFO: Loading table movie_keyword
2024-06-22 16:32:55 - table.py[line:98] - INFO: table exists, load...
2024-06-22 16:32:55 - table.py[line:101] - INFO: load finished: Table movie_keyword : 4523929 rows, 103.54MB.
columns:['id', 'movie_id', 'keyword_id']
2024-06-22 16:32:55 - table.py[line:22] - INFO: Loading table movie_companies
2024-06-22 16:32:55 - table.py[line:98] - INFO: table exists, load...
2024-06-22 16:32:55 - table.py[line:101] - INFO: load finished: Table movie_companies : 2609128 rows, 79.62MB.
columns:['id', 'movie_id', 'company_id', 'company_type_id']
2024-06-22 16:32:55 - sample.py[line:176] - INFO: sample group exists, load...
2024-06-22 16:32:56 - sample.py[line:179] - INFO: load finished.
2024-06-22 16:33:12 - feat.py[line:269] - INFO: Histo exists, load...
2024-06-22 16:33:12 - feat.py[line:272] - INFO: load finished: job-light.title
2024-06-22 16:33:12 - feat.py[line:269] - INFO: Histo exists, load...
2024-06-22 16:33:12 - feat.py[line:272] - INFO: load finished: job-light.movie_info
2024-06-22 16:33:12 - feat.py[line:269] - INFO: Histo exists, load...
2024-06-22 16:33:12 - feat.py[line:272] - INFO: load finished: job-light.movie_info_idx
2024-06-22 16:33:12 - feat.py[line:269] - INFO: Histo exists, load...
2024-06-22 16:33:12 - feat.py[line:272] - INFO: load finished: job-light.cast_info
2024-06-22 16:33:12 - feat.py[line:269] - INFO: Histo exists, load...
2024-06-22 16:33:12 - feat.py[line:272] - INFO: load finished: job-light.movie_keyword
2024-06-22 16:33:12 - feat.py[line:269] - INFO: Histo exists, load...
2024-06-22 16:33:12 - feat.py[line:272] - INFO: load finished: job-light.movie_companies
2024-06-22 16:33:12 - sample.py[line:193] - INFO: sample features exists, load...
2024-06-22 16:33:12 - sample.py[line:196] - INFO: load finished.
2024-06-22 16:33:12 - gen.py[line:132] - INFO: synthetic is being processed!
2024-06-22 16:33:23 - gen.py[line:145] - INFO: All batch ditributed!
2024-06-22 16:40:07 - main.py[line:93] - INFO: Generating dataset for multi-table job-light on job-light
2024-06-22 16:40:07 - table.py[line:22] - INFO: Loading table title
2024-06-22 16:40:07 - table.py[line:98] - INFO: table exists, load...
2024-06-22 16:40:07 - table.py[line:101] - INFO: load finished: Table title : 2528311 rows, 115.74MB.
columns:['id', 'kind_id', 'production_year', 'episode_of_id', 'season_nr', 'episode_nr']
2024-06-22 16:40:07 - table.py[line:22] - INFO: Loading table movie_info
2024-06-22 16:40:07 - table.py[line:98] - INFO: table exists, load...
2024-06-22 16:40:07 - table.py[line:101] - INFO: load finished: Table movie_info : 14835719 rows, 339.56MB.
columns:['id', 'movie_id', 'info_type_id']
2024-06-22 16:40:07 - table.py[line:22] - INFO: Loading table movie_info_idx
2024-06-22 16:40:07 - table.py[line:98] - INFO: table exists, load...
2024-06-22 16:40:07 - table.py[line:101] - INFO: load finished: Table movie_info_idx : 1380034 rows, 31.59MB.
columns:['id', 'movie_id', 'info_type_id']
2024-06-22 16:40:07 - table.py[line:22] - INFO: Loading table cast_info
2024-06-22 16:40:07 - table.py[line:98] - INFO: table exists, load...
2024-06-22 16:40:08 - table.py[line:101] - INFO: load finished: Table cast_info : 36244343 rows, 1659.13MB.
columns:['id', 'person_id', 'movie_id', 'person_role_id', 'nr_order', 'role_id']
2024-06-22 16:40:08 - table.py[line:22] - INFO: Loading table movie_keyword
2024-06-22 16:40:08 - table.py[line:98] - INFO: table exists, load...
2024-06-22 16:40:09 - table.py[line:101] - INFO: load finished: Table movie_keyword : 4523929 rows, 103.54MB.
columns:['id', 'movie_id', 'keyword_id']
2024-06-22 16:40:09 - table.py[line:22] - INFO: Loading table movie_companies
2024-06-22 16:40:09 - table.py[line:98] - INFO: table exists, load...
2024-06-22 16:40:09 - table.py[line:101] - INFO: load finished: Table movie_companies : 2609128 rows, 79.62MB.
columns:['id', 'movie_id', 'company_id', 'company_type_id']
2024-06-22 16:40:09 - sample.py[line:176] - INFO: sample group exists, load...
2024-06-22 16:40:10 - sample.py[line:179] - INFO: load finished.
2024-06-22 16:40:26 - feat.py[line:269] - INFO: Histo exists, load...
2024-06-22 16:40:26 - feat.py[line:272] - INFO: load finished: job-light.title
2024-06-22 16:40:26 - feat.py[line:269] - INFO: Histo exists, load...
2024-06-22 16:40:26 - feat.py[line:272] - INFO: load finished: job-light.movie_info
2024-06-22 16:40:26 - feat.py[line:269] - INFO: Histo exists, load...
2024-06-22 16:40:26 - feat.py[line:272] - INFO: load finished: job-light.movie_info_idx
2024-06-22 16:40:26 - feat.py[line:269] - INFO: Histo exists, load...
2024-06-22 16:40:26 - feat.py[line:272] - INFO: load finished: job-light.cast_info
2024-06-22 16:40:26 - feat.py[line:269] - INFO: Histo exists, load...
2024-06-22 16:40:26 - feat.py[line:272] - INFO: load finished: job-light.movie_keyword
2024-06-22 16:40:26 - feat.py[line:269] - INFO: Histo exists, load...
2024-06-22 16:40:26 - feat.py[line:272] - INFO: load finished: job-light.movie_companies
2024-06-22 16:40:26 - sample.py[line:193] - INFO: sample features exists, load...
2024-06-22 16:40:26 - sample.py[line:196] - INFO: load finished.
2024-06-22 16:40:26 - gen.py[line:132] - INFO: job-light is being processed!
2024-06-22 16:40:34 - gen.py[line:145] - INFO: All batch ditributed!
2024-06-22 16:54:13 - main.py[line:93] - INFO: Generating dataset for multi-table job-light on synthetic
2024-06-22 16:54:13 - table.py[line:22] - INFO: Loading table title
2024-06-22 16:54:13 - table.py[line:98] - INFO: table exists, load...
2024-06-22 16:54:13 - table.py[line:101] - INFO: load finished: Table title : 2528311 rows, 115.74MB.
columns:['id', 'kind_id', 'production_year', 'episode_of_id', 'season_nr', 'episode_nr']
2024-06-22 16:54:13 - table.py[line:22] - INFO: Loading table movie_info
2024-06-22 16:54:13 - table.py[line:98] - INFO: table exists, load...
2024-06-22 16:54:13 - table.py[line:101] - INFO: load finished: Table movie_info : 14835719 rows, 339.56MB.
columns:['id', 'movie_id', 'info_type_id']
2024-06-22 16:54:13 - table.py[line:22] - INFO: Loading table movie_info_idx
2024-06-22 16:54:13 - table.py[line:98] - INFO: table exists, load...
2024-06-22 16:54:13 - table.py[line:101] - INFO: load finished: Table movie_info_idx : 1380034 rows, 31.59MB.
columns:['id', 'movie_id', 'info_type_id']
2024-06-22 16:54:13 - table.py[line:22] - INFO: Loading table cast_info
2024-06-22 16:54:13 - table.py[line:98] - INFO: table exists, load...
2024-06-22 16:54:14 - table.py[line:101] - INFO: load finished: Table cast_info : 36244343 rows, 1659.13MB.
columns:['id', 'person_id', 'movie_id', 'person_role_id', 'nr_order', 'role_id']
2024-06-22 16:54:14 - table.py[line:22] - INFO: Loading table movie_keyword
2024-06-22 16:54:14 - table.py[line:98] - INFO: table exists, load...
2024-06-22 16:54:14 - table.py[line:101] - INFO: load finished: Table movie_keyword : 4523929 rows, 103.54MB.
columns:['id', 'movie_id', 'keyword_id']
2024-06-22 16:54:14 - table.py[line:22] - INFO: Loading table movie_companies
2024-06-22 16:54:14 - table.py[line:98] - INFO: table exists, load...
2024-06-22 16:54:14 - table.py[line:101] - INFO: load finished: Table movie_companies : 2609128 rows, 79.62MB.
columns:['id', 'movie_id', 'company_id', 'company_type_id']
2024-06-22 16:54:14 - sample.py[line:176] - INFO: sample group exists, load...
2024-06-22 16:54:16 - sample.py[line:179] - INFO: load finished.
2024-06-22 16:54:33 - feat.py[line:269] - INFO: Histo exists, load...
2024-06-22 16:54:33 - feat.py[line:272] - INFO: load finished: job-light.title
2024-06-22 16:54:33 - feat.py[line:269] - INFO: Histo exists, load...
2024-06-22 16:54:33 - feat.py[line:272] - INFO: load finished: job-light.movie_info
2024-06-22 16:54:33 - feat.py[line:269] - INFO: Histo exists, load...
2024-06-22 16:54:33 - feat.py[line:272] - INFO: load finished: job-light.movie_info_idx
2024-06-22 16:54:33 - feat.py[line:269] - INFO: Histo exists, load...
2024-06-22 16:54:33 - feat.py[line:272] - INFO: load finished: job-light.cast_info
2024-06-22 16:54:33 - feat.py[line:269] - INFO: Histo exists, load...
2024-06-22 16:54:33 - feat.py[line:272] - INFO: load finished: job-light.movie_keyword
2024-06-22 16:54:33 - feat.py[line:269] - INFO: Histo exists, load...
2024-06-22 16:54:33 - feat.py[line:272] - INFO: load finished: job-light.movie_companies
2024-06-22 16:54:33 - sample.py[line:193] - INFO: sample features exists, load...
2024-06-22 16:54:33 - sample.py[line:196] - INFO: load finished.
2024-06-22 16:54:33 - gen.py[line:132] - INFO: synthetic is being processed!
2024-06-22 16:54:47 - gen.py[line:145] - INFO: All batch ditributed!
2024-06-22 17:23:09 - main.py[line:93] - INFO: Generating dataset for multi-table job-light on synthetic
2024-06-22 17:23:09 - table.py[line:22] - INFO: Loading table title
2024-06-22 17:23:09 - table.py[line:98] - INFO: table exists, load...
2024-06-22 17:23:09 - table.py[line:101] - INFO: load finished: Table title : 2528311 rows, 115.74MB.
columns:['id', 'kind_id', 'production_year', 'episode_of_id', 'season_nr', 'episode_nr']
2024-06-22 17:23:09 - table.py[line:22] - INFO: Loading table movie_info
2024-06-22 17:23:09 - table.py[line:98] - INFO: table exists, load...
2024-06-22 17:23:09 - table.py[line:101] - INFO: load finished: Table movie_info : 14835719 rows, 339.56MB.
columns:['id', 'movie_id', 'info_type_id']
2024-06-22 17:23:09 - table.py[line:22] - INFO: Loading table movie_info_idx
2024-06-22 17:23:09 - table.py[line:98] - INFO: table exists, load...
2024-06-22 17:23:09 - table.py[line:101] - INFO: load finished: Table movie_info_idx : 1380034 rows, 31.59MB.
columns:['id', 'movie_id', 'info_type_id']
2024-06-22 17:23:09 - table.py[line:22] - INFO: Loading table cast_info
2024-06-22 17:23:09 - table.py[line:98] - INFO: table exists, load...
2024-06-22 17:23:10 - table.py[line:101] - INFO: load finished: Table cast_info : 36244343 rows, 1659.13MB.
columns:['id', 'person_id', 'movie_id', 'person_role_id', 'nr_order', 'role_id']
2024-06-22 17:23:10 - table.py[line:22] - INFO: Loading table movie_keyword
2024-06-22 17:23:10 - table.py[line:98] - INFO: table exists, load...
2024-06-22 17:23:11 - table.py[line:101] - INFO: load finished: Table movie_keyword : 4523929 rows, 103.54MB.
columns:['id', 'movie_id', 'keyword_id']
2024-06-22 17:23:11 - table.py[line:22] - INFO: Loading table movie_companies
2024-06-22 17:23:11 - table.py[line:98] - INFO: table exists, load...
2024-06-22 17:23:11 - table.py[line:101] - INFO: load finished: Table movie_companies : 2609128 rows, 79.62MB.
columns:['id', 'movie_id', 'company_id', 'company_type_id']
2024-06-22 17:23:11 - sample.py[line:176] - INFO: sample group exists, load...
2024-06-22 17:23:13 - sample.py[line:179] - INFO: load finished.
2024-06-22 17:23:30 - feat.py[line:269] - INFO: Histo exists, load...
2024-06-22 17:23:30 - feat.py[line:272] - INFO: load finished: job-light.title
2024-06-22 17:23:30 - feat.py[line:269] - INFO: Histo exists, load...
2024-06-22 17:23:30 - feat.py[line:272] - INFO: load finished: job-light.movie_info
2024-06-22 17:23:30 - feat.py[line:269] - INFO: Histo exists, load...
2024-06-22 17:23:30 - feat.py[line:272] - INFO: load finished: job-light.movie_info_idx
2024-06-22 17:23:30 - feat.py[line:269] - INFO: Histo exists, load...
2024-06-22 17:23:30 - feat.py[line:272] - INFO: load finished: job-light.cast_info
2024-06-22 17:23:30 - feat.py[line:269] - INFO: Histo exists, load...
2024-06-22 17:23:30 - feat.py[line:272] - INFO: load finished: job-light.movie_keyword
2024-06-22 17:23:30 - feat.py[line:269] - INFO: Histo exists, load...
2024-06-22 17:23:30 - feat.py[line:272] - INFO: load finished: job-light.movie_companies
2024-06-22 17:23:30 - sample.py[line:193] - INFO: sample features exists, load...
2024-06-22 17:23:30 - sample.py[line:196] - INFO: load finished.
2024-06-22 17:23:30 - gen.py[line:132] - INFO: synthetic is being processed!
2024-06-22 17:23:42 - gen.py[line:145] - INFO: All batch ditributed!
2024-06-22 19:47:22 - main.py[line:93] - INFO: Generating dataset for multi-table job-light on synthetic
2024-06-22 19:47:22 - table.py[line:22] - INFO: Loading table title
2024-06-22 19:47:22 - table.py[line:98] - INFO: table exists, load...
2024-06-22 19:47:22 - table.py[line:101] - INFO: load finished: Table title : 2528311 rows, 115.74MB.
columns:['id', 'kind_id', 'production_year', 'episode_of_id', 'season_nr', 'episode_nr']
2024-06-22 19:47:22 - table.py[line:22] - INFO: Loading table movie_info
2024-06-22 19:47:22 - table.py[line:98] - INFO: table exists, load...
2024-06-22 19:47:22 - table.py[line:101] - INFO: load finished: Table movie_info : 14835719 rows, 339.56MB.
columns:['id', 'movie_id', 'info_type_id']
2024-06-22 19:47:22 - table.py[line:22] - INFO: Loading table movie_info_idx
2024-06-22 19:47:22 - table.py[line:98] - INFO: table exists, load...
2024-06-22 19:47:22 - table.py[line:101] - INFO: load finished: Table movie_info_idx : 1380034 rows, 31.59MB.
columns:['id', 'movie_id', 'info_type_id']
2024-06-22 19:47:22 - table.py[line:22] - INFO: Loading table cast_info
2024-06-22 19:47:22 - table.py[line:98] - INFO: table exists, load...
2024-06-22 19:47:23 - table.py[line:101] - INFO: load finished: Table cast_info : 36244343 rows, 1659.13MB.
columns:['id', 'person_id', 'movie_id', 'person_role_id', 'nr_order', 'role_id']
2024-06-22 19:47:23 - table.py[line:22] - INFO: Loading table movie_keyword
2024-06-22 19:47:23 - table.py[line:98] - INFO: table exists, load...
2024-06-22 19:47:23 - table.py[line:101] - INFO: load finished: Table movie_keyword : 4523929 rows, 103.54MB.
columns:['id', 'movie_id', 'keyword_id']
2024-06-22 19:47:23 - table.py[line:22] - INFO: Loading table movie_companies
2024-06-22 19:47:23 - table.py[line:98] - INFO: table exists, load...
2024-06-22 19:47:23 - table.py[line:101] - INFO: load finished: Table movie_companies : 2609128 rows, 79.62MB.
columns:['id', 'movie_id', 'company_id', 'company_type_id']
2024-06-22 19:47:23 - sample.py[line:176] - INFO: sample group exists, load...
2024-06-22 19:47:27 - sample.py[line:179] - INFO: load finished.
2024-06-22 19:49:11 - main.py[line:93] - INFO: Generating dataset for multi-table job-light on synthetic
2024-06-22 19:49:11 - table.py[line:22] - INFO: Loading table title
2024-06-22 19:49:11 - table.py[line:98] - INFO: table exists, load...
2024-06-22 19:49:11 - table.py[line:101] - INFO: load finished: Table title : 2528311 rows, 115.74MB.
columns:['id', 'kind_id', 'production_year', 'episode_of_id', 'season_nr', 'episode_nr']
2024-06-22 19:49:11 - table.py[line:22] - INFO: Loading table movie_info
2024-06-22 19:49:11 - table.py[line:98] - INFO: table exists, load...
2024-06-22 19:49:12 - table.py[line:101] - INFO: load finished: Table movie_info : 14835719 rows, 339.56MB.
columns:['id', 'movie_id', 'info_type_id']
2024-06-22 19:49:12 - table.py[line:22] - INFO: Loading table movie_info_idx
2024-06-22 19:49:12 - table.py[line:98] - INFO: table exists, load...
2024-06-22 19:49:12 - table.py[line:101] - INFO: load finished: Table movie_info_idx : 1380034 rows, 31.59MB.
columns:['id', 'movie_id', 'info_type_id']
2024-06-22 19:49:12 - table.py[line:22] - INFO: Loading table cast_info
2024-06-22 19:49:12 - table.py[line:98] - INFO: table exists, load...
2024-06-22 19:49:13 - table.py[line:101] - INFO: load finished: Table cast_info : 36244343 rows, 1659.13MB.
columns:['id', 'person_id', 'movie_id', 'person_role_id', 'nr_order', 'role_id']
2024-06-22 19:49:13 - table.py[line:22] - INFO: Loading table movie_keyword
2024-06-22 19:49:13 - table.py[line:98] - INFO: table exists, load...
2024-06-22 19:49:13 - table.py[line:101] - INFO: load finished: Table movie_keyword : 4523929 rows, 103.54MB.
columns:['id', 'movie_id', 'keyword_id']
2024-06-22 19:49:13 - table.py[line:22] - INFO: Loading table movie_companies
2024-06-22 19:49:13 - table.py[line:98] - INFO: table exists, load...
2024-06-22 19:49:13 - table.py[line:101] - INFO: load finished: Table movie_companies : 2609128 rows, 79.62MB.
columns:['id', 'movie_id', 'company_id', 'company_type_id']
2024-06-22 19:49:13 - sample.py[line:176] - INFO: sample group exists, load...
2024-06-22 19:49:25 - main.py[line:93] - INFO: Generating dataset for multi-table job-light on synthetic
2024-06-22 19:49:25 - table.py[line:22] - INFO: Loading table title
2024-06-22 19:49:25 - table.py[line:98] - INFO: table exists, load...
2024-06-22 19:49:25 - table.py[line:101] - INFO: load finished: Table title : 2528311 rows, 115.74MB.
columns:['id', 'kind_id', 'production_year', 'episode_of_id', 'season_nr', 'episode_nr']
2024-06-22 19:49:25 - table.py[line:22] - INFO: Loading table movie_info
2024-06-22 19:49:25 - table.py[line:98] - INFO: table exists, load...
2024-06-22 19:49:25 - table.py[line:101] - INFO: load finished: Table movie_info : 14835719 rows, 339.56MB.
columns:['id', 'movie_id', 'info_type_id']
2024-06-22 19:49:25 - table.py[line:22] - INFO: Loading table movie_info_idx
2024-06-22 19:49:25 - table.py[line:98] - INFO: table exists, load...
2024-06-22 19:49:25 - table.py[line:101] - INFO: load finished: Table movie_info_idx : 1380034 rows, 31.59MB.
columns:['id', 'movie_id', 'info_type_id']
2024-06-22 19:49:25 - table.py[line:22] - INFO: Loading table cast_info
2024-06-22 19:49:25 - table.py[line:98] - INFO: table exists, load...
2024-06-22 19:49:26 - table.py[line:101] - INFO: load finished: Table cast_info : 36244343 rows, 1659.13MB.
columns:['id', 'person_id', 'movie_id', 'person_role_id', 'nr_order', 'role_id']
2024-06-22 19:49:26 - table.py[line:22] - INFO: Loading table movie_keyword
2024-06-22 19:49:26 - table.py[line:98] - INFO: table exists, load...
2024-06-22 19:49:26 - table.py[line:101] - INFO: load finished: Table movie_keyword : 4523929 rows, 103.54MB.
columns:['id', 'movie_id', 'keyword_id']
2024-06-22 19:49:26 - table.py[line:22] - INFO: Loading table movie_companies
2024-06-22 19:49:26 - table.py[line:98] - INFO: table exists, load...
2024-06-22 19:49:26 - table.py[line:101] - INFO: load finished: Table movie_companies : 2609128 rows, 79.62MB.
columns:['id', 'movie_id', 'company_id', 'company_type_id']
2024-06-22 19:49:26 - sample.py[line:176] - INFO: sample group exists, load...
2024-06-22 19:49:27 - sample.py[line:179] - INFO: load finished.
2024-06-22 19:49:43 - feat.py[line:269] - INFO: Histo exists, load...
2024-06-22 19:49:43 - feat.py[line:272] - INFO: load finished: job-light.title
2024-06-22 19:49:43 - feat.py[line:269] - INFO: Histo exists, load...
2024-06-22 19:49:43 - feat.py[line:272] - INFO: load finished: job-light.movie_info
2024-06-22 19:49:43 - feat.py[line:269] - INFO: Histo exists, load...
2024-06-22 19:49:43 - feat.py[line:272] - INFO: load finished: job-light.movie_info_idx
2024-06-22 19:49:43 - feat.py[line:269] - INFO: Histo exists, load...
2024-06-22 19:49:43 - feat.py[line:272] - INFO: load finished: job-light.cast_info
2024-06-22 19:49:43 - feat.py[line:269] - INFO: Histo exists, load...
2024-06-22 19:49:43 - feat.py[line:272] - INFO: load finished: job-light.movie_keyword
2024-06-22 19:49:43 - feat.py[line:269] - INFO: Histo exists, load...
2024-06-22 19:49:43 - feat.py[line:272] - INFO: load finished: job-light.movie_companies
2024-06-22 19:49:43 - sample.py[line:193] - INFO: sample features exists, load...
2024-06-22 19:49:43 - sample.py[line:196] - INFO: load finished.
2024-06-22 19:49:43 - gen.py[line:132] - INFO: synthetic is being processed!
2024-06-22 19:50:14 - gen.py[line:145] - INFO: All batch ditributed!
2024-06-22 20:10:20 - gen.py[line:160] - INFO: Saving records
2024-06-22 20:10:26 - gen.py[line:175] - INFO: Generating Dataset Time Cost Summary as Follows:
2024-06-22 20:10:26 - gen.py[line:176] - INFO: Main Thread Total time 20.71345549027125 min.
2024-06-22 20:10:26 - gen.py[line:177] - INFO: Distribute Process time 0.5095137357711792 min. 2.4598200720806287% of total time.
2024-06-22 20:10:26 - gen.py[line:178] - INFO: Waiting Process time 20.09319895505905 min. 97.00553808849749% of total time.
2024-06-22 20:10:26 - gen.py[line:179] - INFO: Saving Records time 0.11059744358062744 min. 0.5339400933493358% of total time.
2024-06-22 20:10:26 - gen.py[line:180] - INFO: Df time 0.023738845189412435 min. 21.464189786725413% of total time.
2024-06-22 20:10:26 - gen.py[line:181] - INFO: ToDisk time 0.08622745275497437 min. 77.96514093213473% of total time.
2024-06-22 20:10:26 - gen.py[line:187] - INFO: Calculating Time as Follows:
2024-06-22 20:10:26 - gen.py[line:188] - INFO: Total cal time 987.6033768097557 min. 4767.931537418351% of total time.
2024-06-22 20:10:26 - gen.py[line:189] - INFO: Ground Turth time 250.85171895027153 min. 25.40004670301909% of total cal time.
2024-06-22 20:10:26 - gen.py[line:190] - INFO: Sample Group time 36.02102438608807 min. 3.647316851269423% of total cal time.
2024-06-22 20:10:26 - gen.py[line:191] - INFO: Query Vector time 0.06961028575897217 min. 0.007048404996733963% of total cal time.
2024-06-22 20:10:26 - gen.py[line:192] - INFO: Packing time 700.6610231876372 min. 70.94558804071475% of total cal time.
2024-06-22 21:13:46 - main.py[line:93] - INFO: Generating dataset for multi-table job-light on synthetic
2024-06-22 21:13:46 - table.py[line:22] - INFO: Loading table title
2024-06-22 21:13:46 - table.py[line:98] - INFO: table exists, load...
2024-06-22 21:13:46 - table.py[line:101] - INFO: load finished: Table title : 2528311 rows, 115.74MB.
columns:['id', 'kind_id', 'production_year', 'episode_of_id', 'season_nr', 'episode_nr']
2024-06-22 21:13:46 - table.py[line:22] - INFO: Loading table movie_info
2024-06-22 21:13:46 - table.py[line:98] - INFO: table exists, load...
2024-06-22 21:13:46 - table.py[line:101] - INFO: load finished: Table movie_info : 14835719 rows, 339.56MB.
columns:['id', 'movie_id', 'info_type_id']
2024-06-22 21:13:46 - table.py[line:22] - INFO: Loading table movie_info_idx
2024-06-22 21:13:46 - table.py[line:98] - INFO: table exists, load...
2024-06-22 21:13:46 - table.py[line:101] - INFO: load finished: Table movie_info_idx : 1380034 rows, 31.59MB.
columns:['id', 'movie_id', 'info_type_id']
2024-06-22 21:13:46 - table.py[line:22] - INFO: Loading table cast_info
2024-06-22 21:13:46 - table.py[line:98] - INFO: table exists, load...
2024-06-22 21:13:47 - table.py[line:101] - INFO: load finished: Table cast_info : 36244343 rows, 1659.13MB.
columns:['id', 'person_id', 'movie_id', 'person_role_id', 'nr_order', 'role_id']
2024-06-22 21:13:47 - table.py[line:22] - INFO: Loading table movie_keyword
2024-06-22 21:13:47 - table.py[line:98] - INFO: table exists, load...
2024-06-22 21:13:47 - table.py[line:101] - INFO: load finished: Table movie_keyword : 4523929 rows, 103.54MB.
columns:['id', 'movie_id', 'keyword_id']
2024-06-22 21:13:47 - table.py[line:22] - INFO: Loading table movie_companies
2024-06-22 21:13:47 - table.py[line:98] - INFO: table exists, load...
2024-06-22 21:13:47 - table.py[line:101] - INFO: load finished: Table movie_companies : 2609128 rows, 79.62MB.
columns:['id', 'movie_id', 'company_id', 'company_type_id']
2024-06-22 21:13:47 - sample.py[line:176] - INFO: sample group exists, load...
2024-06-22 21:13:48 - sample.py[line:179] - INFO: load finished.
2024-06-22 21:14:05 - feat.py[line:269] - INFO: Histo exists, load...
2024-06-22 21:14:05 - feat.py[line:272] - INFO: load finished: job-light.title
2024-06-22 21:14:05 - feat.py[line:269] - INFO: Histo exists, load...
2024-06-22 21:14:05 - feat.py[line:272] - INFO: load finished: job-light.movie_info
2024-06-22 21:14:05 - feat.py[line:269] - INFO: Histo exists, load...
2024-06-22 21:14:05 - feat.py[line:272] - INFO: load finished: job-light.movie_info_idx
2024-06-22 21:14:05 - feat.py[line:269] - INFO: Histo exists, load...
2024-06-22 21:14:05 - feat.py[line:272] - INFO: load finished: job-light.cast_info
2024-06-22 21:14:05 - feat.py[line:269] - INFO: Histo exists, load...
2024-06-22 21:14:05 - feat.py[line:272] - INFO: load finished: job-light.movie_keyword
2024-06-22 21:14:05 - feat.py[line:269] - INFO: Histo exists, load...
2024-06-22 21:14:05 - feat.py[line:272] - INFO: load finished: job-light.movie_companies
2024-06-22 21:14:05 - sample.py[line:193] - INFO: sample features exists, load...
2024-06-22 21:14:05 - sample.py[line:196] - INFO: load finished.
2024-06-22 21:14:05 - gen.py[line:132] - INFO: synthetic is being processed!
2024-06-22 21:14:28 - gen.py[line:145] - INFO: All batch ditributed!
2024-06-23 15:42:19 - main.py[line:93] - INFO: Generating dataset for multi-table job-light on synthetic
2024-06-23 15:42:19 - table.py[line:22] - INFO: Loading table title
2024-06-23 15:42:20 - table.py[line:98] - INFO: table exists, load...
2024-06-23 15:42:20 - table.py[line:101] - INFO: load finished: Table title : 2528311 rows, 115.74MB.
columns:['id', 'kind_id', 'production_year', 'episode_of_id', 'season_nr', 'episode_nr']
2024-06-23 15:42:20 - table.py[line:22] - INFO: Loading table movie_info
2024-06-23 15:42:20 - table.py[line:98] - INFO: table exists, load...
2024-06-23 15:42:21 - table.py[line:101] - INFO: load finished: Table movie_info : 14835719 rows, 339.56MB.
columns:['id', 'movie_id', 'info_type_id']
2024-06-23 15:42:21 - table.py[line:22] - INFO: Loading table movie_info_idx
2024-06-23 15:42:21 - table.py[line:98] - INFO: table exists, load...
2024-06-23 15:42:21 - table.py[line:101] - INFO: load finished: Table movie_info_idx : 1380034 rows, 31.59MB.
columns:['id', 'movie_id', 'info_type_id']
2024-06-23 15:42:21 - table.py[line:22] - INFO: Loading table cast_info
2024-06-23 15:42:21 - table.py[line:98] - INFO: table exists, load...
2024-06-23 15:42:23 - table.py[line:101] - INFO: load finished: Table cast_info : 36244343 rows, 1659.13MB.
columns:['id', 'person_id', 'movie_id', 'person_role_id', 'nr_order', 'role_id']
2024-06-23 15:42:23 - table.py[line:22] - INFO: Loading table movie_keyword
2024-06-23 15:42:23 - table.py[line:98] - INFO: table exists, load...
2024-06-23 15:42:24 - table.py[line:101] - INFO: load finished: Table movie_keyword : 4523929 rows, 103.54MB.
columns:['id', 'movie_id', 'keyword_id']
2024-06-23 15:42:24 - table.py[line:22] - INFO: Loading table movie_companies
2024-06-23 15:42:24 - table.py[line:98] - INFO: table exists, load...
2024-06-23 15:42:24 - table.py[line:101] - INFO: load finished: Table movie_companies : 2609128 rows, 79.62MB.
columns:['id', 'movie_id', 'company_id', 'company_type_id']
2024-06-23 15:42:25 - sample.py[line:176] - INFO: sample group exists, load...
2024-06-23 15:42:28 - sample.py[line:179] - INFO: load finished.
2024-06-23 15:42:45 - feat.py[line:269] - INFO: Histo exists, load...
2024-06-23 15:42:45 - feat.py[line:272] - INFO: load finished: job-light.title
2024-06-23 15:42:45 - feat.py[line:269] - INFO: Histo exists, load...
2024-06-23 15:42:45 - feat.py[line:272] - INFO: load finished: job-light.movie_info
2024-06-23 15:42:45 - feat.py[line:269] - INFO: Histo exists, load...
2024-06-23 15:42:45 - feat.py[line:272] - INFO: load finished: job-light.movie_info_idx
2024-06-23 15:42:46 - feat.py[line:269] - INFO: Histo exists, load...
2024-06-23 15:42:46 - feat.py[line:272] - INFO: load finished: job-light.cast_info
2024-06-23 15:42:46 - feat.py[line:269] - INFO: Histo exists, load...
2024-06-23 15:42:46 - feat.py[line:272] - INFO: load finished: job-light.movie_keyword
2024-06-23 15:42:46 - feat.py[line:269] - INFO: Histo exists, load...
2024-06-23 15:42:46 - feat.py[line:272] - INFO: load finished: job-light.movie_companies
2024-06-23 15:42:46 - sample.py[line:193] - INFO: sample features exists, load...
2024-06-23 15:42:46 - sample.py[line:196] - INFO: load finished.
2024-06-23 15:42:46 - gen.py[line:132] - INFO: synthetic is being processed!
2024-06-23 15:42:58 - gen.py[line:145] - INFO: All batch ditributed!
2024-06-23 16:49:52 - main.py[line:93] - INFO: Generating dataset for multi-table job-light on synthetic
2024-06-23 16:49:52 - table.py[line:22] - INFO: Loading table title
2024-06-23 16:49:52 - table.py[line:98] - INFO: table exists, load...
2024-06-23 16:49:53 - table.py[line:101] - INFO: load finished: Table title : 2528311 rows, 115.74MB.
columns:['id', 'kind_id', 'production_year', 'episode_of_id', 'season_nr', 'episode_nr']
2024-06-23 16:49:53 - table.py[line:22] - INFO: Loading table movie_info
2024-06-23 16:49:53 - table.py[line:98] - INFO: table exists, load...
2024-06-23 16:49:53 - table.py[line:101] - INFO: load finished: Table movie_info : 14835719 rows, 339.56MB.
columns:['id', 'movie_id', 'info_type_id']
2024-06-23 16:49:53 - table.py[line:22] - INFO: Loading table movie_info_idx
2024-06-23 16:49:53 - table.py[line:98] - INFO: table exists, load...
2024-06-23 16:49:53 - table.py[line:101] - INFO: load finished: Table movie_info_idx : 1380034 rows, 31.59MB.
columns:['id', 'movie_id', 'info_type_id']
2024-06-23 16:49:53 - table.py[line:22] - INFO: Loading table cast_info
2024-06-23 16:49:53 - table.py[line:98] - INFO: table exists, load...
2024-06-23 16:49:55 - table.py[line:101] - INFO: load finished: Table cast_info : 36244343 rows, 1659.13MB.
columns:['id', 'person_id', 'movie_id', 'person_role_id', 'nr_order', 'role_id']
2024-06-23 16:49:55 - table.py[line:22] - INFO: Loading table movie_keyword
2024-06-23 16:49:55 - table.py[line:98] - INFO: table exists, load...
2024-06-23 16:49:55 - table.py[line:101] - INFO: load finished: Table movie_keyword : 4523929 rows, 103.54MB.
columns:['id', 'movie_id', 'keyword_id']
2024-06-23 16:49:55 - table.py[line:22] - INFO: Loading table movie_companies
2024-06-23 16:49:55 - table.py[line:98] - INFO: table exists, load...
2024-06-23 16:49:55 - table.py[line:101] - INFO: load finished: Table movie_companies : 2609128 rows, 79.62MB.
columns:['id', 'movie_id', 'company_id', 'company_type_id']
2024-06-23 16:49:55 - sample.py[line:176] - INFO: sample group exists, load...
2024-06-23 16:49:56 - sample.py[line:179] - INFO: load finished.
2024-06-23 16:50:12 - feat.py[line:269] - INFO: Histo exists, load...
2024-06-23 16:50:12 - feat.py[line:272] - INFO: load finished: job-light.title
2024-06-23 16:50:12 - feat.py[line:269] - INFO: Histo exists, load...
2024-06-23 16:50:12 - feat.py[line:272] - INFO: load finished: job-light.movie_info
2024-06-23 16:50:12 - feat.py[line:269] - INFO: Histo exists, load...
2024-06-23 16:50:12 - feat.py[line:272] - INFO: load finished: job-light.movie_info_idx
2024-06-23 16:50:12 - feat.py[line:269] - INFO: Histo exists, load...
2024-06-23 16:50:12 - feat.py[line:272] - INFO: load finished: job-light.cast_info
2024-06-23 16:50:12 - feat.py[line:269] - INFO: Histo exists, load...
2024-06-23 16:50:12 - feat.py[line:272] - INFO: load finished: job-light.movie_keyword
2024-06-23 16:50:12 - feat.py[line:269] - INFO: Histo exists, load...
2024-06-23 16:50:12 - feat.py[line:272] - INFO: load finished: job-light.movie_companies
2024-06-23 16:50:12 - sample.py[line:193] - INFO: sample features exists, load...
2024-06-23 16:50:12 - sample.py[line:196] - INFO: load finished.
2024-06-23 16:50:12 - gen.py[line:132] - INFO: synthetic is being processed!
2024-06-23 16:50:19 - gen.py[line:145] - INFO: All batch ditributed!
2024-06-23 17:20:02 - main.py[line:93] - INFO: Generating dataset for multi-table job-light on synthetic
2024-06-23 17:20:02 - table.py[line:22] - INFO: Loading table title
2024-06-23 17:20:02 - table.py[line:98] - INFO: table exists, load...
2024-06-23 17:20:03 - table.py[line:101] - INFO: load finished: Table title : 2528311 rows, 115.74MB.
columns:['id', 'kind_id', 'production_year', 'episode_of_id', 'season_nr', 'episode_nr']
2024-06-23 17:20:03 - table.py[line:22] - INFO: Loading table movie_info
2024-06-23 17:20:03 - table.py[line:98] - INFO: table exists, load...
2024-06-23 17:20:03 - table.py[line:101] - INFO: load finished: Table movie_info : 14835719 rows, 339.56MB.
columns:['id', 'movie_id', 'info_type_id']
2024-06-23 17:20:03 - table.py[line:22] - INFO: Loading table movie_info_idx
2024-06-23 17:20:03 - table.py[line:98] - INFO: table exists, load...
2024-06-23 17:20:03 - table.py[line:101] - INFO: load finished: Table movie_info_idx : 1380034 rows, 31.59MB.
columns:['id', 'movie_id', 'info_type_id']
2024-06-23 17:20:03 - table.py[line:22] - INFO: Loading table cast_info
2024-06-23 17:20:03 - table.py[line:98] - INFO: table exists, load...
2024-06-23 17:20:05 - table.py[line:101] - INFO: load finished: Table cast_info : 36244343 rows, 1659.13MB.
columns:['id', 'person_id', 'movie_id', 'person_role_id', 'nr_order', 'role_id']
2024-06-23 17:20:05 - table.py[line:22] - INFO: Loading table movie_keyword
2024-06-23 17:20:05 - table.py[line:98] - INFO: table exists, load...
2024-06-23 17:20:05 - table.py[line:101] - INFO: load finished: Table movie_keyword : 4523929 rows, 103.54MB.
columns:['id', 'movie_id', 'keyword_id']
2024-06-23 17:20:05 - table.py[line:22] - INFO: Loading table movie_companies
2024-06-23 17:20:05 - table.py[line:98] - INFO: table exists, load...
2024-06-23 17:20:06 - table.py[line:101] - INFO: load finished: Table movie_companies : 2609128 rows, 79.62MB.
columns:['id', 'movie_id', 'company_id', 'company_type_id']
2024-06-23 17:20:06 - sample.py[line:176] - INFO: sample group exists, load...
2024-06-23 17:20:11 - sample.py[line:179] - INFO: load finished.
2024-06-23 17:20:29 - feat.py[line:269] - INFO: Histo exists, load...
2024-06-23 17:20:29 - feat.py[line:272] - INFO: load finished: job-light.title
2024-06-23 17:20:29 - feat.py[line:269] - INFO: Histo exists, load...
2024-06-23 17:20:29 - feat.py[line:272] - INFO: load finished: job-light.movie_info
2024-06-23 17:20:29 - feat.py[line:269] - INFO: Histo exists, load...
2024-06-23 17:20:29 - feat.py[line:272] - INFO: load finished: job-light.movie_info_idx
2024-06-23 17:20:29 - feat.py[line:269] - INFO: Histo exists, load...
2024-06-23 17:20:29 - feat.py[line:272] - INFO: load finished: job-light.cast_info
2024-06-23 17:20:29 - feat.py[line:269] - INFO: Histo exists, load...
2024-06-23 17:20:29 - feat.py[line:272] - INFO: load finished: job-light.movie_keyword
2024-06-23 17:20:29 - feat.py[line:269] - INFO: Histo exists, load...
2024-06-23 17:20:29 - feat.py[line:272] - INFO: load finished: job-light.movie_companies
2024-06-23 17:20:29 - sample.py[line:193] - INFO: sample features exists, load...
2024-06-23 17:20:30 - sample.py[line:196] - INFO: load finished.
2024-06-23 17:20:30 - gen.py[line:132] - INFO: synthetic is being processed!
2024-06-23 17:20:39 - gen.py[line:145] - INFO: All batch ditributed!
2024-06-23 18:16:17 - main.py[line:93] - INFO: Generating dataset for multi-table job-light on synthetic
2024-06-23 18:16:18 - table.py[line:22] - INFO: Loading table title
2024-06-23 18:16:18 - table.py[line:98] - INFO: table exists, load...
2024-06-23 18:16:18 - table.py[line:101] - INFO: load finished: Table title : 2528311 rows, 115.74MB.
columns:['id', 'kind_id', 'production_year', 'episode_of_id', 'season_nr', 'episode_nr']
2024-06-23 18:16:18 - table.py[line:22] - INFO: Loading table movie_info
2024-06-23 18:16:18 - table.py[line:98] - INFO: table exists, load...
2024-06-23 18:16:19 - table.py[line:101] - INFO: load finished: Table movie_info : 14835719 rows, 339.56MB.
columns:['id', 'movie_id', 'info_type_id']
2024-06-23 18:16:19 - table.py[line:22] - INFO: Loading table movie_info_idx
2024-06-23 18:16:19 - table.py[line:98] - INFO: table exists, load...
2024-06-23 18:16:20 - table.py[line:101] - INFO: load finished: Table movie_info_idx : 1380034 rows, 31.59MB.
columns:['id', 'movie_id', 'info_type_id']
2024-06-23 18:16:20 - table.py[line:22] - INFO: Loading table cast_info
2024-06-23 18:16:20 - table.py[line:98] - INFO: table exists, load...
2024-06-23 18:16:26 - table.py[line:101] - INFO: load finished: Table cast_info : 36244343 rows, 1659.13MB.
columns:['id', 'person_id', 'movie_id', 'person_role_id', 'nr_order', 'role_id']
2024-06-23 18:16:26 - table.py[line:22] - INFO: Loading table movie_keyword
2024-06-23 18:16:26 - table.py[line:98] - INFO: table exists, load...
2024-06-23 18:16:29 - table.py[line:101] - INFO: load finished: Table movie_keyword : 4523929 rows, 103.54MB.
columns:['id', 'movie_id', 'keyword_id']
2024-06-23 18:16:29 - table.py[line:22] - INFO: Loading table movie_companies
2024-06-23 18:16:29 - table.py[line:98] - INFO: table exists, load...
2024-06-23 18:16:29 - table.py[line:101] - INFO: load finished: Table movie_companies : 2609128 rows, 79.62MB.
columns:['id', 'movie_id', 'company_id', 'company_type_id']
2024-06-23 18:16:29 - sample.py[line:176] - INFO: sample group exists, load...
2024-06-23 18:16:44 - sample.py[line:179] - INFO: load finished.
2024-06-23 19:36:27 - main.py[line:103] - INFO: Training for multi-table job-light on train
2024-06-23 19:37:07 - main.py[line:103] - INFO: Training for multi-table job-light on train
2024-06-23 19:38:19 - main.py[line:103] - INFO: Training for multi-table job-light on train
2024-06-23 19:46:21 - main.py[line:103] - INFO: Training for multi-table job-light on train
2024-06-23 20:01:48 - main.py[line:103] - INFO: Training for multi-table job-light on job-light
2024-06-23 20:02:34 - main.py[line:93] - INFO: Generating dataset for multi-table job-light on job-light
2024-06-23 20:02:34 - table.py[line:22] - INFO: Loading table title
2024-06-23 20:02:34 - table.py[line:98] - INFO: table exists, load...
2024-06-23 20:02:34 - table.py[line:101] - INFO: load finished: Table title : 2528311 rows, 115.74MB.
columns:['id', 'kind_id', 'production_year', 'episode_of_id', 'season_nr', 'episode_nr']
2024-06-23 20:02:34 - table.py[line:22] - INFO: Loading table movie_info
2024-06-23 20:02:34 - table.py[line:98] - INFO: table exists, load...
2024-06-23 20:02:35 - table.py[line:101] - INFO: load finished: Table movie_info : 14835719 rows, 339.56MB.
columns:['id', 'movie_id', 'info_type_id']
2024-06-23 20:02:35 - table.py[line:22] - INFO: Loading table movie_info_idx
2024-06-23 20:02:35 - table.py[line:98] - INFO: table exists, load...
2024-06-23 20:02:35 - table.py[line:101] - INFO: load finished: Table movie_info_idx : 1380034 rows, 31.59MB.
columns:['id', 'movie_id', 'info_type_id']
2024-06-23 20:02:35 - table.py[line:22] - INFO: Loading table cast_info
2024-06-23 20:02:35 - table.py[line:98] - INFO: table exists, load...
2024-06-23 20:02:37 - table.py[line:101] - INFO: load finished: Table cast_info : 36244343 rows, 1659.13MB.
columns:['id', 'person_id', 'movie_id', 'person_role_id', 'nr_order', 'role_id']
2024-06-23 20:02:37 - table.py[line:22] - INFO: Loading table movie_keyword
2024-06-23 20:02:37 - table.py[line:98] - INFO: table exists, load...
2024-06-23 20:02:37 - table.py[line:101] - INFO: load finished: Table movie_keyword : 4523929 rows, 103.54MB.
columns:['id', 'movie_id', 'keyword_id']
2024-06-23 20:02:37 - table.py[line:22] - INFO: Loading table movie_companies
2024-06-23 20:02:37 - table.py[line:98] - INFO: table exists, load...
2024-06-23 20:02:37 - table.py[line:101] - INFO: load finished: Table movie_companies : 2609128 rows, 79.62MB.
columns:['id', 'movie_id', 'company_id', 'company_type_id']
2024-06-23 20:02:37 - sample.py[line:176] - INFO: sample group exists, load...
2024-06-23 20:02:40 - sample.py[line:179] - INFO: load finished.
2024-06-23 20:02:57 - feat.py[line:269] - INFO: Histo exists, load...
2024-06-23 20:02:57 - feat.py[line:272] - INFO: load finished: job-light.title
2024-06-23 20:02:57 - feat.py[line:269] - INFO: Histo exists, load...
2024-06-23 20:02:57 - feat.py[line:272] - INFO: load finished: job-light.movie_info
2024-06-23 20:02:57 - feat.py[line:269] - INFO: Histo exists, load...
2024-06-23 20:02:57 - feat.py[line:272] - INFO: load finished: job-light.movie_info_idx
2024-06-23 20:02:57 - feat.py[line:269] - INFO: Histo exists, load...
2024-06-23 20:02:57 - feat.py[line:272] - INFO: load finished: job-light.cast_info
2024-06-23 20:02:57 - feat.py[line:269] - INFO: Histo exists, load...
2024-06-23 20:02:57 - feat.py[line:272] - INFO: load finished: job-light.movie_keyword
2024-06-23 20:02:57 - feat.py[line:269] - INFO: Histo exists, load...
2024-06-23 20:02:57 - feat.py[line:272] - INFO: load finished: job-light.movie_companies
2024-06-23 20:02:57 - sample.py[line:193] - INFO: sample features exists, load...
2024-06-23 20:02:57 - sample.py[line:196] - INFO: load finished.
2024-06-23 20:02:57 - gen.py[line:132] - INFO: job-light is being processed!
2024-06-23 20:03:09 - gen.py[line:145] - INFO: All batch ditributed!
2024-06-24 09:06:26 - main.py[line:93] - INFO: Generating dataset for multi-table job-light on job-light
2024-06-24 09:06:26 - table.py[line:22] - INFO: Loading table title
2024-06-24 09:06:26 - table.py[line:98] - INFO: table exists, load...
2024-06-24 09:06:26 - table.py[line:101] - INFO: load finished: Table title : 2528311 rows, 115.74MB.
columns:['id', 'kind_id', 'production_year', 'episode_of_id', 'season_nr', 'episode_nr']
2024-06-24 09:06:26 - table.py[line:22] - INFO: Loading table movie_info
2024-06-24 09:06:26 - table.py[line:98] - INFO: table exists, load...
2024-06-24 09:06:27 - table.py[line:101] - INFO: load finished: Table movie_info : 14835719 rows, 339.56MB.
columns:['id', 'movie_id', 'info_type_id']
2024-06-24 09:06:27 - table.py[line:22] - INFO: Loading table movie_info_idx
2024-06-24 09:06:27 - table.py[line:98] - INFO: table exists, load...
2024-06-24 09:06:27 - table.py[line:101] - INFO: load finished: Table movie_info_idx : 1380034 rows, 31.59MB.
columns:['id', 'movie_id', 'info_type_id']
2024-06-24 09:06:27 - table.py[line:22] - INFO: Loading table cast_info
2024-06-24 09:06:27 - table.py[line:98] - INFO: table exists, load...
2024-06-24 09:06:28 - table.py[line:101] - INFO: load finished: Table cast_info : 36244343 rows, 1659.13MB.
columns:['id', 'person_id', 'movie_id', 'person_role_id', 'nr_order', 'role_id']
2024-06-24 09:06:28 - table.py[line:22] - INFO: Loading table movie_keyword
2024-06-24 09:06:28 - table.py[line:98] - INFO: table exists, load...
2024-06-24 09:06:28 - table.py[line:101] - INFO: load finished: Table movie_keyword : 4523929 rows, 103.54MB.
columns:['id', 'movie_id', 'keyword_id']
2024-06-24 09:06:28 - table.py[line:22] - INFO: Loading table movie_companies
2024-06-24 09:06:28 - table.py[line:98] - INFO: table exists, load...
2024-06-24 09:06:29 - table.py[line:101] - INFO: load finished: Table movie_companies : 2609128 rows, 79.62MB.
columns:['id', 'movie_id', 'company_id', 'company_type_id']
2024-06-24 09:06:29 - sample.py[line:176] - INFO: sample group exists, load...
2024-06-24 09:06:31 - sample.py[line:179] - INFO: load finished.
2024-06-24 09:06:47 - main.py[line:93] - INFO: Generating dataset for multi-table job-light on job-light
2024-06-24 09:06:47 - table.py[line:22] - INFO: Loading table title
2024-06-24 09:06:47 - table.py[line:98] - INFO: table exists, load...
2024-06-24 09:06:47 - table.py[line:101] - INFO: load finished: Table title : 2528311 rows, 115.74MB.
columns:['id', 'kind_id', 'production_year', 'episode_of_id', 'season_nr', 'episode_nr']
2024-06-24 09:06:47 - table.py[line:22] - INFO: Loading table movie_info
2024-06-24 09:06:47 - table.py[line:98] - INFO: table exists, load...
2024-06-24 09:06:47 - table.py[line:101] - INFO: load finished: Table movie_info : 14835719 rows, 339.56MB.
columns:['id', 'movie_id', 'info_type_id']
2024-06-24 09:06:47 - table.py[line:22] - INFO: Loading table movie_info_idx
2024-06-24 09:06:47 - table.py[line:98] - INFO: table exists, load...
2024-06-24 09:06:47 - table.py[line:101] - INFO: load finished: Table movie_info_idx : 1380034 rows, 31.59MB.
columns:['id', 'movie_id', 'info_type_id']
2024-06-24 09:06:47 - table.py[line:22] - INFO: Loading table cast_info
2024-06-24 09:06:47 - table.py[line:98] - INFO: table exists, load...
2024-06-24 09:06:49 - table.py[line:101] - INFO: load finished: Table cast_info : 36244343 rows, 1659.13MB.
columns:['id', 'person_id', 'movie_id', 'person_role_id', 'nr_order', 'role_id']
2024-06-24 09:06:49 - table.py[line:22] - INFO: Loading table movie_keyword
2024-06-24 09:06:49 - table.py[line:98] - INFO: table exists, load...
2024-06-24 09:06:49 - table.py[line:101] - INFO: load finished: Table movie_keyword : 4523929 rows, 103.54MB.
columns:['id', 'movie_id', 'keyword_id']
2024-06-24 09:06:49 - table.py[line:22] - INFO: Loading table movie_companies
2024-06-24 09:06:49 - table.py[line:98] - INFO: table exists, load...
2024-06-24 09:06:49 - table.py[line:101] - INFO: load finished: Table movie_companies : 2609128 rows, 79.62MB.
columns:['id', 'movie_id', 'company_id', 'company_type_id']
2024-06-24 09:06:49 - sample.py[line:176] - INFO: sample group exists, load...
2024-06-24 09:06:51 - sample.py[line:179] - INFO: load finished.
2024-06-24 09:07:17 - feat.py[line:269] - INFO: Histo exists, load...
2024-06-24 09:07:17 - feat.py[line:272] - INFO: load finished: job-light.title
2024-06-24 09:07:17 - feat.py[line:269] - INFO: Histo exists, load...
2024-06-24 09:07:17 - feat.py[line:272] - INFO: load finished: job-light.movie_info
2024-06-24 09:07:17 - feat.py[line:269] - INFO: Histo exists, load...
2024-06-24 09:07:17 - feat.py[line:272] - INFO: load finished: job-light.movie_info_idx
2024-06-24 09:07:17 - feat.py[line:269] - INFO: Histo exists, load...
2024-06-24 09:07:17 - feat.py[line:272] - INFO: load finished: job-light.cast_info
2024-06-24 09:07:17 - feat.py[line:269] - INFO: Histo exists, load...
2024-06-24 09:07:17 - feat.py[line:272] - INFO: load finished: job-light.movie_keyword
2024-06-24 09:07:17 - feat.py[line:269] - INFO: Histo exists, load...
2024-06-24 09:07:17 - feat.py[line:272] - INFO: load finished: job-light.movie_companies
2024-06-24 09:07:17 - sample.py[line:193] - INFO: sample features exists, load...
2024-06-24 09:07:17 - sample.py[line:196] - INFO: load finished.
2024-06-24 09:07:17 - gen.py[line:132] - INFO: job-light is being processed!
2024-06-24 09:07:31 - gen.py[line:145] - INFO: All batch ditributed!
2024-06-24 09:10:06 - gen.py[line:160] - INFO: Saving records
2024-06-24 09:10:06 - gen.py[line:175] - INFO: Generating Dataset Time Cost Summary as Follows:
2024-06-24 09:10:06 - gen.py[line:176] - INFO: Main Thread Total time 2.8072097738583883 min.
2024-06-24 09:10:06 - gen.py[line:177] - INFO: Distribute Process time 0.22071920235951742 min. 7.862583139134218% of total time.
2024-06-24 09:10:06 - gen.py[line:178] - INFO: Waiting Process time 2.5817432443300885 min. 91.96830491159177% of total time.
2024-06-24 09:10:06 - gen.py[line:179] - INFO: Saving Records time 0.004688878854115804 min. 0.16702987064878813% of total time.
2024-06-24 09:10:06 - gen.py[line:180] - INFO: Df time 0.0011426091194152832 min. 24.368493086835112% of total time.
2024-06-24 09:10:06 - gen.py[line:181] - INFO: ToDisk time 0.0035078048706054686 min. 74.81116445408668% of total time.
2024-06-24 09:10:06 - gen.py[line:187] - INFO: Calculating Time as Follows:
2024-06-24 09:10:06 - gen.py[line:188] - INFO: Total cal time 26.07764681975047 min. 928.9525514834565% of total time.
2024-06-24 09:10:06 - gen.py[line:189] - INFO: Ground Turth time 15.143991796175639 min. 58.07269306487428% of total cal time.
2024-06-24 09:10:06 - gen.py[line:190] - INFO: Sample Group time 1.5989779273668925 min. 6.1316035853199455% of total cal time.
2024-06-24 09:10:06 - gen.py[line:191] - INFO: Query Vector time 0.0021581888198852527 min. 0.008276010618606514% of total cal time.
2024-06-24 09:10:06 - gen.py[line:192] - INFO: Packing time 9.332518907388051 min. 35.78742733918716% of total cal time.
2024-06-24 09:33:49 - main.py[line:93] - INFO: Generating dataset for multi-table job-light on job-light
2024-06-24 09:33:49 - table.py[line:22] - INFO: Loading table title
2024-06-24 09:33:49 - table.py[line:98] - INFO: table exists, load...
2024-06-24 09:33:49 - table.py[line:101] - INFO: load finished: Table title : 2528311 rows, 115.74MB.
columns:['id', 'kind_id', 'production_year', 'episode_of_id', 'season_nr', 'episode_nr']
2024-06-24 09:33:49 - table.py[line:22] - INFO: Loading table movie_info
2024-06-24 09:33:49 - table.py[line:98] - INFO: table exists, load...
2024-06-24 09:33:49 - table.py[line:101] - INFO: load finished: Table movie_info : 14835719 rows, 339.56MB.
columns:['id', 'movie_id', 'info_type_id']
2024-06-24 09:33:49 - table.py[line:22] - INFO: Loading table movie_info_idx
2024-06-24 09:33:49 - table.py[line:98] - INFO: table exists, load...
2024-06-24 09:33:49 - table.py[line:101] - INFO: load finished: Table movie_info_idx : 1380034 rows, 31.59MB.
columns:['id', 'movie_id', 'info_type_id']
2024-06-24 09:33:49 - table.py[line:22] - INFO: Loading table cast_info
2024-06-24 09:33:49 - table.py[line:98] - INFO: table exists, load...
2024-06-24 09:33:50 - table.py[line:101] - INFO: load finished: Table cast_info : 36244343 rows, 1659.13MB.
columns:['id', 'person_id', 'movie_id', 'person_role_id', 'nr_order', 'role_id']
2024-06-24 09:33:50 - table.py[line:22] - INFO: Loading table movie_keyword
2024-06-24 09:33:50 - table.py[line:98] - INFO: table exists, load...
2024-06-24 09:33:50 - table.py[line:101] - INFO: load finished: Table movie_keyword : 4523929 rows, 103.54MB.
columns:['id', 'movie_id', 'keyword_id']
2024-06-24 09:33:50 - table.py[line:22] - INFO: Loading table movie_companies
2024-06-24 09:33:50 - table.py[line:98] - INFO: table exists, load...
2024-06-24 09:33:50 - table.py[line:101] - INFO: load finished: Table movie_companies : 2609128 rows, 79.62MB.
columns:['id', 'movie_id', 'company_id', 'company_type_id']
2024-06-24 09:33:50 - sample.py[line:176] - INFO: sample group exists, load...
2024-06-24 09:33:51 - sample.py[line:179] - INFO: load finished.
2024-06-24 09:34:10 - feat.py[line:269] - INFO: Histo exists, load...
2024-06-24 09:34:10 - feat.py[line:272] - INFO: load finished: job-light.title
2024-06-24 09:34:10 - feat.py[line:269] - INFO: Histo exists, load...
2024-06-24 09:34:10 - feat.py[line:272] - INFO: load finished: job-light.movie_info
2024-06-24 09:34:10 - feat.py[line:269] - INFO: Histo exists, load...
2024-06-24 09:34:10 - feat.py[line:272] - INFO: load finished: job-light.movie_info_idx
2024-06-24 09:34:10 - feat.py[line:269] - INFO: Histo exists, load...
2024-06-24 09:34:10 - feat.py[line:272] - INFO: load finished: job-light.cast_info
2024-06-24 09:34:10 - feat.py[line:269] - INFO: Histo exists, load...
2024-06-24 09:34:10 - feat.py[line:272] - INFO: load finished: job-light.movie_keyword
2024-06-24 09:34:10 - feat.py[line:269] - INFO: Histo exists, load...
2024-06-24 09:34:10 - feat.py[line:272] - INFO: load finished: job-light.movie_companies
2024-06-24 09:34:10 - sample.py[line:193] - INFO: sample features exists, load...
2024-06-24 09:34:10 - sample.py[line:196] - INFO: load finished.
2024-06-24 09:34:10 - gen.py[line:132] - INFO: job-light is being processed!
2024-06-24 09:34:22 - gen.py[line:145] - INFO: All batch ditributed!
2024-06-24 09:51:06 - main.py[line:93] - INFO: Generating dataset for multi-table job-light on job-light
2024-06-24 09:51:06 - table.py[line:22] - INFO: Loading table title
2024-06-24 09:51:06 - table.py[line:98] - INFO: table exists, load...
2024-06-24 09:51:06 - table.py[line:101] - INFO: load finished: Table title : 2528311 rows, 115.74MB.
columns:['id', 'kind_id', 'production_year', 'episode_of_id', 'season_nr', 'episode_nr']
2024-06-24 09:51:06 - table.py[line:22] - INFO: Loading table movie_info
2024-06-24 09:51:06 - table.py[line:98] - INFO: table exists, load...
2024-06-24 09:51:06 - table.py[line:101] - INFO: load finished: Table movie_info : 14835719 rows, 339.56MB.
columns:['id', 'movie_id', 'info_type_id']
2024-06-24 09:51:06 - table.py[line:22] - INFO: Loading table movie_info_idx
2024-06-24 09:51:06 - table.py[line:98] - INFO: table exists, load...
2024-06-24 09:51:06 - table.py[line:101] - INFO: load finished: Table movie_info_idx : 1380034 rows, 31.59MB.
columns:['id', 'movie_id', 'info_type_id']
2024-06-24 09:51:06 - table.py[line:22] - INFO: Loading table cast_info
2024-06-24 09:51:06 - table.py[line:98] - INFO: table exists, load...
2024-06-24 09:51:08 - table.py[line:101] - INFO: load finished: Table cast_info : 36244343 rows, 1659.13MB.
columns:['id', 'person_id', 'movie_id', 'person_role_id', 'nr_order', 'role_id']
2024-06-24 09:51:08 - table.py[line:22] - INFO: Loading table movie_keyword
2024-06-24 09:51:08 - table.py[line:98] - INFO: table exists, load...
2024-06-24 09:51:08 - table.py[line:101] - INFO: load finished: Table movie_keyword : 4523929 rows, 103.54MB.
columns:['id', 'movie_id', 'keyword_id']
2024-06-24 09:51:08 - table.py[line:22] - INFO: Loading table movie_companies
2024-06-24 09:51:08 - table.py[line:98] - INFO: table exists, load...
2024-06-24 09:51:08 - table.py[line:101] - INFO: load finished: Table movie_companies : 2609128 rows, 79.62MB.
columns:['id', 'movie_id', 'company_id', 'company_type_id']
2024-06-24 09:51:08 - sample.py[line:176] - INFO: sample group exists, load...
2024-06-24 09:51:10 - sample.py[line:179] - INFO: load finished.
2024-06-24 09:51:31 - feat.py[line:269] - INFO: Histo exists, load...
2024-06-24 09:51:31 - feat.py[line:272] - INFO: load finished: job-light.title
2024-06-24 09:51:31 - feat.py[line:269] - INFO: Histo exists, load...
2024-06-24 09:51:31 - feat.py[line:272] - INFO: load finished: job-light.movie_info
2024-06-24 09:51:31 - feat.py[line:269] - INFO: Histo exists, load...
2024-06-24 09:51:31 - feat.py[line:272] - INFO: load finished: job-light.movie_info_idx
2024-06-24 09:51:31 - feat.py[line:269] - INFO: Histo exists, load...
2024-06-24 09:51:31 - feat.py[line:272] - INFO: load finished: job-light.cast_info
2024-06-24 09:51:31 - feat.py[line:269] - INFO: Histo exists, load...
2024-06-24 09:51:31 - feat.py[line:272] - INFO: load finished: job-light.movie_keyword
2024-06-24 09:51:31 - feat.py[line:269] - INFO: Histo exists, load...
2024-06-24 09:51:31 - feat.py[line:272] - INFO: load finished: job-light.movie_companies
2024-06-24 09:51:31 - sample.py[line:193] - INFO: sample features exists, load...
2024-06-24 09:51:31 - sample.py[line:196] - INFO: load finished.
2024-06-24 09:51:31 - gen.py[line:132] - INFO: job-light is being processed!
2024-06-24 09:51:44 - gen.py[line:145] - INFO: All batch ditributed!
2024-06-24 10:12:41 - main.py[line:93] - INFO: Generating dataset for multi-table job-light on job-light
2024-06-24 10:12:41 - table.py[line:22] - INFO: Loading table title
2024-06-24 10:12:41 - table.py[line:98] - INFO: table exists, load...
2024-06-24 10:12:41 - table.py[line:101] - INFO: load finished: Table title : 2528311 rows, 115.74MB.
columns:['id', 'kind_id', 'production_year', 'episode_of_id', 'season_nr', 'episode_nr']
2024-06-24 10:12:41 - table.py[line:22] - INFO: Loading table movie_info
2024-06-24 10:12:41 - table.py[line:98] - INFO: table exists, load...
2024-06-24 10:12:41 - table.py[line:101] - INFO: load finished: Table movie_info : 14835719 rows, 339.56MB.
columns:['id', 'movie_id', 'info_type_id']
2024-06-24 10:12:41 - table.py[line:22] - INFO: Loading table movie_info_idx
2024-06-24 10:12:41 - table.py[line:98] - INFO: table exists, load...
2024-06-24 10:12:41 - table.py[line:101] - INFO: load finished: Table movie_info_idx : 1380034 rows, 31.59MB.
columns:['id', 'movie_id', 'info_type_id']
2024-06-24 10:12:41 - table.py[line:22] - INFO: Loading table cast_info
2024-06-24 10:12:41 - table.py[line:98] - INFO: table exists, load...
2024-06-24 10:12:43 - table.py[line:101] - INFO: load finished: Table cast_info : 36244343 rows, 1659.13MB.
columns:['id', 'person_id', 'movie_id', 'person_role_id', 'nr_order', 'role_id']
2024-06-24 10:12:43 - table.py[line:22] - INFO: Loading table movie_keyword
2024-06-24 10:12:43 - table.py[line:98] - INFO: table exists, load...
2024-06-24 10:12:43 - table.py[line:101] - INFO: load finished: Table movie_keyword : 4523929 rows, 103.54MB.
columns:['id', 'movie_id', 'keyword_id']
2024-06-24 10:12:43 - table.py[line:22] - INFO: Loading table movie_companies
2024-06-24 10:12:43 - table.py[line:98] - INFO: table exists, load...
2024-06-24 10:12:43 - table.py[line:101] - INFO: load finished: Table movie_companies : 2609128 rows, 79.62MB.
columns:['id', 'movie_id', 'company_id', 'company_type_id']
2024-06-24 10:12:43 - sample.py[line:176] - INFO: sample group exists, load...
2024-06-24 10:12:45 - sample.py[line:179] - INFO: load finished.
2024-06-24 10:13:05 - feat.py[line:269] - INFO: Histo exists, load...
2024-06-24 10:13:05 - feat.py[line:272] - INFO: load finished: job-light.title
2024-06-24 10:13:05 - feat.py[line:269] - INFO: Histo exists, load...
2024-06-24 10:13:05 - feat.py[line:272] - INFO: load finished: job-light.movie_info
2024-06-24 10:13:05 - feat.py[line:269] - INFO: Histo exists, load...
2024-06-24 10:13:05 - feat.py[line:272] - INFO: load finished: job-light.movie_info_idx
2024-06-24 10:13:05 - feat.py[line:269] - INFO: Histo exists, load...
2024-06-24 10:13:05 - feat.py[line:272] - INFO: load finished: job-light.cast_info
2024-06-24 10:13:05 - feat.py[line:269] - INFO: Histo exists, load...
2024-06-24 10:13:05 - feat.py[line:272] - INFO: load finished: job-light.movie_keyword
2024-06-24 10:13:05 - feat.py[line:269] - INFO: Histo exists, load...
2024-06-24 10:13:05 - feat.py[line:272] - INFO: load finished: job-light.movie_companies
2024-06-24 10:13:05 - sample.py[line:193] - INFO: sample features exists, load...
2024-06-24 10:13:05 - sample.py[line:196] - INFO: load finished.
2024-06-24 10:13:05 - gen.py[line:132] - INFO: job-light is being processed!
2024-06-24 10:13:24 - gen.py[line:145] - INFO: All batch ditributed!
2024-06-24 10:17:37 - gen.py[line:160] - INFO: Saving records
2024-06-24 10:17:37 - gen.py[line:175] - INFO: Generating Dataset Time Cost Summary as Follows:
2024-06-24 10:17:37 - gen.py[line:176] - INFO: Main Thread Total time 4.533838323752085 min.
2024-06-24 10:17:37 - gen.py[line:177] - INFO: Distribute Process time 0.318143900235494 min. 7.017098482951781% of total time.
2024-06-24 10:17:37 - gen.py[line:178] - INFO: Waiting Process time 4.211225020885467 min. 92.88432273430449% of total time.
2024-06-24 10:17:37 - gen.py[line:179] - INFO: Saving Records time 0.004416286945343018 min. 0.09740724370798064% of total time.
2024-06-24 10:17:37 - gen.py[line:180] - INFO: Df time 0.0008640249570210774 min. 19.564511267371184% of total time.
2024-06-24 10:17:37 - gen.py[line:181] - INFO: ToDisk time 0.0035032391548156737 min. 79.3254423494797% of total time.
2024-06-24 10:17:37 - gen.py[line:187] - INFO: Calculating Time as Follows:
2024-06-24 10:17:37 - gen.py[line:188] - INFO: Total cal time 30.465493853886922 min. 671.9580999234769% of total time.
2024-06-24 10:17:37 - gen.py[line:189] - INFO: Ground Turth time 13.203839949766794 min. 43.340311544242994% of total cal time.
2024-06-24 10:17:37 - gen.py[line:190] - INFO: Sample Group time 1.342188358306885 min. 4.405601841690292% of total cal time.
2024-06-24 10:17:37 - gen.py[line:191] - INFO: Query Vector time 0.0020272334416707354 min. 0.0066541952393530356% of total cal time.
2024-06-24 10:17:37 - gen.py[line:192] - INFO: Packing time 15.917438312371573 min. 52.24743241882736% of total cal time.
2024-06-24 10:24:50 - main.py[line:93] - INFO: Generating dataset for multi-table job-light on job-light
2024-06-24 10:24:50 - table.py[line:22] - INFO: Loading table title
2024-06-24 10:24:50 - table.py[line:98] - INFO: table exists, load...
2024-06-24 10:24:50 - table.py[line:101] - INFO: load finished: Table title : 2528311 rows, 115.74MB.
columns:['id', 'kind_id', 'production_year', 'episode_of_id', 'season_nr', 'episode_nr']
2024-06-24 10:24:50 - table.py[line:22] - INFO: Loading table movie_info
2024-06-24 10:24:50 - table.py[line:98] - INFO: table exists, load...
2024-06-24 10:24:51 - table.py[line:101] - INFO: load finished: Table movie_info : 14835719 rows, 339.56MB.
columns:['id', 'movie_id', 'info_type_id']
2024-06-24 10:24:51 - table.py[line:22] - INFO: Loading table movie_info_idx
2024-06-24 10:24:51 - table.py[line:98] - INFO: table exists, load...
2024-06-24 10:24:51 - table.py[line:101] - INFO: load finished: Table movie_info_idx : 1380034 rows, 31.59MB.
columns:['id', 'movie_id', 'info_type_id']
2024-06-24 10:24:51 - table.py[line:22] - INFO: Loading table cast_info
2024-06-24 10:24:51 - table.py[line:98] - INFO: table exists, load...
2024-06-24 10:24:53 - table.py[line:101] - INFO: load finished: Table cast_info : 36244343 rows, 1659.13MB.
columns:['id', 'person_id', 'movie_id', 'person_role_id', 'nr_order', 'role_id']
2024-06-24 10:24:53 - table.py[line:22] - INFO: Loading table movie_keyword
2024-06-24 10:24:53 - table.py[line:98] - INFO: table exists, load...
2024-06-24 10:24:53 - table.py[line:101] - INFO: load finished: Table movie_keyword : 4523929 rows, 103.54MB.
columns:['id', 'movie_id', 'keyword_id']
2024-06-24 10:24:53 - table.py[line:22] - INFO: Loading table movie_companies
2024-06-24 10:24:53 - table.py[line:98] - INFO: table exists, load...
2024-06-24 10:24:54 - table.py[line:101] - INFO: load finished: Table movie_companies : 2609128 rows, 79.62MB.
columns:['id', 'movie_id', 'company_id', 'company_type_id']
2024-06-24 10:24:54 - sample.py[line:176] - INFO: sample group exists, load...
2024-06-24 10:24:56 - sample.py[line:179] - INFO: load finished.
2024-06-24 10:25:18 - feat.py[line:269] - INFO: Histo exists, load...
2024-06-24 10:25:18 - feat.py[line:272] - INFO: load finished: job-light.title
2024-06-24 10:25:18 - feat.py[line:269] - INFO: Histo exists, load...
2024-06-24 10:25:18 - feat.py[line:272] - INFO: load finished: job-light.movie_info
2024-06-24 10:25:18 - feat.py[line:269] - INFO: Histo exists, load...
2024-06-24 10:25:18 - feat.py[line:272] - INFO: load finished: job-light.movie_info_idx
2024-06-24 10:25:18 - feat.py[line:269] - INFO: Histo exists, load...
2024-06-24 10:25:18 - feat.py[line:272] - INFO: load finished: job-light.cast_info
2024-06-24 10:25:18 - feat.py[line:269] - INFO: Histo exists, load...
2024-06-24 10:25:18 - feat.py[line:272] - INFO: load finished: job-light.movie_keyword
2024-06-24 10:25:18 - feat.py[line:269] - INFO: Histo exists, load...
2024-06-24 10:25:18 - feat.py[line:272] - INFO: load finished: job-light.movie_companies
2024-06-24 10:25:18 - sample.py[line:193] - INFO: sample features exists, load...
2024-06-24 10:25:18 - sample.py[line:196] - INFO: load finished.
2024-06-24 10:25:18 - gen.py[line:132] - INFO: job-light is being processed!
2024-06-24 10:25:35 - gen.py[line:145] - INFO: All batch ditributed!
2024-06-24 10:29:25 - gen.py[line:160] - INFO: Saving records
2024-06-24 10:29:25 - gen.py[line:175] - INFO: Generating Dataset Time Cost Summary as Follows:
2024-06-24 10:29:25 - gen.py[line:176] - INFO: Main Thread Total time 4.127329675356547 min.
2024-06-24 10:29:25 - gen.py[line:177] - INFO: Distribute Process time 0.2870606819788615 min. 6.9551187949158235% of total time.
2024-06-24 10:29:25 - gen.py[line:178] - INFO: Waiting Process time 3.8318227529525757 min. 92.84023943693222% of total time.
2024-06-24 10:29:25 - gen.py[line:179] - INFO: Saving Records time 0.008408820629119873 min. 0.20373513362228474% of total time.
2024-06-24 10:29:25 - gen.py[line:180] - INFO: Df time 0.0010486682256062826 min. 12.471050006403141% of total time.
2024-06-24 10:29:25 - gen.py[line:181] - INFO: ToDisk time 0.007238316535949707 min. 86.08004445811707% of total time.
2024-06-24 10:29:25 - gen.py[line:187] - INFO: Calculating Time as Follows:
2024-06-24 10:29:25 - gen.py[line:188] - INFO: Total cal time 29.878462668259942 min. 723.9175209738688% of total time.
2024-06-24 10:29:25 - gen.py[line:189] - INFO: Ground Turth time 12.53451029857 min. 41.95165741203104% of total cal time.
2024-06-24 10:29:25 - gen.py[line:190] - INFO: Sample Group time 1.1838986635208129 min. 3.962381454044739% of total cal time.
2024-06-24 10:29:25 - gen.py[line:191] - INFO: Query Vector time 0.001496485869089763 min. 0.005008577200591676% of total cal time.
2024-06-24 10:29:25 - gen.py[line:192] - INFO: Packing time 16.15855722030004 min. 54.08095255672363% of total cal time.
2024-06-24 10:34:00 - main.py[line:93] - INFO: Generating dataset for multi-table job-light on job-light
2024-06-24 10:34:00 - table.py[line:22] - INFO: Loading table title
2024-06-24 10:34:00 - table.py[line:98] - INFO: table exists, load...
2024-06-24 10:34:00 - table.py[line:101] - INFO: load finished: Table title : 2528311 rows, 115.74MB.
columns:['id', 'kind_id', 'production_year', 'episode_of_id', 'season_nr', 'episode_nr']
2024-06-24 10:34:00 - table.py[line:22] - INFO: Loading table movie_info
2024-06-24 10:34:00 - table.py[line:98] - INFO: table exists, load...
2024-06-24 10:34:01 - table.py[line:101] - INFO: load finished: Table movie_info : 14835719 rows, 339.56MB.
columns:['id', 'movie_id', 'info_type_id']
2024-06-24 10:34:01 - table.py[line:22] - INFO: Loading table movie_info_idx
2024-06-24 10:34:01 - table.py[line:98] - INFO: table exists, load...
2024-06-24 10:34:01 - table.py[line:101] - INFO: load finished: Table movie_info_idx : 1380034 rows, 31.59MB.
columns:['id', 'movie_id', 'info_type_id']
2024-06-24 10:34:01 - table.py[line:22] - INFO: Loading table cast_info
2024-06-24 10:34:01 - table.py[line:98] - INFO: table exists, load...
2024-06-24 10:34:03 - table.py[line:101] - INFO: load finished: Table cast_info : 36244343 rows, 1659.13MB.
columns:['id', 'person_id', 'movie_id', 'person_role_id', 'nr_order', 'role_id']
2024-06-24 10:34:03 - table.py[line:22] - INFO: Loading table movie_keyword
2024-06-24 10:34:03 - table.py[line:98] - INFO: table exists, load...
2024-06-24 10:34:04 - table.py[line:101] - INFO: load finished: Table movie_keyword : 4523929 rows, 103.54MB.
columns:['id', 'movie_id', 'keyword_id']
2024-06-24 10:34:04 - table.py[line:22] - INFO: Loading table movie_companies
2024-06-24 10:34:04 - table.py[line:98] - INFO: table exists, load...
2024-06-24 10:34:04 - table.py[line:101] - INFO: load finished: Table movie_companies : 2609128 rows, 79.62MB.
columns:['id', 'movie_id', 'company_id', 'company_type_id']
2024-06-24 10:34:04 - sample.py[line:176] - INFO: sample group exists, load...
2024-06-24 10:34:06 - sample.py[line:179] - INFO: load finished.
2024-06-24 10:34:25 - feat.py[line:269] - INFO: Histo exists, load...
2024-06-24 10:34:25 - feat.py[line:272] - INFO: load finished: job-light.title
2024-06-24 10:34:25 - feat.py[line:269] - INFO: Histo exists, load...
2024-06-24 10:34:25 - feat.py[line:272] - INFO: load finished: job-light.movie_info
2024-06-24 10:34:25 - feat.py[line:269] - INFO: Histo exists, load...
2024-06-24 10:34:25 - feat.py[line:272] - INFO: load finished: job-light.movie_info_idx
2024-06-24 10:34:25 - feat.py[line:269] - INFO: Histo exists, load...
2024-06-24 10:34:25 - feat.py[line:272] - INFO: load finished: job-light.cast_info
2024-06-24 10:34:25 - feat.py[line:269] - INFO: Histo exists, load...
2024-06-24 10:34:25 - feat.py[line:272] - INFO: load finished: job-light.movie_keyword
2024-06-24 10:34:25 - feat.py[line:269] - INFO: Histo exists, load...
2024-06-24 10:34:25 - feat.py[line:272] - INFO: load finished: job-light.movie_companies
2024-06-24 10:34:25 - sample.py[line:193] - INFO: sample features exists, load...
2024-06-24 10:34:25 - sample.py[line:196] - INFO: load finished.
2024-06-24 10:34:25 - gen.py[line:132] - INFO: job-light is being processed!
2024-06-24 10:34:35 - gen.py[line:145] - INFO: All batch ditributed!
2024-06-24 11:12:39 - main.py[line:93] - INFO: Generating dataset for multi-table job-light on synthetic
2024-06-24 11:12:39 - table.py[line:22] - INFO: Loading table title
2024-06-24 11:12:39 - table.py[line:98] - INFO: table exists, load...
2024-06-24 11:12:39 - table.py[line:101] - INFO: load finished: Table title : 2528311 rows, 115.74MB.
columns:['id', 'kind_id', 'production_year', 'episode_of_id', 'season_nr', 'episode_nr']
2024-06-24 11:12:39 - table.py[line:22] - INFO: Loading table movie_info
2024-06-24 11:12:39 - table.py[line:98] - INFO: table exists, load...
2024-06-24 11:12:40 - table.py[line:101] - INFO: load finished: Table movie_info : 14835719 rows, 339.56MB.
columns:['id', 'movie_id', 'info_type_id']
2024-06-24 11:12:40 - table.py[line:22] - INFO: Loading table movie_info_idx
2024-06-24 11:12:40 - table.py[line:98] - INFO: table exists, load...
2024-06-24 11:12:40 - table.py[line:101] - INFO: load finished: Table movie_info_idx : 1380034 rows, 31.59MB.
columns:['id', 'movie_id', 'info_type_id']
2024-06-24 11:12:40 - table.py[line:22] - INFO: Loading table cast_info
2024-06-24 11:12:40 - table.py[line:98] - INFO: table exists, load...
2024-06-24 11:12:43 - table.py[line:101] - INFO: load finished: Table cast_info : 36244343 rows, 1659.13MB.
columns:['id', 'person_id', 'movie_id', 'person_role_id', 'nr_order', 'role_id']
2024-06-24 11:12:43 - table.py[line:22] - INFO: Loading table movie_keyword
2024-06-24 11:12:43 - table.py[line:98] - INFO: table exists, load...
2024-06-24 11:12:44 - table.py[line:101] - INFO: load finished: Table movie_keyword : 4523929 rows, 103.54MB.
columns:['id', 'movie_id', 'keyword_id']
2024-06-24 11:12:44 - table.py[line:22] - INFO: Loading table movie_companies
2024-06-24 11:12:44 - table.py[line:98] - INFO: table exists, load...
2024-06-24 11:12:44 - table.py[line:101] - INFO: load finished: Table movie_companies : 2609128 rows, 79.62MB.
columns:['id', 'movie_id', 'company_id', 'company_type_id']
2024-06-24 11:12:44 - sample.py[line:176] - INFO: sample group exists, load...
2024-06-24 11:12:48 - sample.py[line:179] - INFO: load finished.
2024-06-24 11:13:08 - feat.py[line:269] - INFO: Histo exists, load...
2024-06-24 11:13:08 - feat.py[line:272] - INFO: load finished: job-light.title
2024-06-24 11:13:08 - feat.py[line:269] - INFO: Histo exists, load...
2024-06-24 11:13:08 - feat.py[line:272] - INFO: load finished: job-light.movie_info
2024-06-24 11:13:08 - feat.py[line:269] - INFO: Histo exists, load...
2024-06-24 11:13:08 - feat.py[line:272] - INFO: load finished: job-light.movie_info_idx
2024-06-24 11:13:08 - feat.py[line:269] - INFO: Histo exists, load...
2024-06-24 11:13:08 - feat.py[line:272] - INFO: load finished: job-light.cast_info
2024-06-24 11:13:08 - feat.py[line:269] - INFO: Histo exists, load...
2024-06-24 11:13:08 - feat.py[line:272] - INFO: load finished: job-light.movie_keyword
2024-06-24 11:13:08 - feat.py[line:269] - INFO: Histo exists, load...
2024-06-24 11:13:08 - feat.py[line:272] - INFO: load finished: job-light.movie_companies
2024-06-24 11:13:08 - sample.py[line:193] - INFO: sample features exists, load...
2024-06-24 11:13:08 - sample.py[line:196] - INFO: load finished.
2024-06-24 11:13:08 - gen.py[line:132] - INFO: synthetic is being processed!
2024-06-24 11:13:33 - gen.py[line:145] - INFO: All batch ditributed!
2024-06-24 15:03:37 - main.py[line:93] - INFO: Generating dataset for multi-table job-light on job-light
2024-06-24 15:03:37 - table.py[line:22] - INFO: Loading table title
2024-06-24 15:03:37 - table.py[line:98] - INFO: table exists, load...
2024-06-24 15:03:37 - table.py[line:101] - INFO: load finished: Table title : 2528311 rows, 115.74MB.
columns:['id', 'kind_id', 'production_year', 'episode_of_id', 'season_nr', 'episode_nr']
2024-06-24 15:03:37 - table.py[line:22] - INFO: Loading table movie_info
2024-06-24 15:03:37 - table.py[line:98] - INFO: table exists, load...
2024-06-24 15:03:38 - table.py[line:101] - INFO: load finished: Table movie_info : 14835719 rows, 339.56MB.
columns:['id', 'movie_id', 'info_type_id']
2024-06-24 15:03:38 - table.py[line:22] - INFO: Loading table movie_info_idx
2024-06-24 15:03:38 - table.py[line:98] - INFO: table exists, load...
2024-06-24 15:03:38 - table.py[line:101] - INFO: load finished: Table movie_info_idx : 1380034 rows, 31.59MB.
columns:['id', 'movie_id', 'info_type_id']
2024-06-24 15:03:38 - table.py[line:22] - INFO: Loading table cast_info
2024-06-24 15:03:38 - table.py[line:98] - INFO: table exists, load...
2024-06-24 15:03:40 - table.py[line:101] - INFO: load finished: Table cast_info : 36244343 rows, 1659.13MB.
columns:['id', 'person_id', 'movie_id', 'person_role_id', 'nr_order', 'role_id']
2024-06-24 15:03:40 - table.py[line:22] - INFO: Loading table movie_keyword
2024-06-24 15:03:40 - table.py[line:98] - INFO: table exists, load...
2024-06-24 15:03:40 - table.py[line:101] - INFO: load finished: Table movie_keyword : 4523929 rows, 103.54MB.
columns:['id', 'movie_id', 'keyword_id']
2024-06-24 15:03:40 - table.py[line:22] - INFO: Loading table movie_companies
2024-06-24 15:03:40 - table.py[line:98] - INFO: table exists, load...
2024-06-24 15:03:40 - table.py[line:101] - INFO: load finished: Table movie_companies : 2609128 rows, 79.62MB.
columns:['id', 'movie_id', 'company_id', 'company_type_id']
2024-06-24 15:03:40 - sample.py[line:176] - INFO: sample group exists, load...
2024-06-24 15:03:43 - sample.py[line:179] - INFO: load finished.
2024-06-24 15:04:01 - feat.py[line:269] - INFO: Histo exists, load...
2024-06-24 15:04:01 - feat.py[line:272] - INFO: load finished: job-light.title
2024-06-24 15:04:01 - feat.py[line:269] - INFO: Histo exists, load...
2024-06-24 15:04:01 - feat.py[line:272] - INFO: load finished: job-light.movie_info
2024-06-24 15:04:01 - feat.py[line:269] - INFO: Histo exists, load...
2024-06-24 15:04:01 - feat.py[line:272] - INFO: load finished: job-light.movie_info_idx
2024-06-24 15:04:01 - feat.py[line:269] - INFO: Histo exists, load...
2024-06-24 15:04:01 - feat.py[line:272] - INFO: load finished: job-light.cast_info
2024-06-24 15:04:01 - feat.py[line:269] - INFO: Histo exists, load...
2024-06-24 15:04:01 - feat.py[line:272] - INFO: load finished: job-light.movie_keyword
2024-06-24 15:04:01 - feat.py[line:269] - INFO: Histo exists, load...
2024-06-24 15:04:01 - feat.py[line:272] - INFO: load finished: job-light.movie_companies
2024-06-24 15:04:01 - sample.py[line:193] - INFO: sample features exists, load...
2024-06-24 15:04:01 - sample.py[line:196] - INFO: load finished.
2024-06-24 15:04:01 - gen.py[line:132] - INFO: job-light is being processed!
2024-06-24 15:04:12 - gen.py[line:145] - INFO: All batch ditributed!
2024-06-24 15:07:07 - main.py[line:93] - INFO: Generating dataset for multi-table job-light on job-light
2024-06-24 15:07:07 - table.py[line:22] - INFO: Loading table title
2024-06-24 15:07:07 - table.py[line:98] - INFO: table exists, load...
2024-06-24 15:07:07 - table.py[line:101] - INFO: load finished: Table title : 2528311 rows, 115.74MB.
columns:['id', 'kind_id', 'production_year', 'episode_of_id', 'season_nr', 'episode_nr']
2024-06-24 15:07:07 - table.py[line:22] - INFO: Loading table movie_info
2024-06-24 15:07:07 - table.py[line:98] - INFO: table exists, load...
2024-06-24 15:07:07 - table.py[line:101] - INFO: load finished: Table movie_info : 14835719 rows, 339.56MB.
columns:['id', 'movie_id', 'info_type_id']
2024-06-24 15:07:07 - table.py[line:22] - INFO: Loading table movie_info_idx
2024-06-24 15:07:07 - table.py[line:98] - INFO: table exists, load...
2024-06-24 15:07:07 - table.py[line:101] - INFO: load finished: Table movie_info_idx : 1380034 rows, 31.59MB.
columns:['id', 'movie_id', 'info_type_id']
2024-06-24 15:07:07 - table.py[line:22] - INFO: Loading table cast_info
2024-06-24 15:07:07 - table.py[line:98] - INFO: table exists, load...
2024-06-24 15:07:09 - table.py[line:101] - INFO: load finished: Table cast_info : 36244343 rows, 1659.13MB.
columns:['id', 'person_id', 'movie_id', 'person_role_id', 'nr_order', 'role_id']
2024-06-24 15:07:09 - table.py[line:22] - INFO: Loading table movie_keyword
2024-06-24 15:07:09 - table.py[line:98] - INFO: table exists, load...
2024-06-24 15:07:09 - table.py[line:101] - INFO: load finished: Table movie_keyword : 4523929 rows, 103.54MB.
columns:['id', 'movie_id', 'keyword_id']
2024-06-24 15:07:09 - table.py[line:22] - INFO: Loading table movie_companies
2024-06-24 15:07:09 - table.py[line:98] - INFO: table exists, load...
2024-06-24 15:07:09 - table.py[line:101] - INFO: load finished: Table movie_companies : 2609128 rows, 79.62MB.
columns:['id', 'movie_id', 'company_id', 'company_type_id']
2024-06-24 15:07:09 - sample.py[line:176] - INFO: sample group exists, load...
2024-06-24 15:07:12 - sample.py[line:179] - INFO: load finished.
2024-06-24 15:07:29 - feat.py[line:269] - INFO: Histo exists, load...
2024-06-24 15:07:29 - feat.py[line:272] - INFO: load finished: job-light.title
2024-06-24 15:07:29 - feat.py[line:269] - INFO: Histo exists, load...
2024-06-24 15:07:29 - feat.py[line:272] - INFO: load finished: job-light.movie_info
2024-06-24 15:07:29 - feat.py[line:269] - INFO: Histo exists, load...
2024-06-24 15:07:29 - feat.py[line:272] - INFO: load finished: job-light.movie_info_idx
2024-06-24 15:07:29 - feat.py[line:269] - INFO: Histo exists, load...
2024-06-24 15:07:29 - feat.py[line:272] - INFO: load finished: job-light.cast_info
2024-06-24 15:07:29 - feat.py[line:269] - INFO: Histo exists, load...
2024-06-24 15:07:29 - feat.py[line:272] - INFO: load finished: job-light.movie_keyword
2024-06-24 15:07:29 - feat.py[line:269] - INFO: Histo exists, load...
2024-06-24 15:07:29 - feat.py[line:272] - INFO: load finished: job-light.movie_companies
2024-06-24 15:07:29 - sample.py[line:193] - INFO: sample features exists, load...
2024-06-24 15:07:29 - sample.py[line:196] - INFO: load finished.
2024-06-24 15:07:29 - gen.py[line:132] - INFO: job-light is being processed!
2024-06-24 15:07:36 - gen.py[line:145] - INFO: All batch ditributed!
2024-06-24 15:25:39 - main.py[line:93] - INFO: Generating dataset for multi-table job-light on job-light
2024-06-24 15:25:39 - table.py[line:22] - INFO: Loading table title
2024-06-24 15:25:39 - table.py[line:98] - INFO: table exists, load...
2024-06-24 15:25:39 - table.py[line:101] - INFO: load finished: Table title : 2528311 rows, 115.74MB.
columns:['id', 'kind_id', 'production_year', 'episode_of_id', 'season_nr', 'episode_nr']
2024-06-24 15:25:39 - table.py[line:22] - INFO: Loading table movie_info
2024-06-24 15:25:39 - table.py[line:98] - INFO: table exists, load...
2024-06-24 15:25:39 - table.py[line:101] - INFO: load finished: Table movie_info : 14835719 rows, 339.56MB.
columns:['id', 'movie_id', 'info_type_id']
2024-06-24 15:25:39 - table.py[line:22] - INFO: Loading table movie_info_idx
2024-06-24 15:25:39 - table.py[line:98] - INFO: table exists, load...
2024-06-24 15:25:39 - table.py[line:101] - INFO: load finished: Table movie_info_idx : 1380034 rows, 31.59MB.
columns:['id', 'movie_id', 'info_type_id']
2024-06-24 15:25:39 - table.py[line:22] - INFO: Loading table cast_info
2024-06-24 15:25:39 - table.py[line:98] - INFO: table exists, load...
2024-06-24 15:25:42 - table.py[line:101] - INFO: load finished: Table cast_info : 36244343 rows, 1659.13MB.
columns:['id', 'person_id', 'movie_id', 'person_role_id', 'nr_order', 'role_id']
2024-06-24 15:25:42 - table.py[line:22] - INFO: Loading table movie_keyword
2024-06-24 15:25:42 - table.py[line:98] - INFO: table exists, load...
2024-06-24 15:25:42 - table.py[line:101] - INFO: load finished: Table movie_keyword : 4523929 rows, 103.54MB.
columns:['id', 'movie_id', 'keyword_id']
2024-06-24 15:25:42 - table.py[line:22] - INFO: Loading table movie_companies
2024-06-24 15:25:42 - table.py[line:98] - INFO: table exists, load...
2024-06-24 15:25:42 - table.py[line:101] - INFO: load finished: Table movie_companies : 2609128 rows, 79.62MB.
columns:['id', 'movie_id', 'company_id', 'company_type_id']
2024-06-24 15:25:42 - sample.py[line:176] - INFO: sample group exists, load...
2024-06-24 15:25:47 - sample.py[line:179] - INFO: load finished.
2024-06-24 15:26:04 - feat.py[line:269] - INFO: Histo exists, load...
2024-06-24 15:26:04 - feat.py[line:272] - INFO: load finished: job-light.title
2024-06-24 15:26:04 - feat.py[line:269] - INFO: Histo exists, load...
2024-06-24 15:26:04 - feat.py[line:272] - INFO: load finished: job-light.movie_info
2024-06-24 15:26:04 - feat.py[line:269] - INFO: Histo exists, load...
2024-06-24 15:26:04 - feat.py[line:272] - INFO: load finished: job-light.movie_info_idx
2024-06-24 15:26:04 - feat.py[line:269] - INFO: Histo exists, load...
2024-06-24 15:26:04 - feat.py[line:272] - INFO: load finished: job-light.cast_info
2024-06-24 15:26:04 - feat.py[line:269] - INFO: Histo exists, load...
2024-06-24 15:26:04 - feat.py[line:272] - INFO: load finished: job-light.movie_keyword
2024-06-24 15:26:04 - feat.py[line:269] - INFO: Histo exists, load...
2024-06-24 15:26:04 - feat.py[line:272] - INFO: load finished: job-light.movie_companies
2024-06-24 15:26:04 - sample.py[line:193] - INFO: sample features exists, load...
2024-06-24 15:26:04 - sample.py[line:196] - INFO: load finished.
2024-06-24 15:26:04 - gen.py[line:132] - INFO: job-light is being processed!
2024-06-24 15:26:14 - gen.py[line:145] - INFO: All batch ditributed!
2024-06-24 16:48:50 - main.py[line:93] - INFO: Generating dataset for multi-table job-light on job-light
2024-06-24 16:48:50 - table.py[line:22] - INFO: Loading table title
2024-06-24 16:48:50 - table.py[line:98] - INFO: table exists, load...
2024-06-24 16:48:50 - table.py[line:101] - INFO: load finished: Table title : 2528311 rows, 115.74MB.
columns:['id', 'kind_id', 'production_year', 'episode_of_id', 'season_nr', 'episode_nr']
2024-06-24 16:48:50 - table.py[line:22] - INFO: Loading table movie_info
2024-06-24 16:48:50 - table.py[line:98] - INFO: table exists, load...
2024-06-24 16:48:51 - table.py[line:101] - INFO: load finished: Table movie_info : 14835719 rows, 339.56MB.
columns:['id', 'movie_id', 'info_type_id']
2024-06-24 16:48:51 - table.py[line:22] - INFO: Loading table movie_info_idx
2024-06-24 16:48:51 - table.py[line:98] - INFO: table exists, load...
2024-06-24 16:48:51 - table.py[line:101] - INFO: load finished: Table movie_info_idx : 1380034 rows, 31.59MB.
columns:['id', 'movie_id', 'info_type_id']
2024-06-24 16:48:51 - table.py[line:22] - INFO: Loading table cast_info
2024-06-24 16:48:51 - table.py[line:98] - INFO: table exists, load...
2024-06-24 16:48:54 - table.py[line:101] - INFO: load finished: Table cast_info : 36244343 rows, 1659.13MB.
columns:['id', 'person_id', 'movie_id', 'person_role_id', 'nr_order', 'role_id']
2024-06-24 16:48:54 - table.py[line:22] - INFO: Loading table movie_keyword
2024-06-24 16:48:54 - table.py[line:98] - INFO: table exists, load...
2024-06-24 16:48:55 - table.py[line:101] - INFO: load finished: Table movie_keyword : 4523929 rows, 103.54MB.
columns:['id', 'movie_id', 'keyword_id']
2024-06-24 16:48:55 - table.py[line:22] - INFO: Loading table movie_companies
2024-06-24 16:48:55 - table.py[line:98] - INFO: table exists, load...
2024-06-24 16:48:55 - table.py[line:101] - INFO: load finished: Table movie_companies : 2609128 rows, 79.62MB.
columns:['id', 'movie_id', 'company_id', 'company_type_id']
2024-06-24 16:48:55 - sample.py[line:176] - INFO: sample group exists, load...
2024-06-24 16:49:01 - sample.py[line:179] - INFO: load finished.
2024-06-24 17:28:36 - main.py[line:93] - INFO: Generating dataset for multi-table job-light on job-light
2024-06-24 17:28:36 - table.py[line:22] - INFO: Loading table title
2024-06-24 17:28:36 - table.py[line:98] - INFO: table exists, load...
2024-06-24 17:28:36 - table.py[line:101] - INFO: load finished: Table title : 2528311 rows, 115.74MB.
columns:['id', 'kind_id', 'production_year', 'episode_of_id', 'season_nr', 'episode_nr']
2024-06-24 17:28:36 - table.py[line:22] - INFO: Loading table movie_info
2024-06-24 17:28:36 - table.py[line:98] - INFO: table exists, load...
2024-06-24 17:28:37 - table.py[line:101] - INFO: load finished: Table movie_info : 14835719 rows, 339.56MB.
columns:['id', 'movie_id', 'info_type_id']
2024-06-24 17:28:37 - table.py[line:22] - INFO: Loading table movie_info_idx
2024-06-24 17:28:37 - table.py[line:98] - INFO: table exists, load...
2024-06-24 17:28:37 - table.py[line:101] - INFO: load finished: Table movie_info_idx : 1380034 rows, 31.59MB.
columns:['id', 'movie_id', 'info_type_id']
2024-06-24 17:28:37 - table.py[line:22] - INFO: Loading table cast_info
2024-06-24 17:28:37 - table.py[line:98] - INFO: table exists, load...
2024-06-24 17:28:39 - table.py[line:101] - INFO: load finished: Table cast_info : 36244343 rows, 1659.13MB.
columns:['id', 'person_id', 'movie_id', 'person_role_id', 'nr_order', 'role_id']
2024-06-24 17:28:39 - table.py[line:22] - INFO: Loading table movie_keyword
2024-06-24 17:28:39 - table.py[line:98] - INFO: table exists, load...
2024-06-24 17:28:40 - table.py[line:101] - INFO: load finished: Table movie_keyword : 4523929 rows, 103.54MB.
columns:['id', 'movie_id', 'keyword_id']
2024-06-24 17:28:40 - table.py[line:22] - INFO: Loading table movie_companies
2024-06-24 17:28:40 - table.py[line:98] - INFO: table exists, load...
2024-06-24 17:28:40 - table.py[line:101] - INFO: load finished: Table movie_companies : 2609128 rows, 79.62MB.
columns:['id', 'movie_id', 'company_id', 'company_type_id']
2024-06-24 17:28:40 - sample.py[line:176] - INFO: sample group exists, load...
2024-06-24 17:28:47 - sample.py[line:179] - INFO: load finished.
2024-06-24 22:18:40 - main.py[line:93] - INFO: Generating dataset for multi-table job-light on job-light
2024-06-24 22:18:40 - table.py[line:22] - INFO: Loading table title
2024-06-24 22:18:40 - table.py[line:98] - INFO: table exists, load...
2024-06-24 22:18:40 - table.py[line:101] - INFO: load finished: Table title : 2528311 rows, 115.74MB.
columns:['id', 'kind_id', 'production_year', 'episode_of_id', 'season_nr', 'episode_nr']
2024-06-24 22:18:40 - table.py[line:22] - INFO: Loading table movie_info
2024-06-24 22:18:40 - table.py[line:98] - INFO: table exists, load...
2024-06-24 22:18:41 - table.py[line:101] - INFO: load finished: Table movie_info : 14835719 rows, 339.56MB.
columns:['id', 'movie_id', 'info_type_id']
2024-06-24 22:18:41 - table.py[line:22] - INFO: Loading table movie_info_idx
2024-06-24 22:18:41 - table.py[line:98] - INFO: table exists, load...
2024-06-24 22:18:41 - table.py[line:101] - INFO: load finished: Table movie_info_idx : 1380034 rows, 31.59MB.
columns:['id', 'movie_id', 'info_type_id']
2024-06-24 22:18:41 - table.py[line:22] - INFO: Loading table cast_info
2024-06-24 22:18:41 - table.py[line:98] - INFO: table exists, load...
2024-06-24 22:18:45 - table.py[line:101] - INFO: load finished: Table cast_info : 36244343 rows, 1659.13MB.
columns:['id', 'person_id', 'movie_id', 'person_role_id', 'nr_order', 'role_id']
2024-06-24 22:18:45 - table.py[line:22] - INFO: Loading table movie_keyword
2024-06-24 22:18:45 - table.py[line:98] - INFO: table exists, load...
2024-06-24 22:18:45 - table.py[line:101] - INFO: load finished: Table movie_keyword : 4523929 rows, 103.54MB.
columns:['id', 'movie_id', 'keyword_id']
2024-06-24 22:18:45 - table.py[line:22] - INFO: Loading table movie_companies
2024-06-24 22:18:45 - table.py[line:98] - INFO: table exists, load...
2024-06-24 22:18:46 - table.py[line:101] - INFO: load finished: Table movie_companies : 2609128 rows, 79.62MB.
columns:['id', 'movie_id', 'company_id', 'company_type_id']
2024-06-24 22:18:46 - sample.py[line:176] - INFO: sample group exists, load...
2024-06-24 22:18:55 - sample.py[line:179] - INFO: load finished.
2024-07-05 19:47:05 - main.py[line:103] - INFO: Training for single-table dmv on generate
2024-07-05 19:47:43 - dataset.py[line:222] - INFO: csv to pkl in path output/temp/table/dmv.pkl
2024-07-05 19:47:46 - dataset.py[line:85] - INFO: start building data dmv...
2024-07-05 19:48:58 - dataset.py[line:95] - INFO: build finished: Table dmv (11591877 rows, 972.83MB, columns:
Column(Record_Type, type=object, vocab size=4, min=BOAT, max=VEH , has NaN=False)
Column(Registration_Class, type=object, vocab size=75, min=AGR, max=WUG, has NaN=False)
Column(State, type=object, vocab size=89, min= N, max=YY, has NaN=False)
Column(County, type=object, vocab size=63, min=ALBANY      , max=YATES       , has NaN=False)
Column(Body_Type, type=object, vocab size=59, min=2DSD, max=W/SR, has NaN=False)
Column(Fuel_Type, type=object, vocab size=9, min=        , max=PROPANE , has NaN=False)
Column(Reg_Valid_Date, type=int64, vocab size=2102, min=19721201, max=20190401, has NaN=False)
Column(Color, type=object, vocab size=225, min=     , max=YW/WH, has NaN=False)
Column(Scofflaw_Indicator, type=object, vocab size=2, min=N, max=Y, has NaN=False)
Column(Suspension_Indicator, type=object, vocab size=2, min=N, max=Y, has NaN=False)
Column(Revocation_Indicator, type=object, vocab size=2, min=N, max=Y, has NaN=False))
2024-07-05 19:48:58 - dataset.py[line:206] - INFO: write table to disk...
2024-07-05 19:51:27 - main.py[line:93] - INFO: Generating dataset for single-table dmv on generate
2024-07-05 19:51:28 - dataset.py[line:196] - INFO: table exists, load...
2024-07-05 19:51:30 - dataset.py[line:199] - INFO: load finished: Table dmv (11591877 rows, 972.83MB, columns:
Column(Record_Type, type=object, vocab size=4, min=BOAT, max=VEH , has NaN=False)
Column(Registration_Class, type=object, vocab size=75, min=AGR, max=WUG, has NaN=False)
Column(State, type=object, vocab size=89, min= N, max=YY, has NaN=False)
Column(County, type=object, vocab size=63, min=ALBANY      , max=YATES       , has NaN=False)
Column(Body_Type, type=object, vocab size=59, min=2DSD, max=W/SR, has NaN=False)
Column(Fuel_Type, type=object, vocab size=9, min=        , max=PROPANE , has NaN=False)
Column(Reg_Valid_Date, type=int64, vocab size=2102, min=19721201, max=20190401, has NaN=False)
Column(Color, type=object, vocab size=225, min=     , max=YW/WH, has NaN=False)
Column(Scofflaw_Indicator, type=object, vocab size=2, min=N, max=Y, has NaN=False)
Column(Suspension_Indicator, type=object, vocab size=2, min=N, max=Y, has NaN=False)
Column(Revocation_Indicator, type=object, vocab size=2, min=N, max=Y, has NaN=False))
2024-07-05 19:51:38 - sample_group.py[line:32] - INFO: All set Sampling Group has been established!
2024-07-05 19:52:15 - sample_group.py[line:51] - INFO: All Distribute Col Sampling Group has been established!
2024-07-05 19:52:15 - sample_group.py[line:52] - INFO: Total to-choose-sample-set space buget = 0.2
2024-07-05 19:53:40 - feat.py[line:248] - INFO: Generated feature size: 627
2024-07-05 19:55:02 - feat.py[line:248] - INFO: Generated feature size: 627
2024-07-05 19:56:24 - feat.py[line:248] - INFO: Generated feature size: 627
2024-07-05 19:57:45 - feat.py[line:248] - INFO: Generated feature size: 627
2024-07-05 19:59:07 - feat.py[line:248] - INFO: Generated feature size: 627
2024-07-05 20:00:29 - feat.py[line:248] - INFO: Generated feature size: 627
2024-07-05 20:00:29 - feat.py[line:280] - INFO: Histo exists, load...
2024-07-05 20:01:45 - feat.py[line:282] - INFO: write data to disk...
2024-07-05 20:01:45 - gen.py[line:215] - INFO: valid group is being processed!
2024-07-05 20:01:47 - gen.py[line:230] - INFO: All batch ditributed!
2024-07-05 21:13:14 - gen.py[line:244] - INFO: Saving records of group valid
2024-07-05 21:13:28 - gen.py[line:215] - INFO: test group is being processed!
2024-07-05 21:13:32 - gen.py[line:230] - INFO: All batch ditributed!
2024-07-05 22:22:01 - gen.py[line:244] - INFO: Saving records of group test
2024-07-05 22:22:15 - gen.py[line:257] - INFO: Generating Dataset Time Cost Summary as Follows:
2024-07-05 22:22:15 - gen.py[line:258] - INFO: Main Thread Total time 140.5011382341385 min.
2024-07-05 22:22:15 - gen.py[line:259] - INFO: Distribute Process time 0.09730664491653443 min. 0.06925683744595543% of total time.
2024-07-05 22:22:15 - gen.py[line:260] - INFO: Waiting Process time 139.94231170415878 min. 99.60226191972306% of total time.
2024-07-05 22:22:15 - gen.py[line:261] - INFO: Saving Records time 0.4613954067230225 min. 0.3283926468653435% of total time.
2024-07-05 22:22:15 - gen.py[line:262] - INFO: Df time 0.21760674715042114 min. 47.16274674165782% of total time.
2024-07-05 22:22:15 - gen.py[line:263] - INFO: ToDisk time 0.01241837739944458 min. 2.6914826672514716% of total time.
2024-07-05 22:22:15 - gen.py[line:269] - INFO: Calculating Time as Follows:
2024-07-05 22:22:15 - gen.py[line:270] - INFO: Total cal time 2061.585530757904 min. 1467.3087753370148% of total time.
2024-07-05 22:22:15 - gen.py[line:271] - INFO: Ground Turth time 1566.6988337198893 min. 75.99485009695044% of total cal time.
2024-07-05 22:22:15 - gen.py[line:272] - INFO: Sample Group time 493.62852034966136 min. 23.944120337718314% of total cal time.
2024-07-05 22:22:15 - gen.py[line:273] - INFO: Query Vector time 1.0834141016006467 min. 0.05255246922509925% of total cal time.
2024-07-05 22:22:15 - gen.py[line:274] - INFO: Packing time 0.17476258675257367 min. 0.00847709610613756% of total cal time.
2024-07-07 20:02:34 - main.py[line:103] - INFO: Training for single-table dmv on generate
2024-07-07 20:04:02 - main.py[line:93] - INFO: Generating dataset for single-table dmv on generate
2024-07-07 20:04:03 - dataset.py[line:196] - INFO: table exists, load...
2024-07-07 20:04:05 - dataset.py[line:199] - INFO: load finished: Table dmv (11591877 rows, 972.83MB, columns:
Column(Record_Type, type=object, vocab size=4, min=BOAT, max=VEH , has NaN=False)
Column(Registration_Class, type=object, vocab size=75, min=AGR, max=WUG, has NaN=False)
Column(State, type=object, vocab size=89, min= N, max=YY, has NaN=False)
Column(County, type=object, vocab size=63, min=ALBANY      , max=YATES       , has NaN=False)
Column(Body_Type, type=object, vocab size=59, min=2DSD, max=W/SR, has NaN=False)
Column(Fuel_Type, type=object, vocab size=9, min=        , max=PROPANE , has NaN=False)
Column(Reg_Valid_Date, type=int64, vocab size=2102, min=19721201, max=20190401, has NaN=False)
Column(Color, type=object, vocab size=225, min=     , max=YW/WH, has NaN=False)
Column(Scofflaw_Indicator, type=object, vocab size=2, min=N, max=Y, has NaN=False)
Column(Suspension_Indicator, type=object, vocab size=2, min=N, max=Y, has NaN=False)
Column(Revocation_Indicator, type=object, vocab size=2, min=N, max=Y, has NaN=False))
2024-07-07 20:04:06 - sample_group.py[line:470] - INFO: sample group exists, load...
2024-07-07 20:04:10 - sample_group.py[line:473] - INFO: load finished.
2024-07-07 20:04:10 - sample_group.py[line:486] - INFO: sample features exists, load...
2024-07-07 20:04:10 - sample_group.py[line:489] - INFO: load finished.
2024-07-07 20:04:10 - feat.py[line:274] - INFO: Histo exists, load...
2024-07-07 20:04:10 - feat.py[line:277] - INFO: load finished: dmv
2024-07-07 20:04:10 - gen.py[line:217] - INFO: train group is being processed!
2024-07-07 20:04:13 - gen.py[line:232] - INFO: All batch ditributed!
2024-07-07 22:38:13 - gen.py[line:39] - INFO: Query of group 31 -   1000 / 3125
2024-07-07 22:48:35 - gen.py[line:39] - INFO: Query of group  9 -   1000 / 3125
2024-07-07 22:50:36 - gen.py[line:39] - INFO: Query of group 13 -   1000 / 3125
2024-07-07 22:54:27 - gen.py[line:39] - INFO: Query of group 20 -   1000 / 3125
2024-07-07 22:55:35 - gen.py[line:39] - INFO: Query of group  5 -   1000 / 3125
2024-07-07 22:55:43 - gen.py[line:39] - INFO: Query of group 10 -   1000 / 3125
2024-07-07 23:01:03 - gen.py[line:39] - INFO: Query of group 22 -   1000 / 3125
2024-07-07 23:01:19 - gen.py[line:39] - INFO: Query of group  3 -   1000 / 3125
2024-07-07 23:01:54 - gen.py[line:39] - INFO: Query of group  0 -   1000 / 3125
2024-07-07 23:02:53 - gen.py[line:39] - INFO: Query of group 19 -   1000 / 3125
2024-07-07 23:03:13 - gen.py[line:39] - INFO: Query of group  1 -   1000 / 3125
2024-07-07 23:04:55 - gen.py[line:39] - INFO: Query of group 29 -   1000 / 3125
2024-07-07 23:05:18 - gen.py[line:39] - INFO: Query of group 30 -   1000 / 3125
2024-07-07 23:05:26 - gen.py[line:39] - INFO: Query of group 17 -   1000 / 3125
2024-07-07 23:05:28 - gen.py[line:39] - INFO: Query of group 14 -   1000 / 3125
2024-07-07 23:06:12 - gen.py[line:39] - INFO: Query of group 11 -   1000 / 3125
2024-07-07 23:06:26 - gen.py[line:39] - INFO: Query of group  4 -   1000 / 3125
2024-07-07 23:09:48 - gen.py[line:39] - INFO: Query of group  8 -   1000 / 3125
2024-07-07 23:10:14 - gen.py[line:39] - INFO: Query of group 28 -   1000 / 3125
2024-07-07 23:14:33 - gen.py[line:39] - INFO: Query of group 23 -   1000 / 3125
2024-07-07 23:14:47 - gen.py[line:39] - INFO: Query of group 26 -   1000 / 3125
2024-07-07 23:15:06 - gen.py[line:39] - INFO: Query of group  6 -   1000 / 3125
2024-07-07 23:15:19 - gen.py[line:39] - INFO: Query of group  7 -   1000 / 3125
2024-07-07 23:15:37 - gen.py[line:39] - INFO: Query of group 24 -   1000 / 3125
2024-07-07 23:15:40 - gen.py[line:39] - INFO: Query of group 12 -   1000 / 3125
2024-07-07 23:18:45 - gen.py[line:39] - INFO: Query of group 21 -   1000 / 3125
2024-07-07 23:19:09 - gen.py[line:39] - INFO: Query of group 16 -   1000 / 3125
2024-07-07 23:20:26 - gen.py[line:39] - INFO: Query of group 27 -   1000 / 3125
2024-07-07 23:20:33 - gen.py[line:39] - INFO: Query of group 25 -   1000 / 3125
2024-07-07 23:22:44 - gen.py[line:39] - INFO: Query of group 18 -   1000 / 3125
2024-07-07 23:24:09 - gen.py[line:39] - INFO: Query of group  2 -   1000 / 3125
2024-07-07 23:31:48 - gen.py[line:39] - INFO: Query of group 15 -   1000 / 3125
2024-07-08 00:56:39 - gen.py[line:39] - INFO: Query of group 31 -   2000 / 3125
2024-07-08 01:26:06 - gen.py[line:39] - INFO: Query of group  5 -   2000 / 3125
2024-07-08 01:31:57 - gen.py[line:39] - INFO: Query of group 14 -   2000 / 3125
2024-07-08 01:40:50 - gen.py[line:39] - INFO: Query of group 13 -   2000 / 3125
2024-07-08 01:45:16 - gen.py[line:39] - INFO: Query of group  0 -   2000 / 3125
2024-07-08 01:57:04 - gen.py[line:39] - INFO: Query of group 20 -   2000 / 3125
2024-07-08 01:57:12 - gen.py[line:39] - INFO: Query of group 10 -   2000 / 3125
2024-07-08 01:57:46 - gen.py[line:39] - INFO: Query of group 29 -   2000 / 3125
2024-07-08 01:58:49 - gen.py[line:39] - INFO: Query of group 22 -   2000 / 3125
2024-07-08 01:59:02 - gen.py[line:39] - INFO: Query of group  9 -   2000 / 3125
2024-07-08 02:05:22 - gen.py[line:39] - INFO: Query of group 16 -   2000 / 3125
2024-07-08 02:05:58 - gen.py[line:39] - INFO: Query of group 28 -   2000 / 3125
2024-07-08 02:06:02 - gen.py[line:39] - INFO: Query of group  3 -   2000 / 3125
2024-07-08 02:07:48 - gen.py[line:39] - INFO: Query of group 30 -   2000 / 3125
2024-07-08 02:11:01 - gen.py[line:39] - INFO: Query of group 11 -   2000 / 3125
2024-07-08 02:12:48 - gen.py[line:39] - INFO: Query of group 17 -   2000 / 3125
2024-07-08 02:13:17 - gen.py[line:39] - INFO: Query of group 19 -   2000 / 3125
2024-07-08 02:15:34 - gen.py[line:39] - INFO: Query of group  7 -   2000 / 3125
2024-07-08 02:15:49 - gen.py[line:39] - INFO: Query of group  1 -   2000 / 3125
2024-07-08 02:17:35 - gen.py[line:39] - INFO: Query of group  4 -   2000 / 3125
2024-07-08 02:18:00 - gen.py[line:39] - INFO: Query of group  8 -   2000 / 3125
2024-07-08 02:20:27 - gen.py[line:39] - INFO: Query of group 24 -   2000 / 3125
2024-07-08 02:22:53 - gen.py[line:39] - INFO: Query of group  6 -   2000 / 3125
2024-07-08 02:23:39 - gen.py[line:39] - INFO: Query of group 25 -   2000 / 3125
2024-07-08 02:24:57 - gen.py[line:39] - INFO: Query of group 18 -   2000 / 3125
2024-07-08 02:26:08 - gen.py[line:39] - INFO: Query of group 21 -   2000 / 3125
2024-07-08 02:29:07 - gen.py[line:39] - INFO: Query of group 23 -   2000 / 3125
2024-07-08 02:33:22 - gen.py[line:39] - INFO: Query of group 27 -   2000 / 3125
2024-07-08 02:35:58 - gen.py[line:39] - INFO: Query of group 26 -   2000 / 3125
2024-07-08 02:37:29 - gen.py[line:39] - INFO: Query of group 12 -   2000 / 3125
2024-07-08 02:39:31 - gen.py[line:39] - INFO: Query of group 15 -   2000 / 3125
2024-07-08 02:46:55 - gen.py[line:39] - INFO: Query of group  2 -   2000 / 3125
2024-07-08 03:25:13 - gen.py[line:39] - INFO: Query of group 31 -   3000 / 3125
2024-07-08 04:03:59 - gen.py[line:39] - INFO: Query of group  5 -   3000 / 3125
2024-07-08 04:24:44 - gen.py[line:39] - INFO: Query of group 14 -   3000 / 3125
2024-07-08 04:28:23 - gen.py[line:39] - INFO: Query of group  0 -   3000 / 3125
2024-07-08 04:43:12 - gen.py[line:39] - INFO: Query of group 13 -   3000 / 3125
2024-07-08 04:48:02 - gen.py[line:39] - INFO: Query of group  6 -   3000 / 3125
2024-07-08 04:55:39 - gen.py[line:39] - INFO: Query of group 10 -   3000 / 3125
2024-07-08 04:55:42 - gen.py[line:39] - INFO: Query of group 30 -   3000 / 3125
2024-07-08 04:56:29 - gen.py[line:39] - INFO: Query of group 29 -   3000 / 3125
2024-07-08 04:59:21 - gen.py[line:39] - INFO: Query of group 23 -   3000 / 3125
2024-07-08 05:01:18 - gen.py[line:39] - INFO: Query of group 22 -   3000 / 3125
2024-07-08 05:02:29 - gen.py[line:39] - INFO: Query of group 20 -   3000 / 3125
2024-07-08 05:02:31 - gen.py[line:39] - INFO: Query of group  9 -   3000 / 3125
2024-07-08 05:06:26 - gen.py[line:39] - INFO: Query of group 16 -   3000 / 3125
2024-07-08 05:07:02 - gen.py[line:39] - INFO: Query of group 19 -   3000 / 3125
2024-07-08 05:09:17 - gen.py[line:39] - INFO: Query of group  8 -   3000 / 3125
2024-07-08 05:11:49 - gen.py[line:39] - INFO: Query of group 28 -   3000 / 3125
2024-07-08 05:14:26 - gen.py[line:39] - INFO: Query of group 17 -   3000 / 3125
2024-07-08 05:14:59 - gen.py[line:39] - INFO: Query of group 11 -   3000 / 3125
2024-07-08 05:16:05 - gen.py[line:39] - INFO: Query of group 27 -   3000 / 3125
2024-07-08 05:16:30 - gen.py[line:39] - INFO: Query of group 18 -   3000 / 3125
2024-07-08 05:17:16 - gen.py[line:39] - INFO: Query of group  1 -   3000 / 3125
2024-07-08 05:17:20 - gen.py[line:39] - INFO: Query of group  7 -   3000 / 3125
2024-07-08 05:20:09 - gen.py[line:39] - INFO: Query of group 26 -   3000 / 3125
2024-07-08 05:20:32 - gen.py[line:39] - INFO: Query of group  3 -   3000 / 3125
2024-07-08 05:23:01 - gen.py[line:39] - INFO: Query of group  4 -   3000 / 3125
2024-07-08 05:25:30 - gen.py[line:39] - INFO: Query of group 24 -   3000 / 3125
2024-07-08 05:26:11 - gen.py[line:39] - INFO: Query of group 21 -   3000 / 3125
2024-07-08 05:28:01 - gen.py[line:39] - INFO: Query of group 25 -   3000 / 3125
2024-07-08 05:32:01 - gen.py[line:39] - INFO: Query of group 12 -   3000 / 3125
2024-07-08 05:34:12 - gen.py[line:39] - INFO: Query of group 15 -   3000 / 3125
2024-07-08 05:38:05 - gen.py[line:39] - INFO: Query of group  2 -   3000 / 3125
2024-07-08 05:52:20 - gen.py[line:246] - INFO: Saving records of group train
2024-07-08 06:00:55 - gen.py[line:259] - INFO: Generating Dataset Time Cost Summary as Follows:
2024-07-08 06:00:55 - gen.py[line:260] - INFO: Main Thread Total time 596.7501366337141 min.
2024-07-08 06:00:55 - gen.py[line:261] - INFO: Distribute Process time 0.04844996134440104 min. 0.008118969459765651% of total time.
2024-07-08 06:00:55 - gen.py[line:262] - INFO: Waiting Process time 588.1251181721688 min. 98.5546683725622% of total time.
2024-07-08 06:00:55 - gen.py[line:263] - INFO: Saving Records time 8.57654568751653 min. 1.4372088351578918% of total time.
2024-07-08 06:00:55 - gen.py[line:264] - INFO: Df time 2.1826030135154726 min. 25.448509143865806% of total time.
2024-07-08 06:00:55 - gen.py[line:265] - INFO: ToDisk time 6.36336844364802 min. 74.19500432336216% of total time.
2024-07-08 06:00:55 - gen.py[line:271] - INFO: Calculating Time as Follows:
2024-07-08 06:00:55 - gen.py[line:272] - INFO: Total cal time 17818.72032568455 min. 2985.95999092694% of total time.
2024-07-08 06:00:55 - gen.py[line:273] - INFO: Ground Turth time 13153.834477484228 min. 73.82030941090541% of total cal time.
2024-07-08 06:00:55 - gen.py[line:274] - INFO: Sample Group time 4654.1289410114305 min. 26.11932201608664% of total cal time.
2024-07-08 06:00:55 - gen.py[line:275] - INFO: Query Vector time 9.466861581802371 min. 0.05312873993625958% of total cal time.
2024-07-08 06:00:55 - gen.py[line:276] - INFO: Packing time 1.2900456070899962 min. 0.007239833071685163% of total cal time.
2024-07-08 08:56:22 - main.py[line:103] - INFO: Training for single-table dmv on generate
2024-07-08 15:51:39 - main.py[line:103] - INFO: Training for single-table dmv on generate
2024-07-08 16:08:03 - main.py[line:103] - INFO: Training for single-table dmv on generate
2024-07-08 20:03:39 - main.py[line:103] - INFO: Training for single-table dmv on generate
2024-07-09 09:20:23 - main.py[line:103] - INFO: Training for single-table dmv on generate
2024-07-09 09:33:47 - main.py[line:103] - INFO: Training for single-table dmv on generate
2024-07-09 09:36:33 - main.py[line:103] - INFO: Training for single-table dmv on generate
2024-07-09 10:07:19 - main.py[line:103] - INFO: Training for single-table dmv on generate
2024-07-09 10:40:51 - main.py[line:103] - INFO: Training for single-table dmv on generate
2024-07-09 15:08:08 - main.py[line:103] - INFO: Training for single-table dmv on generate
2024-07-14 16:07:38 - main.py[line:103] - INFO: Training for single-table dmv on generate
2024-08-08 16:09:03 - main.py[line:103] - INFO: Training for multi-table job-light on train
2024-08-08 16:18:43 - main.py[line:103] - INFO: Training for multi-table job-light on train
2024-08-08 16:25:12 - main.py[line:103] - INFO: Training for multi-table job-light on synthetic
2024-08-09 18:17:56 - main.py[line:93] - INFO: Generating dataset for multi-table job-light on synthetic
2024-08-09 18:17:56 - table.py[line:22] - INFO: Loading table title
2024-08-09 18:17:56 - table.py[line:98] - INFO: table exists, load...
2024-08-09 18:17:57 - table.py[line:101] - INFO: load finished: Table title : 2528311 rows, 115.74MB.
columns:['id', 'kind_id', 'production_year', 'episode_of_id', 'season_nr', 'episode_nr']
2024-08-09 18:17:57 - table.py[line:22] - INFO: Loading table movie_info
2024-08-09 18:17:57 - table.py[line:98] - INFO: table exists, load...
2024-08-09 18:18:00 - table.py[line:101] - INFO: load finished: Table movie_info : 14835719 rows, 339.56MB.
columns:['id', 'movie_id', 'info_type_id']
2024-08-09 18:18:00 - table.py[line:22] - INFO: Loading table movie_info_idx
2024-08-09 18:18:00 - table.py[line:98] - INFO: table exists, load...
2024-08-09 18:18:00 - table.py[line:101] - INFO: load finished: Table movie_info_idx : 1380034 rows, 31.59MB.
columns:['id', 'movie_id', 'info_type_id']
2024-08-09 18:18:00 - table.py[line:22] - INFO: Loading table cast_info
2024-08-09 18:18:00 - table.py[line:98] - INFO: table exists, load...
2024-08-09 18:18:14 - table.py[line:101] - INFO: load finished: Table cast_info : 36244343 rows, 1659.13MB.
columns:['id', 'person_id', 'movie_id', 'person_role_id', 'nr_order', 'role_id']
2024-08-09 18:18:14 - table.py[line:22] - INFO: Loading table movie_keyword
2024-08-09 18:18:14 - table.py[line:98] - INFO: table exists, load...
2024-08-09 18:18:14 - table.py[line:101] - INFO: load finished: Table movie_keyword : 4523929 rows, 103.54MB.
columns:['id', 'movie_id', 'keyword_id']
2024-08-09 18:18:14 - table.py[line:22] - INFO: Loading table movie_companies
2024-08-09 18:18:14 - table.py[line:98] - INFO: table exists, load...
2024-08-09 18:18:15 - table.py[line:101] - INFO: load finished: Table movie_companies : 2609128 rows, 79.62MB.
columns:['id', 'movie_id', 'company_id', 'company_type_id']
2024-08-09 18:18:15 - sample.py[line:176] - INFO: sample group exists, load...
2024-08-09 18:18:37 - sample.py[line:179] - INFO: load finished.
2024-08-09 18:18:54 - feat.py[line:269] - INFO: Histo exists, load...
2024-08-09 18:18:54 - feat.py[line:272] - INFO: load finished: job-light.title
2024-08-09 18:18:54 - feat.py[line:269] - INFO: Histo exists, load...
2024-08-09 18:18:54 - feat.py[line:272] - INFO: load finished: job-light.movie_info
2024-08-09 18:18:54 - feat.py[line:269] - INFO: Histo exists, load...
2024-08-09 18:18:54 - feat.py[line:272] - INFO: load finished: job-light.movie_info_idx
2024-08-09 18:18:54 - feat.py[line:269] - INFO: Histo exists, load...
2024-08-09 18:18:54 - feat.py[line:272] - INFO: load finished: job-light.cast_info
2024-08-09 18:18:54 - feat.py[line:269] - INFO: Histo exists, load...
2024-08-09 18:18:54 - feat.py[line:272] - INFO: load finished: job-light.movie_keyword
2024-08-09 18:18:54 - feat.py[line:269] - INFO: Histo exists, load...
2024-08-09 18:18:54 - feat.py[line:272] - INFO: load finished: job-light.movie_companies
2024-08-09 18:18:54 - sample.py[line:193] - INFO: sample features exists, load...
2024-08-09 18:18:54 - sample.py[line:196] - INFO: load finished.
2024-08-09 18:18:54 - gen.py[line:132] - INFO: synthetic is being processed!
2024-08-09 18:19:12 - gen.py[line:145] - INFO: All batch ditributed!
2024-08-09 18:20:13 - main.py[line:93] - INFO: Generating dataset for multi-table job-light on synthetic
2024-08-09 18:20:13 - table.py[line:22] - INFO: Loading table title
2024-08-09 18:20:13 - table.py[line:98] - INFO: table exists, load...
2024-08-09 18:20:13 - table.py[line:101] - INFO: load finished: Table title : 2528311 rows, 115.74MB.
columns:['id', 'kind_id', 'production_year', 'episode_of_id', 'season_nr', 'episode_nr']
2024-08-09 18:20:13 - table.py[line:22] - INFO: Loading table movie_info
2024-08-09 18:20:13 - table.py[line:98] - INFO: table exists, load...
2024-08-09 18:20:14 - table.py[line:101] - INFO: load finished: Table movie_info : 14835719 rows, 339.56MB.
columns:['id', 'movie_id', 'info_type_id']
2024-08-09 18:20:14 - table.py[line:22] - INFO: Loading table movie_info_idx
2024-08-09 18:20:14 - table.py[line:98] - INFO: table exists, load...
2024-08-09 18:20:14 - table.py[line:101] - INFO: load finished: Table movie_info_idx : 1380034 rows, 31.59MB.
columns:['id', 'movie_id', 'info_type_id']
2024-08-09 18:20:14 - table.py[line:22] - INFO: Loading table cast_info
2024-08-09 18:20:14 - table.py[line:98] - INFO: table exists, load...
2024-08-09 18:20:16 - table.py[line:101] - INFO: load finished: Table cast_info : 36244343 rows, 1659.13MB.
columns:['id', 'person_id', 'movie_id', 'person_role_id', 'nr_order', 'role_id']
2024-08-09 18:20:16 - table.py[line:22] - INFO: Loading table movie_keyword
2024-08-09 18:20:16 - table.py[line:98] - INFO: table exists, load...
2024-08-09 18:20:16 - table.py[line:101] - INFO: load finished: Table movie_keyword : 4523929 rows, 103.54MB.
columns:['id', 'movie_id', 'keyword_id']
2024-08-09 18:20:16 - table.py[line:22] - INFO: Loading table movie_companies
2024-08-09 18:20:16 - table.py[line:98] - INFO: table exists, load...
2024-08-09 18:20:16 - table.py[line:101] - INFO: load finished: Table movie_companies : 2609128 rows, 79.62MB.
columns:['id', 'movie_id', 'company_id', 'company_type_id']
2024-08-09 18:20:16 - sample.py[line:176] - INFO: sample group exists, load...
2024-08-09 18:20:19 - sample.py[line:179] - INFO: load finished.
2024-08-09 18:21:17 - feat.py[line:269] - INFO: Histo exists, load...
2024-08-09 18:21:17 - feat.py[line:272] - INFO: load finished: job-light.title
2024-08-09 18:21:17 - feat.py[line:269] - INFO: Histo exists, load...
2024-08-09 18:21:17 - feat.py[line:272] - INFO: load finished: job-light.movie_info
2024-08-09 18:21:17 - feat.py[line:269] - INFO: Histo exists, load...
2024-08-09 18:21:17 - feat.py[line:272] - INFO: load finished: job-light.movie_info_idx
2024-08-09 18:21:17 - feat.py[line:269] - INFO: Histo exists, load...
2024-08-09 18:21:17 - feat.py[line:272] - INFO: load finished: job-light.cast_info
2024-08-09 18:21:17 - feat.py[line:269] - INFO: Histo exists, load...
2024-08-09 18:21:17 - feat.py[line:272] - INFO: load finished: job-light.movie_keyword
2024-08-09 18:21:17 - feat.py[line:269] - INFO: Histo exists, load...
2024-08-09 18:21:17 - feat.py[line:272] - INFO: load finished: job-light.movie_companies
2024-08-09 18:21:17 - sample.py[line:193] - INFO: sample features exists, load...
2024-08-09 18:21:17 - sample.py[line:196] - INFO: load finished.
2024-08-09 18:21:17 - gen.py[line:132] - INFO: synthetic is being processed!
2024-08-09 18:21:19 - gen.py[line:145] - INFO: All batch ditributed!
2024-08-09 18:23:52 - main.py[line:93] - INFO: Generating dataset for multi-table job-light on synthetic
2024-08-09 18:23:52 - table.py[line:22] - INFO: Loading table title
2024-08-09 18:23:52 - table.py[line:98] - INFO: table exists, load...
2024-08-09 18:23:52 - table.py[line:101] - INFO: load finished: Table title : 2528311 rows, 115.74MB.
columns:['id', 'kind_id', 'production_year', 'episode_of_id', 'season_nr', 'episode_nr']
2024-08-09 18:23:52 - table.py[line:22] - INFO: Loading table movie_info
2024-08-09 18:23:52 - table.py[line:98] - INFO: table exists, load...
2024-08-09 18:23:53 - table.py[line:101] - INFO: load finished: Table movie_info : 14835719 rows, 339.56MB.
columns:['id', 'movie_id', 'info_type_id']
2024-08-09 18:23:53 - table.py[line:22] - INFO: Loading table movie_info_idx
2024-08-09 18:23:53 - table.py[line:98] - INFO: table exists, load...
2024-08-09 18:23:53 - table.py[line:101] - INFO: load finished: Table movie_info_idx : 1380034 rows, 31.59MB.
columns:['id', 'movie_id', 'info_type_id']
2024-08-09 18:23:53 - table.py[line:22] - INFO: Loading table cast_info
2024-08-09 18:23:53 - table.py[line:98] - INFO: table exists, load...
2024-08-09 18:23:53 - table.py[line:101] - INFO: load finished: Table cast_info : 36244343 rows, 1659.13MB.
columns:['id', 'person_id', 'movie_id', 'person_role_id', 'nr_order', 'role_id']
2024-08-09 18:23:53 - table.py[line:22] - INFO: Loading table movie_keyword
2024-08-09 18:23:53 - table.py[line:98] - INFO: table exists, load...
2024-08-09 18:23:53 - table.py[line:101] - INFO: load finished: Table movie_keyword : 4523929 rows, 103.54MB.
columns:['id', 'movie_id', 'keyword_id']
2024-08-09 18:23:53 - table.py[line:22] - INFO: Loading table movie_companies
2024-08-09 18:23:53 - table.py[line:98] - INFO: table exists, load...
2024-08-09 18:23:53 - table.py[line:101] - INFO: load finished: Table movie_companies : 2609128 rows, 79.62MB.
columns:['id', 'movie_id', 'company_id', 'company_type_id']
2024-08-09 18:23:54 - sample.py[line:177] - INFO: sample group exists, load...
2024-08-09 18:23:55 - sample.py[line:180] - INFO: load finished.
2024-08-09 18:24:47 - feat.py[line:269] - INFO: Histo exists, load...
2024-08-09 18:24:47 - feat.py[line:272] - INFO: load finished: job-light.title
2024-08-09 18:24:47 - feat.py[line:269] - INFO: Histo exists, load...
2024-08-09 18:24:47 - feat.py[line:272] - INFO: load finished: job-light.movie_info
2024-08-09 18:24:47 - feat.py[line:269] - INFO: Histo exists, load...
2024-08-09 18:24:47 - feat.py[line:272] - INFO: load finished: job-light.movie_info_idx
2024-08-09 18:24:47 - feat.py[line:269] - INFO: Histo exists, load...
2024-08-09 18:24:47 - feat.py[line:272] - INFO: load finished: job-light.cast_info
2024-08-09 18:24:47 - feat.py[line:269] - INFO: Histo exists, load...
2024-08-09 18:24:47 - feat.py[line:272] - INFO: load finished: job-light.movie_keyword
2024-08-09 18:24:47 - feat.py[line:269] - INFO: Histo exists, load...
2024-08-09 18:24:47 - feat.py[line:272] - INFO: load finished: job-light.movie_companies
2024-08-09 18:24:47 - sample.py[line:194] - INFO: sample features exists, load...
2024-08-09 18:24:47 - sample.py[line:197] - INFO: load finished.
2024-08-09 18:24:47 - gen.py[line:132] - INFO: synthetic is being processed!
2024-08-09 18:24:53 - gen.py[line:145] - INFO: All batch ditributed!
2024-08-29 16:01:58 - dataset.py[line:196] - INFO: table exists, load...
2024-08-29 16:02:01 - dataset.py[line:199] - INFO: load finished: Table dmv (11591877 rows, 972.83MB, columns:
Column(Record_Type, type=object, vocab size=4, min=BOAT, max=VEH , has NaN=False)
Column(Registration_Class, type=object, vocab size=75, min=AGR, max=WUG, has NaN=False)
Column(State, type=object, vocab size=89, min= N, max=YY, has NaN=False)
Column(County, type=object, vocab size=63, min=ALBANY      , max=YATES       , has NaN=False)
Column(Body_Type, type=object, vocab size=59, min=2DSD, max=W/SR, has NaN=False)
Column(Fuel_Type, type=object, vocab size=9, min=        , max=PROPANE , has NaN=False)
Column(Reg_Valid_Date, type=int64, vocab size=2102, min=19721201, max=20190401, has NaN=False)
Column(Color, type=object, vocab size=225, min=     , max=YW/WH, has NaN=False)
Column(Scofflaw_Indicator, type=object, vocab size=2, min=N, max=Y, has NaN=False)
Column(Suspension_Indicator, type=object, vocab size=2, min=N, max=Y, has NaN=False)
Column(Revocation_Indicator, type=object, vocab size=2, min=N, max=Y, has NaN=False))
2024-08-29 16:04:55 - main.py[line:93] - INFO: Generating dataset for single-table dmv on generate
2024-08-29 16:04:56 - dataset.py[line:196] - INFO: table exists, load...
2024-08-29 16:04:58 - dataset.py[line:199] - INFO: load finished: Table dmv (11591877 rows, 972.83MB, columns:
Column(Record_Type, type=object, vocab size=4, min=BOAT, max=VEH , has NaN=False)
Column(Registration_Class, type=object, vocab size=75, min=AGR, max=WUG, has NaN=False)
Column(State, type=object, vocab size=89, min= N, max=YY, has NaN=False)
Column(County, type=object, vocab size=63, min=ALBANY      , max=YATES       , has NaN=False)
Column(Body_Type, type=object, vocab size=59, min=2DSD, max=W/SR, has NaN=False)
Column(Fuel_Type, type=object, vocab size=9, min=        , max=PROPANE , has NaN=False)
Column(Reg_Valid_Date, type=int64, vocab size=2102, min=19721201, max=20190401, has NaN=False)
Column(Color, type=object, vocab size=225, min=     , max=YW/WH, has NaN=False)
Column(Scofflaw_Indicator, type=object, vocab size=2, min=N, max=Y, has NaN=False)
Column(Suspension_Indicator, type=object, vocab size=2, min=N, max=Y, has NaN=False)
Column(Revocation_Indicator, type=object, vocab size=2, min=N, max=Y, has NaN=False))
2024-08-29 16:04:59 - sample_group.py[line:470] - INFO: sample group exists, load...
2024-08-29 16:05:07 - sample_group.py[line:473] - INFO: load finished.
2024-08-29 16:05:07 - sample_group.py[line:486] - INFO: sample features exists, load...
2024-08-29 16:05:07 - sample_group.py[line:489] - INFO: load finished.
2024-08-29 16:05:07 - feat.py[line:274] - INFO: Histo exists, load...
2024-08-29 16:05:07 - feat.py[line:277] - INFO: load finished: dmv
2024-08-29 16:05:07 - gen.py[line:216] - INFO: train group is being processed!
2024-08-29 16:05:09 - gen.py[line:231] - INFO: All batch ditributed!
2024-09-26 11:13:40 - main.py[line:93] - INFO: Generating dataset for multi-table job-light on synethetic
2024-09-26 11:13:40 - table.py[line:22] - INFO: Loading table title
2024-09-26 11:13:40 - table.py[line:98] - INFO: table exists, load...
2024-09-26 11:13:41 - table.py[line:101] - INFO: load finished: Table title : 2528311 rows, 115.74MB.
columns:['id', 'kind_id', 'production_year', 'episode_of_id', 'season_nr', 'episode_nr']
2024-09-26 11:13:41 - table.py[line:22] - INFO: Loading table movie_info
2024-09-26 11:13:41 - table.py[line:98] - INFO: table exists, load...
2024-09-26 11:13:43 - table.py[line:101] - INFO: load finished: Table movie_info : 14835719 rows, 339.56MB.
columns:['id', 'movie_id', 'info_type_id']
2024-09-26 11:13:43 - table.py[line:22] - INFO: Loading table movie_info_idx
2024-09-26 11:13:43 - table.py[line:98] - INFO: table exists, load...
2024-09-26 11:13:43 - table.py[line:101] - INFO: load finished: Table movie_info_idx : 1380034 rows, 31.59MB.
columns:['id', 'movie_id', 'info_type_id']
2024-09-26 11:13:43 - table.py[line:22] - INFO: Loading table cast_info
2024-09-26 11:13:43 - table.py[line:98] - INFO: table exists, load...
2024-09-26 11:17:33 - main.py[line:93] - INFO: Generating dataset for multi-table job-light on synthetic
2024-09-26 11:17:33 - table.py[line:22] - INFO: Loading table title
2024-09-26 11:17:33 - table.py[line:98] - INFO: table exists, load...
2024-09-26 11:17:33 - table.py[line:101] - INFO: load finished: Table title : 2528311 rows, 115.74MB.
columns:['id', 'kind_id', 'production_year', 'episode_of_id', 'season_nr', 'episode_nr']
2024-09-26 11:17:33 - table.py[line:22] - INFO: Loading table movie_info
2024-09-26 11:17:33 - table.py[line:98] - INFO: table exists, load...
2024-09-26 11:17:33 - table.py[line:101] - INFO: load finished: Table movie_info : 14835719 rows, 339.56MB.
columns:['id', 'movie_id', 'info_type_id']
2024-09-26 11:17:33 - table.py[line:22] - INFO: Loading table movie_info_idx
2024-09-26 11:17:33 - table.py[line:98] - INFO: table exists, load...
2024-09-26 11:17:33 - table.py[line:101] - INFO: load finished: Table movie_info_idx : 1380034 rows, 31.59MB.
columns:['id', 'movie_id', 'info_type_id']
2024-09-26 11:17:33 - table.py[line:22] - INFO: Loading table cast_info
2024-09-26 11:17:33 - table.py[line:98] - INFO: table exists, load...
2024-09-26 11:17:34 - table.py[line:101] - INFO: load finished: Table cast_info : 36244343 rows, 1659.13MB.
columns:['id', 'person_id', 'movie_id', 'person_role_id', 'nr_order', 'role_id']
2024-09-26 11:17:34 - table.py[line:22] - INFO: Loading table movie_keyword
2024-09-26 11:17:34 - table.py[line:98] - INFO: table exists, load...
2024-09-26 11:17:35 - table.py[line:101] - INFO: load finished: Table movie_keyword : 4523929 rows, 103.54MB.
columns:['id', 'movie_id', 'keyword_id']
2024-09-26 11:17:35 - table.py[line:22] - INFO: Loading table movie_companies
2024-09-26 11:17:35 - table.py[line:98] - INFO: table exists, load...
2024-09-26 11:17:36 - table.py[line:101] - INFO: load finished: Table movie_companies : 2609128 rows, 79.62MB.
columns:['id', 'movie_id', 'company_id', 'company_type_id']
2024-09-26 11:17:36 - sample.py[line:177] - INFO: sample group exists, load...
2024-09-26 11:17:51 - sample.py[line:180] - INFO: load finished.
2024-09-26 11:18:14 - feat.py[line:269] - INFO: Histo exists, load...
2024-09-26 11:18:14 - feat.py[line:272] - INFO: load finished: job-light.title
2024-09-26 11:18:14 - feat.py[line:269] - INFO: Histo exists, load...
2024-09-26 11:18:14 - feat.py[line:272] - INFO: load finished: job-light.movie_info
2024-09-26 11:18:14 - feat.py[line:269] - INFO: Histo exists, load...
2024-09-26 11:18:14 - feat.py[line:272] - INFO: load finished: job-light.movie_info_idx
2024-09-26 11:18:14 - feat.py[line:269] - INFO: Histo exists, load...
2024-09-26 11:18:14 - feat.py[line:272] - INFO: load finished: job-light.cast_info
2024-09-26 11:18:14 - feat.py[line:269] - INFO: Histo exists, load...
2024-09-26 11:18:14 - feat.py[line:272] - INFO: load finished: job-light.movie_keyword
2024-09-26 11:18:14 - feat.py[line:269] - INFO: Histo exists, load...
2024-09-26 11:18:14 - feat.py[line:272] - INFO: load finished: job-light.movie_companies
2024-09-26 11:18:14 - sample.py[line:194] - INFO: sample features exists, load...
2024-09-26 11:18:14 - sample.py[line:197] - INFO: load finished.
2024-09-26 11:18:14 - gen.py[line:144] - INFO: synthetic is being processed!
2024-09-26 11:18:20 - gen.py[line:157] - INFO: All batch ditributed!
2024-09-26 14:24:17 - gen.py[line:172] - INFO: Saving records
2024-09-26 14:24:25 - gen.py[line:187] - INFO: Generating Dataset Time Cost Summary as Follows:
2024-09-26 14:24:25 - gen.py[line:188] - INFO: Main Thread Total time 186.18743869860967 min.
2024-09-26 14:24:25 - gen.py[line:189] - INFO: Distribute Process time 0.10378226836522421 min. 0.0557407465780876% of total time.
2024-09-26 14:24:25 - gen.py[line:190] - INFO: Waiting Process time 185.95738010009129 min. 99.8764371000931% of total time.
2024-09-26 14:24:25 - gen.py[line:191] - INFO: Saving Records time 0.12433679501215616 min. 0.06678044226894703% of total time.
2024-09-26 14:24:25 - gen.py[line:192] - INFO: Df time 0.03153637647628784 min. 25.363671689627026% of total time.
2024-09-26 14:24:25 - gen.py[line:193] - INFO: ToDisk time 0.09216887553532918 min. 74.12839902003104% of total time.
2024-09-26 14:24:25 - gen.py[line:199] - INFO: Calculating Time as Follows:
2024-09-26 14:24:25 - gen.py[line:200] - INFO: Total cal time 5530.0651435057325 min. 2970.160168784269% of total time.
2024-09-26 14:24:25 - gen.py[line:201] - INFO: Ground Turth time 167.68093562126165 min. 3.032169265097697% of total cal time.
2024-09-26 14:24:25 - gen.py[line:202] - INFO: Sample Group time 20.15014613072077 min. 0.36437448036908254% of total cal time.
2024-09-26 14:24:25 - gen.py[line:203] - INFO: Query Vector time 0.04853859345118203 min. 0.0008777219108925622% of total cal time.
2024-09-26 14:24:25 - gen.py[line:204] - INFO: Packing time 5342.1855231602985 min. 96.60257853262232% of total cal time.
2024-09-26 19:18:25 - main.py[line:93] - INFO: Generating dataset for multi-table job-light on synethetic
2024-09-26 19:18:25 - table.py[line:22] - INFO: Loading table title
2024-09-26 19:18:25 - table.py[line:98] - INFO: table exists, load...
2024-09-26 19:18:25 - table.py[line:101] - INFO: load finished: Table title : 2528311 rows, 115.74MB.
columns:['id', 'kind_id', 'production_year', 'episode_of_id', 'season_nr', 'episode_nr']
2024-09-26 19:18:25 - table.py[line:22] - INFO: Loading table movie_info
2024-09-26 19:18:25 - table.py[line:98] - INFO: table exists, load...
2024-09-26 19:18:25 - table.py[line:101] - INFO: load finished: Table movie_info : 14835719 rows, 339.56MB.
columns:['id', 'movie_id', 'info_type_id']
2024-09-26 19:18:25 - table.py[line:22] - INFO: Loading table movie_info_idx
2024-09-26 19:18:25 - table.py[line:98] - INFO: table exists, load...
2024-09-26 19:18:25 - table.py[line:101] - INFO: load finished: Table movie_info_idx : 1380034 rows, 31.59MB.
columns:['id', 'movie_id', 'info_type_id']
2024-09-26 19:18:25 - table.py[line:22] - INFO: Loading table cast_info
2024-09-26 19:18:25 - table.py[line:98] - INFO: table exists, load...
2024-09-26 19:18:26 - table.py[line:101] - INFO: load finished: Table cast_info : 36244343 rows, 1659.13MB.
columns:['id', 'person_id', 'movie_id', 'person_role_id', 'nr_order', 'role_id']
2024-09-26 19:18:26 - table.py[line:22] - INFO: Loading table movie_keyword
2024-09-26 19:18:26 - table.py[line:98] - INFO: table exists, load...
2024-09-26 19:18:26 - table.py[line:101] - INFO: load finished: Table movie_keyword : 4523929 rows, 103.54MB.
columns:['id', 'movie_id', 'keyword_id']
2024-09-26 19:18:26 - table.py[line:22] - INFO: Loading table movie_companies
2024-09-26 19:18:26 - table.py[line:98] - INFO: table exists, load...
2024-09-26 19:18:26 - table.py[line:101] - INFO: load finished: Table movie_companies : 2609128 rows, 79.62MB.
columns:['id', 'movie_id', 'company_id', 'company_type_id']
2024-09-26 19:19:00 - main.py[line:93] - INFO: Generating dataset for multi-table job-light on synthetic
2024-09-26 19:19:00 - table.py[line:22] - INFO: Loading table title
2024-09-26 19:19:00 - table.py[line:98] - INFO: table exists, load...
2024-09-26 19:19:00 - table.py[line:101] - INFO: load finished: Table title : 2528311 rows, 115.74MB.
columns:['id', 'kind_id', 'production_year', 'episode_of_id', 'season_nr', 'episode_nr']
2024-09-26 19:19:00 - table.py[line:22] - INFO: Loading table movie_info
2024-09-26 19:19:00 - table.py[line:98] - INFO: table exists, load...
2024-09-26 19:19:00 - table.py[line:101] - INFO: load finished: Table movie_info : 14835719 rows, 339.56MB.
columns:['id', 'movie_id', 'info_type_id']
2024-09-26 19:19:00 - table.py[line:22] - INFO: Loading table movie_info_idx
2024-09-26 19:19:00 - table.py[line:98] - INFO: table exists, load...
2024-09-26 19:19:00 - table.py[line:101] - INFO: load finished: Table movie_info_idx : 1380034 rows, 31.59MB.
columns:['id', 'movie_id', 'info_type_id']
2024-09-26 19:19:00 - table.py[line:22] - INFO: Loading table cast_info
2024-09-26 19:19:00 - table.py[line:98] - INFO: table exists, load...
2024-09-26 19:19:01 - table.py[line:101] - INFO: load finished: Table cast_info : 36244343 rows, 1659.13MB.
columns:['id', 'person_id', 'movie_id', 'person_role_id', 'nr_order', 'role_id']
2024-09-26 19:19:01 - table.py[line:22] - INFO: Loading table movie_keyword
2024-09-26 19:19:01 - table.py[line:98] - INFO: table exists, load...
2024-09-26 19:19:01 - table.py[line:101] - INFO: load finished: Table movie_keyword : 4523929 rows, 103.54MB.
columns:['id', 'movie_id', 'keyword_id']
2024-09-26 19:19:01 - table.py[line:22] - INFO: Loading table movie_companies
2024-09-26 19:19:01 - table.py[line:98] - INFO: table exists, load...
2024-09-26 19:19:01 - table.py[line:101] - INFO: load finished: Table movie_companies : 2609128 rows, 79.62MB.
columns:['id', 'movie_id', 'company_id', 'company_type_id']
2024-09-26 19:19:01 - sample.py[line:177] - INFO: sample group exists, load...
2024-09-26 19:19:03 - sample.py[line:180] - INFO: load finished.
2024-09-26 19:19:21 - feat.py[line:269] - INFO: Histo exists, load...
2024-09-26 19:19:21 - feat.py[line:272] - INFO: load finished: job-light.title
2024-09-26 19:19:21 - feat.py[line:269] - INFO: Histo exists, load...
2024-09-26 19:19:21 - feat.py[line:272] - INFO: load finished: job-light.movie_info
2024-09-26 19:19:21 - feat.py[line:269] - INFO: Histo exists, load...
2024-09-26 19:19:21 - feat.py[line:272] - INFO: load finished: job-light.movie_info_idx
2024-09-26 19:19:21 - feat.py[line:269] - INFO: Histo exists, load...
2024-09-26 19:19:21 - feat.py[line:272] - INFO: load finished: job-light.cast_info
2024-09-26 19:19:21 - feat.py[line:269] - INFO: Histo exists, load...
2024-09-26 19:19:21 - feat.py[line:272] - INFO: load finished: job-light.movie_keyword
2024-09-26 19:19:21 - feat.py[line:269] - INFO: Histo exists, load...
2024-09-26 19:19:21 - feat.py[line:272] - INFO: load finished: job-light.movie_companies
2024-09-26 19:19:21 - sample.py[line:194] - INFO: sample features exists, load...
2024-09-26 19:19:21 - sample.py[line:197] - INFO: load finished.
2024-09-26 19:19:21 - gen.py[line:145] - INFO: synthetic is being processed!
2024-09-26 19:19:40 - gen.py[line:158] - INFO: All batch ditributed!
2024-09-26 19:27:21 - main.py[line:93] - INFO: Generating dataset for multi-table job-light on synthetic
2024-09-26 19:27:21 - table.py[line:22] - INFO: Loading table title
2024-09-26 19:27:21 - table.py[line:98] - INFO: table exists, load...
2024-09-26 19:27:21 - table.py[line:101] - INFO: load finished: Table title : 2528311 rows, 115.74MB.
columns:['id', 'kind_id', 'production_year', 'episode_of_id', 'season_nr', 'episode_nr']
2024-09-26 19:27:21 - table.py[line:22] - INFO: Loading table movie_info
2024-09-26 19:27:21 - table.py[line:98] - INFO: table exists, load...
2024-09-26 19:27:21 - table.py[line:101] - INFO: load finished: Table movie_info : 14835719 rows, 339.56MB.
columns:['id', 'movie_id', 'info_type_id']
2024-09-26 19:27:21 - table.py[line:22] - INFO: Loading table movie_info_idx
2024-09-26 19:27:21 - table.py[line:98] - INFO: table exists, load...
2024-09-26 19:27:21 - table.py[line:101] - INFO: load finished: Table movie_info_idx : 1380034 rows, 31.59MB.
columns:['id', 'movie_id', 'info_type_id']
2024-09-26 19:27:21 - table.py[line:22] - INFO: Loading table cast_info
2024-09-26 19:27:21 - table.py[line:98] - INFO: table exists, load...
2024-09-26 19:27:22 - table.py[line:101] - INFO: load finished: Table cast_info : 36244343 rows, 1659.13MB.
columns:['id', 'person_id', 'movie_id', 'person_role_id', 'nr_order', 'role_id']
2024-09-26 19:27:22 - table.py[line:22] - INFO: Loading table movie_keyword
2024-09-26 19:27:22 - table.py[line:98] - INFO: table exists, load...
2024-09-26 19:27:22 - table.py[line:101] - INFO: load finished: Table movie_keyword : 4523929 rows, 103.54MB.
columns:['id', 'movie_id', 'keyword_id']
2024-09-26 19:27:22 - table.py[line:22] - INFO: Loading table movie_companies
2024-09-26 19:27:22 - table.py[line:98] - INFO: table exists, load...
2024-09-26 19:27:22 - table.py[line:101] - INFO: load finished: Table movie_companies : 2609128 rows, 79.62MB.
columns:['id', 'movie_id', 'company_id', 'company_type_id']
2024-09-26 19:27:22 - sample.py[line:177] - INFO: sample group exists, load...
2024-09-26 19:27:23 - sample.py[line:180] - INFO: load finished.
2024-09-26 19:27:42 - feat.py[line:269] - INFO: Histo exists, load...
2024-09-26 19:27:42 - feat.py[line:272] - INFO: load finished: job-light.title
2024-09-26 19:27:42 - feat.py[line:269] - INFO: Histo exists, load...
2024-09-26 19:27:42 - feat.py[line:272] - INFO: load finished: job-light.movie_info
2024-09-26 19:27:42 - feat.py[line:269] - INFO: Histo exists, load...
2024-09-26 19:27:42 - feat.py[line:272] - INFO: load finished: job-light.movie_info_idx
2024-09-26 19:27:42 - feat.py[line:269] - INFO: Histo exists, load...
2024-09-26 19:27:42 - feat.py[line:272] - INFO: load finished: job-light.cast_info
2024-09-26 19:27:42 - feat.py[line:269] - INFO: Histo exists, load...
2024-09-26 19:27:42 - feat.py[line:272] - INFO: load finished: job-light.movie_keyword
2024-09-26 19:27:42 - feat.py[line:269] - INFO: Histo exists, load...
2024-09-26 19:27:42 - feat.py[line:272] - INFO: load finished: job-light.movie_companies
2024-09-26 19:27:42 - sample.py[line:194] - INFO: sample features exists, load...
2024-09-26 19:27:42 - sample.py[line:197] - INFO: load finished.
2024-09-26 19:27:42 - gen.py[line:145] - INFO: synthetic is being processed!
2024-09-26 19:29:34 - main.py[line:93] - INFO: Generating dataset for multi-table job-light on synthetic
2024-09-26 19:29:34 - table.py[line:22] - INFO: Loading table title
2024-09-26 19:29:34 - table.py[line:98] - INFO: table exists, load...
2024-09-26 19:29:34 - table.py[line:101] - INFO: load finished: Table title : 2528311 rows, 115.74MB.
columns:['id', 'kind_id', 'production_year', 'episode_of_id', 'season_nr', 'episode_nr']
2024-09-26 19:29:34 - table.py[line:22] - INFO: Loading table movie_info
2024-09-26 19:29:34 - table.py[line:98] - INFO: table exists, load...
2024-09-26 19:29:34 - table.py[line:101] - INFO: load finished: Table movie_info : 14835719 rows, 339.56MB.
columns:['id', 'movie_id', 'info_type_id']
2024-09-26 19:29:34 - table.py[line:22] - INFO: Loading table movie_info_idx
2024-09-26 19:29:34 - table.py[line:98] - INFO: table exists, load...
2024-09-26 19:29:34 - table.py[line:101] - INFO: load finished: Table movie_info_idx : 1380034 rows, 31.59MB.
columns:['id', 'movie_id', 'info_type_id']
2024-09-26 19:29:34 - table.py[line:22] - INFO: Loading table cast_info
2024-09-26 19:29:34 - table.py[line:98] - INFO: table exists, load...
2024-09-26 19:29:34 - table.py[line:101] - INFO: load finished: Table cast_info : 36244343 rows, 1659.13MB.
columns:['id', 'person_id', 'movie_id', 'person_role_id', 'nr_order', 'role_id']
2024-09-26 19:29:34 - table.py[line:22] - INFO: Loading table movie_keyword
2024-09-26 19:29:34 - table.py[line:98] - INFO: table exists, load...
2024-09-26 19:29:34 - table.py[line:101] - INFO: load finished: Table movie_keyword : 4523929 rows, 103.54MB.
columns:['id', 'movie_id', 'keyword_id']
2024-09-26 19:29:34 - table.py[line:22] - INFO: Loading table movie_companies
2024-09-26 19:29:34 - table.py[line:98] - INFO: table exists, load...
2024-09-26 19:29:34 - table.py[line:101] - INFO: load finished: Table movie_companies : 2609128 rows, 79.62MB.
columns:['id', 'movie_id', 'company_id', 'company_type_id']
2024-09-26 19:29:34 - sample.py[line:177] - INFO: sample group exists, load...
2024-09-26 19:29:36 - sample.py[line:180] - INFO: load finished.
2024-09-26 19:29:53 - feat.py[line:269] - INFO: Histo exists, load...
2024-09-26 19:29:53 - feat.py[line:272] - INFO: load finished: job-light.title
2024-09-26 19:29:53 - feat.py[line:269] - INFO: Histo exists, load...
2024-09-26 19:29:53 - feat.py[line:272] - INFO: load finished: job-light.movie_info
2024-09-26 19:29:53 - feat.py[line:269] - INFO: Histo exists, load...
2024-09-26 19:29:53 - feat.py[line:272] - INFO: load finished: job-light.movie_info_idx
2024-09-26 19:29:53 - feat.py[line:269] - INFO: Histo exists, load...
2024-09-26 19:29:53 - feat.py[line:272] - INFO: load finished: job-light.cast_info
2024-09-26 19:29:53 - feat.py[line:269] - INFO: Histo exists, load...
2024-09-26 19:29:53 - feat.py[line:272] - INFO: load finished: job-light.movie_keyword
2024-09-26 19:29:53 - feat.py[line:269] - INFO: Histo exists, load...
2024-09-26 19:29:53 - feat.py[line:272] - INFO: load finished: job-light.movie_companies
2024-09-26 19:29:53 - sample.py[line:194] - INFO: sample features exists, load...
2024-09-26 19:29:53 - sample.py[line:197] - INFO: load finished.
2024-09-26 19:29:53 - gen.py[line:145] - INFO: synthetic is being processed!
2024-09-26 19:30:01 - gen.py[line:158] - INFO: All batch ditributed!
2024-09-26 19:34:35 - main.py[line:93] - INFO: Generating dataset for multi-table job-light on synthetic
2024-09-26 19:34:35 - table.py[line:22] - INFO: Loading table title
2024-09-26 19:34:35 - table.py[line:98] - INFO: table exists, load...
2024-09-26 19:34:35 - table.py[line:101] - INFO: load finished: Table title : 2528311 rows, 115.74MB.
columns:['id', 'kind_id', 'production_year', 'episode_of_id', 'season_nr', 'episode_nr']
2024-09-26 19:34:35 - table.py[line:22] - INFO: Loading table movie_info
2024-09-26 19:34:35 - table.py[line:98] - INFO: table exists, load...
2024-09-26 19:34:36 - table.py[line:101] - INFO: load finished: Table movie_info : 14835719 rows, 339.56MB.
columns:['id', 'movie_id', 'info_type_id']
2024-09-26 19:34:36 - table.py[line:22] - INFO: Loading table movie_info_idx
2024-09-26 19:34:36 - table.py[line:98] - INFO: table exists, load...
2024-09-26 19:34:36 - table.py[line:101] - INFO: load finished: Table movie_info_idx : 1380034 rows, 31.59MB.
columns:['id', 'movie_id', 'info_type_id']
2024-09-26 19:34:36 - table.py[line:22] - INFO: Loading table cast_info
2024-09-26 19:34:36 - table.py[line:98] - INFO: table exists, load...
2024-09-26 19:34:37 - table.py[line:101] - INFO: load finished: Table cast_info : 36244343 rows, 1659.13MB.
columns:['id', 'person_id', 'movie_id', 'person_role_id', 'nr_order', 'role_id']
2024-09-26 19:34:37 - table.py[line:22] - INFO: Loading table movie_keyword
2024-09-26 19:34:37 - table.py[line:98] - INFO: table exists, load...
2024-09-26 19:34:37 - table.py[line:101] - INFO: load finished: Table movie_keyword : 4523929 rows, 103.54MB.
columns:['id', 'movie_id', 'keyword_id']
2024-09-26 19:34:37 - table.py[line:22] - INFO: Loading table movie_companies
2024-09-26 19:34:37 - table.py[line:98] - INFO: table exists, load...
2024-09-26 19:34:37 - table.py[line:101] - INFO: load finished: Table movie_companies : 2609128 rows, 79.62MB.
columns:['id', 'movie_id', 'company_id', 'company_type_id']
2024-09-26 19:34:37 - sample.py[line:177] - INFO: sample group exists, load...
2024-09-26 19:34:40 - sample.py[line:180] - INFO: load finished.
2024-09-26 19:34:54 - main.py[line:93] - INFO: Generating dataset for multi-table job-light on synthetic
2024-09-26 19:34:54 - table.py[line:22] - INFO: Loading table title
2024-09-26 19:34:54 - table.py[line:98] - INFO: table exists, load...
2024-09-26 19:34:55 - table.py[line:101] - INFO: load finished: Table title : 2528311 rows, 115.74MB.
columns:['id', 'kind_id', 'production_year', 'episode_of_id', 'season_nr', 'episode_nr']
2024-09-26 19:34:55 - table.py[line:22] - INFO: Loading table movie_info
2024-09-26 19:34:55 - table.py[line:98] - INFO: table exists, load...
2024-09-26 19:34:55 - table.py[line:101] - INFO: load finished: Table movie_info : 14835719 rows, 339.56MB.
columns:['id', 'movie_id', 'info_type_id']
2024-09-26 19:34:55 - table.py[line:22] - INFO: Loading table movie_info_idx
2024-09-26 19:34:55 - table.py[line:98] - INFO: table exists, load...
2024-09-26 19:34:55 - table.py[line:101] - INFO: load finished: Table movie_info_idx : 1380034 rows, 31.59MB.
columns:['id', 'movie_id', 'info_type_id']
2024-09-26 19:34:55 - table.py[line:22] - INFO: Loading table cast_info
2024-09-26 19:34:55 - table.py[line:98] - INFO: table exists, load...
2024-09-26 19:34:55 - table.py[line:101] - INFO: load finished: Table cast_info : 36244343 rows, 1659.13MB.
columns:['id', 'person_id', 'movie_id', 'person_role_id', 'nr_order', 'role_id']
2024-09-26 19:34:55 - table.py[line:22] - INFO: Loading table movie_keyword
2024-09-26 19:34:55 - table.py[line:98] - INFO: table exists, load...
2024-09-26 19:34:55 - table.py[line:101] - INFO: load finished: Table movie_keyword : 4523929 rows, 103.54MB.
columns:['id', 'movie_id', 'keyword_id']
2024-09-26 19:34:55 - table.py[line:22] - INFO: Loading table movie_companies
2024-09-26 19:34:55 - table.py[line:98] - INFO: table exists, load...
2024-09-26 19:34:56 - table.py[line:101] - INFO: load finished: Table movie_companies : 2609128 rows, 79.62MB.
columns:['id', 'movie_id', 'company_id', 'company_type_id']
2024-09-26 19:34:56 - sample.py[line:177] - INFO: sample group exists, load...
2024-09-26 19:34:57 - sample.py[line:180] - INFO: load finished.
2024-09-26 19:35:16 - feat.py[line:269] - INFO: Histo exists, load...
2024-09-26 19:35:16 - feat.py[line:272] - INFO: load finished: job-light.title
2024-09-26 19:35:16 - feat.py[line:269] - INFO: Histo exists, load...
2024-09-26 19:35:16 - feat.py[line:272] - INFO: load finished: job-light.movie_info
2024-09-26 19:35:16 - feat.py[line:269] - INFO: Histo exists, load...
2024-09-26 19:35:16 - feat.py[line:272] - INFO: load finished: job-light.movie_info_idx
2024-09-26 19:35:16 - feat.py[line:269] - INFO: Histo exists, load...
2024-09-26 19:35:16 - feat.py[line:272] - INFO: load finished: job-light.cast_info
2024-09-26 19:35:16 - feat.py[line:269] - INFO: Histo exists, load...
2024-09-26 19:35:16 - feat.py[line:272] - INFO: load finished: job-light.movie_keyword
2024-09-26 19:35:16 - feat.py[line:269] - INFO: Histo exists, load...
2024-09-26 19:35:16 - feat.py[line:272] - INFO: load finished: job-light.movie_companies
2024-09-26 19:35:16 - sample.py[line:194] - INFO: sample features exists, load...
2024-09-26 19:35:16 - sample.py[line:197] - INFO: load finished.
2024-09-26 19:35:16 - gen.py[line:145] - INFO: synthetic is being processed!
2024-09-26 19:35:35 - gen.py[line:158] - INFO: All batch ditributed!
2024-09-27 00:02:18 - main.py[line:93] - INFO: Generating dataset for multi-table job-light on synthetic
2024-09-27 00:02:18 - table.py[line:22] - INFO: Loading table title
2024-09-27 00:02:18 - table.py[line:98] - INFO: table exists, load...
2024-09-27 00:02:18 - table.py[line:101] - INFO: load finished: Table title : 2528311 rows, 115.74MB.
columns:['id', 'kind_id', 'production_year', 'episode_of_id', 'season_nr', 'episode_nr']
2024-09-27 00:02:18 - table.py[line:22] - INFO: Loading table movie_info
2024-09-27 00:02:18 - table.py[line:98] - INFO: table exists, load...
2024-09-27 00:02:18 - table.py[line:101] - INFO: load finished: Table movie_info : 14835719 rows, 339.56MB.
columns:['id', 'movie_id', 'info_type_id']
2024-09-27 00:02:18 - table.py[line:22] - INFO: Loading table movie_info_idx
2024-09-27 00:02:18 - table.py[line:98] - INFO: table exists, load...
2024-09-27 00:02:18 - table.py[line:101] - INFO: load finished: Table movie_info_idx : 1380034 rows, 31.59MB.
columns:['id', 'movie_id', 'info_type_id']
2024-09-27 00:02:18 - table.py[line:22] - INFO: Loading table cast_info
2024-09-27 00:02:18 - table.py[line:98] - INFO: table exists, load...
2024-09-27 00:02:20 - table.py[line:101] - INFO: load finished: Table cast_info : 36244343 rows, 1659.13MB.
columns:['id', 'person_id', 'movie_id', 'person_role_id', 'nr_order', 'role_id']
2024-09-27 00:02:20 - table.py[line:22] - INFO: Loading table movie_keyword
2024-09-27 00:02:20 - table.py[line:98] - INFO: table exists, load...
2024-09-27 00:02:20 - table.py[line:101] - INFO: load finished: Table movie_keyword : 4523929 rows, 103.54MB.
columns:['id', 'movie_id', 'keyword_id']
2024-09-27 00:02:20 - table.py[line:22] - INFO: Loading table movie_companies
2024-09-27 00:02:20 - table.py[line:98] - INFO: table exists, load...
2024-09-27 00:02:20 - table.py[line:101] - INFO: load finished: Table movie_companies : 2609128 rows, 79.62MB.
columns:['id', 'movie_id', 'company_id', 'company_type_id']
2024-09-27 00:02:20 - sample.py[line:177] - INFO: sample group exists, load...
2024-09-27 00:02:23 - sample.py[line:180] - INFO: load finished.
2024-09-27 00:02:42 - feat.py[line:269] - INFO: Histo exists, load...
2024-09-27 00:02:42 - feat.py[line:272] - INFO: load finished: job-light.title
2024-09-27 00:02:42 - feat.py[line:269] - INFO: Histo exists, load...
2024-09-27 00:02:42 - feat.py[line:272] - INFO: load finished: job-light.movie_info
2024-09-27 00:02:42 - feat.py[line:269] - INFO: Histo exists, load...
2024-09-27 00:02:42 - feat.py[line:272] - INFO: load finished: job-light.movie_info_idx
2024-09-27 00:02:42 - feat.py[line:269] - INFO: Histo exists, load...
2024-09-27 00:02:42 - feat.py[line:272] - INFO: load finished: job-light.cast_info
2024-09-27 00:02:42 - feat.py[line:269] - INFO: Histo exists, load...
2024-09-27 00:02:42 - feat.py[line:272] - INFO: load finished: job-light.movie_keyword
2024-09-27 00:02:42 - feat.py[line:269] - INFO: Histo exists, load...
2024-09-27 00:02:42 - feat.py[line:272] - INFO: load finished: job-light.movie_companies
2024-09-27 00:02:42 - sample.py[line:194] - INFO: sample features exists, load...
2024-09-27 00:02:42 - sample.py[line:197] - INFO: load finished.
2024-09-27 00:02:42 - gen.py[line:145] - INFO: synthetic is being processed!
2024-09-27 00:02:58 - gen.py[line:158] - INFO: All batch ditributed!
2025-04-16 21:28:18 - main.py[line:93] - INFO: Generating dataset for single-table census on generate
2025-04-16 21:28:19 - dataset.py[line:217] - INFO: csv to pkl in path output/temp/table/census.pkl
2025-04-16 21:28:19 - dataset.py[line:82] - INFO: start building data census...
2025-04-16 21:28:20 - dataset.py[line:92] - INFO: build finished: Table census (48842 rows, 4.84MB, columns:
Column(age, type=int64, vocab size=74, min=17, max=90, has NaN=False)
Column(workclass, type=object, vocab size=9, min=?, max=Without-pay, has NaN=False)
Column(education, type=object, vocab size=16, min=10th, max=Some-college, has NaN=False)
Column(education_num, type=int64, vocab size=16, min=1, max=16, has NaN=False)
Column(marital_status, type=object, vocab size=7, min=Divorced, max=Widowed, has NaN=False)
Column(occupation, type=object, vocab size=15, min=?, max=Transport-moving, has NaN=False)
Column(relationship, type=object, vocab size=6, min=Husband, max=Wife, has NaN=False)
Column(race, type=object, vocab size=5, min=Amer-Indian-Eskimo, max=White, has NaN=False)
Column(sex, type=object, vocab size=2, min=Female, max=Male, has NaN=False)
Column(capital_gain, type=int64, vocab size=123, min=0, max=99999, has NaN=False)
Column(capital_loss, type=int64, vocab size=99, min=0, max=4356, has NaN=False)
Column(hours_per_week, type=int64, vocab size=96, min=1, max=99, has NaN=False)
Column(native_country, type=object, vocab size=42, min=?, max=Yugoslavia, has NaN=False))
2025-04-16 21:28:20 - dataset.py[line:201] - INFO: write table to disk...
2025-04-16 21:28:20 - sample_group.py[line:32] - INFO: All set Sampling Group has been established!
2025-04-16 21:28:20 - sample_group.py[line:51] - INFO: All Distribute Col Sampling Group has been established!
2025-04-16 21:28:20 - sample_group.py[line:52] - INFO: Total to-choose-sample-set space buget = 0.2
2025-04-16 21:28:21 - feat.py[line:241] - INFO: Generated feature size: 306
2025-04-16 21:28:21 - feat.py[line:241] - INFO: Generated feature size: 306
2025-04-16 21:28:23 - feat.py[line:241] - INFO: Generated feature size: 306
2025-04-16 21:28:23 - feat.py[line:241] - INFO: Generated feature size: 306
2025-04-16 21:28:24 - feat.py[line:241] - INFO: Generated feature size: 306
2025-04-16 21:28:25 - feat.py[line:241] - INFO: Generated feature size: 306
2025-04-16 21:28:25 - feat.py[line:273] - INFO: Histo exists, load...
2025-04-16 21:28:25 - feat.py[line:275] - INFO: write data to disk...
2025-04-16 21:28:25 - gen.py[line:216] - INFO: train group is being processed!
2025-04-16 21:28:26 - gen.py[line:231] - INFO: All batch ditributed!
2025-04-16 21:28:48 - main.py[line:93] - INFO: Generating dataset for single-table census on generate
2025-04-16 21:28:49 - dataset.py[line:191] - INFO: table exists, load...
2025-04-16 21:28:49 - dataset.py[line:194] - INFO: load finished: Table census (48842 rows, 4.84MB, columns:
Column(age, type=int64, vocab size=74, min=17, max=90, has NaN=False)
Column(workclass, type=object, vocab size=9, min=?, max=Without-pay, has NaN=False)
Column(education, type=object, vocab size=16, min=10th, max=Some-college, has NaN=False)
Column(education_num, type=int64, vocab size=16, min=1, max=16, has NaN=False)
Column(marital_status, type=object, vocab size=7, min=Divorced, max=Widowed, has NaN=False)
Column(occupation, type=object, vocab size=15, min=?, max=Transport-moving, has NaN=False)
Column(relationship, type=object, vocab size=6, min=Husband, max=Wife, has NaN=False)
Column(race, type=object, vocab size=5, min=Amer-Indian-Eskimo, max=White, has NaN=False)
Column(sex, type=object, vocab size=2, min=Female, max=Male, has NaN=False)
Column(capital_gain, type=int64, vocab size=123, min=0, max=99999, has NaN=False)
Column(capital_loss, type=int64, vocab size=99, min=0, max=4356, has NaN=False)
Column(hours_per_week, type=int64, vocab size=96, min=1, max=99, has NaN=False)
Column(native_country, type=object, vocab size=42, min=?, max=Yugoslavia, has NaN=False))
2025-04-16 21:28:49 - sample_group.py[line:470] - INFO: sample group exists, load...
2025-04-16 21:28:49 - sample_group.py[line:473] - INFO: load finished.
2025-04-16 21:28:49 - sample_group.py[line:486] - INFO: sample features exists, load...
2025-04-16 21:28:49 - sample_group.py[line:489] - INFO: load finished.
2025-04-16 21:28:49 - feat.py[line:267] - INFO: Histo exists, load...
2025-04-16 21:28:49 - feat.py[line:270] - INFO: load finished: census
2025-04-16 21:28:49 - gen.py[line:216] - INFO: train group is being processed!
2025-04-16 21:28:50 - gen.py[line:231] - INFO: All batch ditributed!
2025-04-16 21:29:26 - main.py[line:103] - INFO: Training for single-table census on generate
2025-04-16 21:31:31 - main.py[line:103] - INFO: Training for multi-table job-light on job-light
2025-04-16 21:31:54 - main.py[line:103] - INFO: Training for multi-table job-light on job-light
2025-04-16 21:55:43 - main.py[line:103] - INFO: Training for multi-table imdb on job-light
2025-04-16 21:55:43 - main.py[line:125] - WARNING: Training need schema, Please set them in constants!
2025-04-16 21:56:11 - main.py[line:103] - INFO: Training for multi-table job-light on job-light
2025-04-16 22:03:07 - main.py[line:103] - INFO: Training for multi-table job-light on job-light
2025-04-16 22:03:49 - main.py[line:103] - INFO: Training for multi-table job-light on job-light
2025-09-08 22:28:14 - main.py[line:93] - INFO: Generating dataset for multi-table job-light on job-light
2025-09-08 22:28:14 - table.py[line:22] - INFO: Loading table title
2025-09-08 22:28:15 - table.py[line:98] - INFO: table exists, load...
2025-09-08 22:28:15 - table.py[line:101] - INFO: load finished: Table title : 2528311 rows, 115.74MB.
columns:['id', 'kind_id', 'production_year', 'episode_of_id', 'season_nr', 'episode_nr']
2025-09-08 22:28:15 - table.py[line:22] - INFO: Loading table movie_info
2025-09-08 22:28:15 - table.py[line:98] - INFO: table exists, load...
2025-09-08 22:28:17 - table.py[line:101] - INFO: load finished: Table movie_info : 14835719 rows, 339.56MB.
columns:['id', 'movie_id', 'info_type_id']
2025-09-08 22:28:17 - table.py[line:22] - INFO: Loading table movie_info_idx
2025-09-08 22:28:17 - table.py[line:98] - INFO: table exists, load...
2025-09-08 22:28:18 - table.py[line:101] - INFO: load finished: Table movie_info_idx : 1380034 rows, 31.59MB.
columns:['id', 'movie_id', 'info_type_id']
2025-09-08 22:28:18 - table.py[line:22] - INFO: Loading table cast_info
2025-09-08 22:28:18 - table.py[line:98] - INFO: table exists, load...
2025-09-08 22:28:27 - table.py[line:101] - INFO: load finished: Table cast_info : 36244343 rows, 1659.13MB.
columns:['id', 'person_id', 'movie_id', 'person_role_id', 'nr_order', 'role_id']
2025-09-08 22:28:27 - table.py[line:22] - INFO: Loading table movie_keyword
2025-09-08 22:28:27 - table.py[line:98] - INFO: table exists, load...
2025-09-08 22:28:28 - table.py[line:101] - INFO: load finished: Table movie_keyword : 4523929 rows, 103.54MB.
columns:['id', 'movie_id', 'keyword_id']
2025-09-08 22:28:28 - table.py[line:22] - INFO: Loading table movie_companies
2025-09-08 22:28:28 - table.py[line:98] - INFO: table exists, load...
2025-09-08 22:28:31 - table.py[line:101] - INFO: load finished: Table movie_companies : 2609128 rows, 79.62MB.
columns:['id', 'movie_id', 'company_id', 'company_type_id']
2025-09-08 22:28:31 - sample.py[line:177] - INFO: sample group exists, load...
2025-09-08 22:28:47 - sample.py[line:180] - INFO: load finished.
2025-09-08 22:29:20 - feat.py[line:269] - INFO: Histo exists, load...
2025-09-08 22:29:20 - feat.py[line:272] - INFO: load finished: job-light.title
2025-09-08 22:29:20 - feat.py[line:269] - INFO: Histo exists, load...
2025-09-08 22:29:20 - feat.py[line:272] - INFO: load finished: job-light.movie_info
2025-09-08 22:29:20 - feat.py[line:269] - INFO: Histo exists, load...
2025-09-08 22:29:20 - feat.py[line:272] - INFO: load finished: job-light.movie_info_idx
2025-09-08 22:29:20 - feat.py[line:269] - INFO: Histo exists, load...
2025-09-08 22:29:20 - feat.py[line:272] - INFO: load finished: job-light.cast_info
2025-09-08 22:29:20 - feat.py[line:269] - INFO: Histo exists, load...
2025-09-08 22:29:20 - feat.py[line:272] - INFO: load finished: job-light.movie_keyword
2025-09-08 22:29:20 - feat.py[line:269] - INFO: Histo exists, load...
2025-09-08 22:29:20 - feat.py[line:272] - INFO: load finished: job-light.movie_companies
2025-09-08 22:29:20 - sample.py[line:194] - INFO: sample features exists, load...
2025-09-08 22:29:20 - sample.py[line:197] - INFO: load finished.
2025-09-08 22:29:20 - gen.py[line:145] - INFO: job-light is being processed!
2025-09-08 22:29:28 - gen.py[line:158] - INFO: All batch ditributed!
2025-09-10 21:43:41 - main.py[line:103] - INFO: Training for multi-table job-light on train
2025-09-10 21:58:28 - main.py[line:103] - INFO: Training for multi-table job-light on train
2025-09-10 22:01:44 - main.py[line:103] - INFO: Training for multi-table job-light on train
2025-09-10 22:05:32 - main.py[line:103] - INFO: Training for multi-table job-light on train
2025-09-10 22:06:07 - main.py[line:103] - INFO: Training for multi-table job-light on train
2025-09-10 22:06:55 - main.py[line:103] - INFO: Training for multi-table job-light on train
2025-09-10 22:17:46 - main.py[line:103] - INFO: Training for multi-table job-light on train
2026-05-26 17:03:13 - main.py[line:103] - INFO: Training for single-table census on generate
2026-05-26 17:03:38 - dataset.py[line:191] - INFO: table exists, load...
2026-05-26 17:03:39 - dataset.py[line:194] - INFO: load finished: Table census (48842 rows, 4.84MB, columns:
Column(age, type=int64, vocab size=74, min=17, max=90, has NaN=False)
Column(workclass, type=object, vocab size=9, min=?, max=Without-pay, has NaN=False)
Column(education, type=object, vocab size=16, min=10th, max=Some-college, has NaN=False)
Column(education_num, type=int64, vocab size=16, min=1, max=16, has NaN=False)
Column(marital_status, type=object, vocab size=7, min=Divorced, max=Widowed, has NaN=False)
Column(occupation, type=object, vocab size=15, min=?, max=Transport-moving, has NaN=False)
Column(relationship, type=object, vocab size=6, min=Husband, max=Wife, has NaN=False)
Column(race, type=object, vocab size=5, min=Amer-Indian-Eskimo, max=White, has NaN=False)
Column(sex, type=object, vocab size=2, min=Female, max=Male, has NaN=False)
Column(capital_gain, type=int64, vocab size=123, min=0, max=99999, has NaN=False)
Column(capital_loss, type=int64, vocab size=99, min=0, max=4356, has NaN=False)
Column(hours_per_week, type=int64, vocab size=96, min=1, max=99, has NaN=False)
Column(native_country, type=object, vocab size=42, min=?, max=Yugoslavia, has NaN=False))
2026-05-26 17:04:21 - main.py[line:93] - INFO: Generating dataset for single-table census on generate
2026-05-26 17:04:22 - dataset.py[line:191] - INFO: table exists, load...
2026-05-26 17:04:23 - dataset.py[line:194] - INFO: load finished: Table census (48842 rows, 4.84MB, columns:
Column(age, type=int64, vocab size=74, min=17, max=90, has NaN=False)
Column(workclass, type=object, vocab size=9, min=?, max=Without-pay, has NaN=False)
Column(education, type=object, vocab size=16, min=10th, max=Some-college, has NaN=False)
Column(education_num, type=int64, vocab size=16, min=1, max=16, has NaN=False)
Column(marital_status, type=object, vocab size=7, min=Divorced, max=Widowed, has NaN=False)
Column(occupation, type=object, vocab size=15, min=?, max=Transport-moving, has NaN=False)
Column(relationship, type=object, vocab size=6, min=Husband, max=Wife, has NaN=False)
Column(race, type=object, vocab size=5, min=Amer-Indian-Eskimo, max=White, has NaN=False)
Column(sex, type=object, vocab size=2, min=Female, max=Male, has NaN=False)
Column(capital_gain, type=int64, vocab size=123, min=0, max=99999, has NaN=False)
Column(capital_loss, type=int64, vocab size=99, min=0, max=4356, has NaN=False)
Column(hours_per_week, type=int64, vocab size=96, min=1, max=99, has NaN=False)
Column(native_country, type=object, vocab size=42, min=?, max=Yugoslavia, has NaN=False))
2026-05-26 17:04:23 - sample_group.py[line:470] - INFO: sample group exists, load...
2026-05-26 17:04:26 - sample_group.py[line:473] - INFO: load finished.
2026-05-26 17:04:27 - sample_group.py[line:486] - INFO: sample features exists, load...
2026-05-26 17:04:27 - sample_group.py[line:489] - INFO: load finished.
2026-05-26 17:04:28 - feat.py[line:267] - INFO: Histo exists, load...
2026-05-26 17:04:29 - feat.py[line:270] - INFO: load finished: census
2026-05-26 17:04:29 - gen.py[line:216] - INFO: train group is being processed!
2026-05-26 17:04:29 - gen.py[line:231] - INFO: All batch ditributed!
2026-05-26 17:05:26 - gen.py[line:39] - INFO: Query of group 19 -   1000 / 3125
2026-05-26 17:05:28 - gen.py[line:39] - INFO: Query of group 22 -   1000 / 3125
2026-05-26 17:05:28 - gen.py[line:39] - INFO: Query of group 11 -   1000 / 3125
2026-05-26 17:05:29 - gen.py[line:39] - INFO: Query of group 24 -   1000 / 3125
2026-05-26 17:05:29 - gen.py[line:39] - INFO: Query of group 23 -   1000 / 3125
2026-05-26 17:05:31 - gen.py[line:39] - INFO: Query of group 28 -   1000 / 3125
2026-05-26 17:05:31 - gen.py[line:39] - INFO: Query of group 31 -   1000 / 3125
2026-05-26 17:05:32 - gen.py[line:39] - INFO: Query of group  3 -   1000 / 3125
2026-05-26 17:05:32 - gen.py[line:39] - INFO: Query of group 10 -   1000 / 3125
2026-05-26 17:05:32 - gen.py[line:39] - INFO: Query of group 12 -   1000 / 3125
2026-05-26 17:05:32 - gen.py[line:39] - INFO: Query of group  9 -   1000 / 3125
2026-05-26 17:05:33 - gen.py[line:39] - INFO: Query of group 16 -   1000 / 3125
2026-05-26 17:05:33 - gen.py[line:39] - INFO: Query of group 13 -   1000 / 3125
2026-05-26 17:05:35 - gen.py[line:39] - INFO: Query of group 30 -   1000 / 3125
2026-05-26 17:05:35 - gen.py[line:39] - INFO: Query of group 29 -   1000 / 3125
2026-05-26 17:05:36 - gen.py[line:39] - INFO: Query of group  6 -   1000 / 3125
2026-05-26 17:05:37 - gen.py[line:39] - INFO: Query of group  8 -   1000 / 3125
2026-05-26 17:05:37 - gen.py[line:39] - INFO: Query of group 17 -   1000 / 3125
2026-05-26 17:05:37 - gen.py[line:39] - INFO: Query of group  2 -   1000 / 3125
2026-05-26 17:05:37 - gen.py[line:39] - INFO: Query of group 20 -   1000 / 3125
2026-05-26 17:05:38 - gen.py[line:39] - INFO: Query of group  5 -   1000 / 3125
2026-05-26 17:05:38 - gen.py[line:39] - INFO: Query of group 18 -   1000 / 3125
2026-05-26 17:05:38 - gen.py[line:39] - INFO: Query of group 14 -   1000 / 3125
2026-05-26 17:05:38 - gen.py[line:39] - INFO: Query of group 25 -   1000 / 3125
2026-05-26 17:05:39 - gen.py[line:39] - INFO: Query of group  4 -   1000 / 3125
2026-05-26 17:05:39 - gen.py[line:39] - INFO: Query of group  7 -   1000 / 3125
2026-05-26 17:05:40 - gen.py[line:39] - INFO: Query of group 26 -   1000 / 3125
2026-05-26 17:05:40 - gen.py[line:39] - INFO: Query of group 21 -   1000 / 3125
2026-05-26 17:05:40 - gen.py[line:39] - INFO: Query of group 27 -   1000 / 3125
2026-05-26 17:05:41 - gen.py[line:39] - INFO: Query of group  1 -   1000 / 3125
2026-05-26 17:05:43 - gen.py[line:39] - INFO: Query of group  0 -   1000 / 3125
2026-05-26 17:05:44 - gen.py[line:39] - INFO: Query of group 15 -   1000 / 3125
2026-05-26 17:06:23 - gen.py[line:39] - INFO: Query of group 22 -   2000 / 3125
2026-05-26 17:06:24 - gen.py[line:39] - INFO: Query of group 19 -   2000 / 3125
2026-05-26 17:06:26 - gen.py[line:39] - INFO: Query of group 11 -   2000 / 3125
2026-05-26 17:06:29 - gen.py[line:39] - INFO: Query of group 24 -   2000 / 3125
2026-05-26 17:06:33 - gen.py[line:39] - INFO: Query of group 28 -   2000 / 3125
2026-05-26 17:06:33 - gen.py[line:39] - INFO: Query of group 13 -   2000 / 3125
2026-05-26 17:06:33 - gen.py[line:39] - INFO: Query of group 23 -   2000 / 3125
2026-05-26 17:06:35 - gen.py[line:39] - INFO: Query of group 10 -   2000 / 3125
2026-05-26 17:06:37 - gen.py[line:39] - INFO: Query of group 12 -   2000 / 3125
2026-05-26 17:06:37 - gen.py[line:39] - INFO: Query of group  2 -   2000 / 3125
2026-05-26 17:06:37 - gen.py[line:39] - INFO: Query of group 30 -   2000 / 3125
2026-05-26 17:06:37 - gen.py[line:39] - INFO: Query of group 31 -   2000 / 3125
2026-05-26 17:06:38 - gen.py[line:39] - INFO: Query of group 17 -   2000 / 3125
2026-05-26 17:06:38 - gen.py[line:39] - INFO: Query of group  9 -   2000 / 3125
2026-05-26 17:06:38 - gen.py[line:39] - INFO: Query of group 16 -   2000 / 3125
2026-05-26 17:06:39 - gen.py[line:39] - INFO: Query of group 29 -   2000 / 3125
2026-05-26 17:06:40 - gen.py[line:39] - INFO: Query of group  4 -   2000 / 3125
2026-05-26 17:06:40 - gen.py[line:39] - INFO: Query of group  3 -   2000 / 3125
2026-05-26 17:06:41 - gen.py[line:39] - INFO: Query of group  5 -   2000 / 3125
2026-05-26 17:06:41 - gen.py[line:39] - INFO: Query of group  6 -   2000 / 3125
2026-05-26 17:06:41 - gen.py[line:39] - INFO: Query of group 18 -   2000 / 3125
2026-05-26 17:06:42 - gen.py[line:39] - INFO: Query of group 20 -   2000 / 3125
2026-05-26 17:06:44 - gen.py[line:39] - INFO: Query of group 21 -   2000 / 3125
2026-05-26 17:06:45 - gen.py[line:39] - INFO: Query of group 27 -   2000 / 3125
2026-05-26 17:06:45 - gen.py[line:39] - INFO: Query of group  1 -   2000 / 3125
2026-05-26 17:06:45 - gen.py[line:39] - INFO: Query of group  7 -   2000 / 3125
2026-05-26 17:06:45 - gen.py[line:39] - INFO: Query of group 26 -   2000 / 3125
2026-05-26 17:06:45 - gen.py[line:39] - INFO: Query of group 14 -   2000 / 3125
2026-05-26 17:06:46 - gen.py[line:39] - INFO: Query of group 15 -   2000 / 3125
2026-05-26 17:06:46 - gen.py[line:39] - INFO: Query of group 25 -   2000 / 3125
2026-05-26 17:06:47 - gen.py[line:39] - INFO: Query of group  8 -   2000 / 3125
2026-05-26 17:06:48 - gen.py[line:39] - INFO: Query of group  0 -   2000 / 3125
2026-05-26 17:07:22 - gen.py[line:39] - INFO: Query of group 19 -   3000 / 3125
2026-05-26 17:07:22 - gen.py[line:39] - INFO: Query of group 22 -   3000 / 3125
2026-05-26 17:07:25 - gen.py[line:39] - INFO: Query of group 11 -   3000 / 3125
2026-05-26 17:07:27 - gen.py[line:39] - INFO: Query of group 24 -   3000 / 3125
2026-05-26 17:07:34 - gen.py[line:39] - INFO: Query of group 28 -   3000 / 3125
2026-05-26 17:07:37 - gen.py[line:39] - INFO: Query of group 10 -   3000 / 3125
2026-05-26 17:07:37 - gen.py[line:39] - INFO: Query of group 23 -   3000 / 3125
2026-05-26 17:07:41 - gen.py[line:39] - INFO: Query of group 13 -   3000 / 3125
2026-05-26 17:07:41 - gen.py[line:39] - INFO: Query of group  6 -   3000 / 3125
2026-05-26 17:07:41 - gen.py[line:39] - INFO: Query of group 12 -   3000 / 3125
2026-05-26 17:07:44 - gen.py[line:39] - INFO: Query of group 30 -   3000 / 3125
2026-05-26 17:07:44 - gen.py[line:39] - INFO: Query of group 29 -   3000 / 3125
2026-05-26 17:07:44 - gen.py[line:39] - INFO: Query of group 16 -   3000 / 3125
2026-05-26 17:07:46 - gen.py[line:39] - INFO: Query of group 18 -   3000 / 3125
2026-05-26 17:07:46 - gen.py[line:39] - INFO: Query of group  2 -   3000 / 3125
2026-05-26 17:07:47 - gen.py[line:39] - INFO: Query of group  3 -   3000 / 3125
2026-05-26 17:07:47 - gen.py[line:39] - INFO: Query of group  9 -   3000 / 3125
2026-05-26 17:07:47 - gen.py[line:39] - INFO: Query of group 31 -   3000 / 3125
2026-05-26 17:07:48 - gen.py[line:39] - INFO: Query of group  7 -   3000 / 3125
2026-05-26 17:07:48 - gen.py[line:39] - INFO: Query of group 20 -   3000 / 3125
2026-05-26 17:07:49 - gen.py[line:39] - INFO: Query of group 17 -   3000 / 3125
2026-05-26 17:07:52 - gen.py[line:39] - INFO: Query of group  1 -   3000 / 3125
2026-05-26 17:07:53 - gen.py[line:39] - INFO: Query of group  4 -   3000 / 3125
2026-05-26 17:07:53 - gen.py[line:39] - INFO: Query of group 21 -   3000 / 3125
2026-05-26 17:07:53 - gen.py[line:39] - INFO: Query of group 25 -   3000 / 3125
2026-05-26 17:07:54 - gen.py[line:39] - INFO: Query of group 14 -   3000 / 3125
2026-05-26 17:07:55 - gen.py[line:39] - INFO: Query of group 26 -   3000 / 3125
2026-05-26 17:07:55 - gen.py[line:39] - INFO: Query of group  5 -   3000 / 3125
2026-05-26 17:07:56 - gen.py[line:39] - INFO: Query of group 15 -   3000 / 3125
2026-05-26 17:07:56 - gen.py[line:39] - INFO: Query of group 27 -   3000 / 3125
2026-05-26 17:07:57 - gen.py[line:39] - INFO: Query of group  8 -   3000 / 3125
2026-05-26 17:07:59 - gen.py[line:39] - INFO: Query of group  0 -   3000 / 3125
2026-05-26 17:08:09 - gen.py[line:245] - INFO: Saving records of group train
2026-05-26 17:10:01 - gen.py[line:258] - INFO: Generating Dataset Time Cost Summary as Follows:
2026-05-26 17:10:01 - gen.py[line:259] - INFO: Main Thread Total time 5.543989360332489 min.
2026-05-26 17:10:01 - gen.py[line:260] - INFO: Distribute Process time 0.009122343858083089 min. 0.16454475766771665% of total time.
2026-05-26 17:10:01 - gen.py[line:261] - INFO: Waiting Process time 3.654186038176219 min. 65.91257307097477% of total time.
2026-05-26 17:10:01 - gen.py[line:262] - INFO: Saving Records time 1.8806671261787415 min. 33.92263231302364% of total time.
2026-05-26 17:10:01 - gen.py[line:263] - INFO: Df time 1.6940316994984945 min. 90.07610522445486% of total time.
2026-05-26 17:10:01 - gen.py[line:264] - INFO: ToDisk time 0.1682557225227356 min. 8.94659773548593% of total time.
2026-05-26 17:10:01 - gen.py[line:270] - INFO: Calculating Time as Follows:
2026-05-26 17:10:01 - gen.py[line:271] - INFO: Total cal time 108.23936583995821 min. 1952.3732605696555% of total time.
2026-05-26 17:10:01 - gen.py[line:272] - INFO: Ground Turth time 11.123020605246229 min. 10.276317233503224% of total cal time.
2026-05-26 17:10:01 - gen.py[line:273] - INFO: Sample Group time 92.8794490615527 min. 85.80930638385618% of total cal time.
2026-05-26 17:10:01 - gen.py[line:274] - INFO: Query Vector time 4.0409330407778405 min. 3.733330299396551% of total cal time.
2026-05-26 17:10:01 - gen.py[line:275] - INFO: Packing time 0.19596313238143917 min. 0.18104608324404686% of total cal time.
2026-05-26 17:10:22 - main.py[line:103] - INFO: Training for single-table census on generate
2026-05-26 17:18:34 - main.py[line:103] - INFO: Training for single-table census on generate
2026-05-26 17:20:28 - dataset.py[line:191] - INFO: table exists, load...
2026-05-26 17:20:28 - dataset.py[line:194] - INFO: load finished: Table census (48842 rows, 4.84MB, columns:
Column(age, type=int64, vocab size=74, min=17, max=90, has NaN=False)
Column(workclass, type=object, vocab size=9, min=?, max=Without-pay, has NaN=False)
Column(education, type=object, vocab size=16, min=10th, max=Some-college, has NaN=False)
Column(education_num, type=int64, vocab size=16, min=1, max=16, has NaN=False)
Column(marital_status, type=object, vocab size=7, min=Divorced, max=Widowed, has NaN=False)
Column(occupation, type=object, vocab size=15, min=?, max=Transport-moving, has NaN=False)
Column(relationship, type=object, vocab size=6, min=Husband, max=Wife, has NaN=False)
Column(race, type=object, vocab size=5, min=Amer-Indian-Eskimo, max=White, has NaN=False)
Column(sex, type=object, vocab size=2, min=Female, max=Male, has NaN=False)
Column(capital_gain, type=int64, vocab size=123, min=0, max=99999, has NaN=False)
Column(capital_loss, type=int64, vocab size=99, min=0, max=4356, has NaN=False)
Column(hours_per_week, type=int64, vocab size=96, min=1, max=99, has NaN=False)
Column(native_country, type=object, vocab size=42, min=?, max=Yugoslavia, has NaN=False))
2026-05-26 17:21:07 - main.py[line:93] - INFO: Generating dataset for single-table census on generate
2026-05-26 17:21:08 - dataset.py[line:191] - INFO: table exists, load...
2026-05-26 17:21:08 - dataset.py[line:194] - INFO: load finished: Table census (48842 rows, 4.84MB, columns:
Column(age, type=int64, vocab size=74, min=17, max=90, has NaN=False)
Column(workclass, type=object, vocab size=9, min=?, max=Without-pay, has NaN=False)
Column(education, type=object, vocab size=16, min=10th, max=Some-college, has NaN=False)
Column(education_num, type=int64, vocab size=16, min=1, max=16, has NaN=False)
Column(marital_status, type=object, vocab size=7, min=Divorced, max=Widowed, has NaN=False)
Column(occupation, type=object, vocab size=15, min=?, max=Transport-moving, has NaN=False)
Column(relationship, type=object, vocab size=6, min=Husband, max=Wife, has NaN=False)
Column(race, type=object, vocab size=5, min=Amer-Indian-Eskimo, max=White, has NaN=False)
Column(sex, type=object, vocab size=2, min=Female, max=Male, has NaN=False)
Column(capital_gain, type=int64, vocab size=123, min=0, max=99999, has NaN=False)
Column(capital_loss, type=int64, vocab size=99, min=0, max=4356, has NaN=False)
Column(hours_per_week, type=int64, vocab size=96, min=1, max=99, has NaN=False)
Column(native_country, type=object, vocab size=42, min=?, max=Yugoslavia, has NaN=False))
2026-05-26 17:21:08 - sample_group.py[line:470] - INFO: sample group exists, load...
2026-05-26 17:21:08 - sample_group.py[line:473] - INFO: load finished.
2026-05-26 17:21:08 - sample_group.py[line:486] - INFO: sample features exists, load...
2026-05-26 17:21:08 - sample_group.py[line:489] - INFO: load finished.
2026-05-26 17:21:08 - feat.py[line:267] - INFO: Histo exists, load...
2026-05-26 17:21:08 - feat.py[line:270] - INFO: load finished: census
2026-05-26 17:21:08 - gen.py[line:216] - INFO: train group is being processed!
2026-05-26 17:21:08 - gen.py[line:231] - INFO: All batch ditributed!
2026-05-26 17:22:02 - gen.py[line:39] - INFO: Query of group 30 -   1000 / 3125
2026-05-26 17:22:03 - gen.py[line:39] - INFO: Query of group 19 -   1000 / 3125
2026-05-26 17:22:03 - gen.py[line:39] - INFO: Query of group 12 -   1000 / 3125
2026-05-26 17:22:04 - gen.py[line:39] - INFO: Query of group 10 -   1000 / 3125
2026-05-26 17:22:05 - gen.py[line:39] - INFO: Query of group 24 -   1000 / 3125
2026-05-26 17:22:05 - gen.py[line:39] - INFO: Query of group 25 -   1000 / 3125
2026-05-26 17:22:05 - gen.py[line:39] - INFO: Query of group 23 -   1000 / 3125
2026-05-26 17:22:05 - gen.py[line:39] - INFO: Query of group 18 -   1000 / 3125
2026-05-26 17:22:05 - gen.py[line:39] - INFO: Query of group  3 -   1000 / 3125
2026-05-26 17:22:06 - gen.py[line:39] - INFO: Query of group 17 -   1000 / 3125
2026-05-26 17:22:06 - gen.py[line:39] - INFO: Query of group  2 -   1000 / 3125
2026-05-26 17:22:07 - gen.py[line:39] - INFO: Query of group 31 -   1000 / 3125
2026-05-26 17:22:08 - gen.py[line:39] - INFO: Query of group  8 -   1000 / 3125
2026-05-26 17:22:08 - gen.py[line:39] - INFO: Query of group 22 -   1000 / 3125
2026-05-26 17:22:08 - gen.py[line:39] - INFO: Query of group 14 -   1000 / 3125
2026-05-26 17:22:08 - gen.py[line:39] - INFO: Query of group 21 -   1000 / 3125
2026-05-26 17:22:10 - gen.py[line:39] - INFO: Query of group  4 -   1000 / 3125
2026-05-26 17:22:10 - gen.py[line:39] - INFO: Query of group 11 -   1000 / 3125
2026-05-26 17:22:12 - gen.py[line:39] - INFO: Query of group 27 -   1000 / 3125
2026-05-26 17:22:13 - gen.py[line:39] - INFO: Query of group  1 -   1000 / 3125
2026-05-26 17:22:13 - gen.py[line:39] - INFO: Query of group  0 -   1000 / 3125
2026-05-26 17:22:14 - gen.py[line:39] - INFO: Query of group 16 -   1000 / 3125
2026-05-26 17:22:15 - gen.py[line:39] - INFO: Query of group  6 -   1000 / 3125
2026-05-26 17:22:15 - gen.py[line:39] - INFO: Query of group 13 -   1000 / 3125
2026-05-26 17:22:15 - gen.py[line:39] - INFO: Query of group  9 -   1000 / 3125
2026-05-26 17:22:15 - gen.py[line:39] - INFO: Query of group 28 -   1000 / 3125
2026-05-26 17:22:15 - gen.py[line:39] - INFO: Query of group  5 -   1000 / 3125
2026-05-26 17:22:16 - gen.py[line:39] - INFO: Query of group 29 -   1000 / 3125
2026-05-26 17:22:17 - gen.py[line:39] - INFO: Query of group 20 -   1000 / 3125
2026-05-26 17:22:18 - gen.py[line:39] - INFO: Query of group  7 -   1000 / 3125
2026-05-26 17:22:19 - gen.py[line:39] - INFO: Query of group 26 -   1000 / 3125
2026-05-26 17:22:20 - gen.py[line:39] - INFO: Query of group 15 -   1000 / 3125
2026-05-26 17:23:00 - gen.py[line:39] - INFO: Query of group 19 -   2000 / 3125
2026-05-26 17:23:00 - gen.py[line:39] - INFO: Query of group  2 -   2000 / 3125
2026-05-26 17:23:01 - gen.py[line:39] - INFO: Query of group 17 -   2000 / 3125
2026-05-26 17:23:01 - gen.py[line:39] - INFO: Query of group 30 -   2000 / 3125
2026-05-26 17:23:01 - gen.py[line:39] - INFO: Query of group 25 -   2000 / 3125
2026-05-26 17:23:02 - gen.py[line:39] - INFO: Query of group 10 -   2000 / 3125
2026-05-26 17:23:02 - gen.py[line:39] - INFO: Query of group 12 -   2000 / 3125
2026-05-26 17:23:03 - gen.py[line:39] - INFO: Query of group 24 -   2000 / 3125
2026-05-26 17:23:04 - gen.py[line:39] - INFO: Query of group 23 -   2000 / 3125
2026-05-26 17:23:05 - gen.py[line:39] - INFO: Query of group  3 -   2000 / 3125
2026-05-26 17:23:06 - gen.py[line:39] - INFO: Query of group 21 -   2000 / 3125
2026-05-26 17:23:06 - gen.py[line:39] - INFO: Query of group 18 -   2000 / 3125
2026-05-26 17:23:06 - gen.py[line:39] - INFO: Query of group 22 -   2000 / 3125
2026-05-26 17:23:10 - gen.py[line:39] - INFO: Query of group  4 -   2000 / 3125
2026-05-26 17:23:10 - gen.py[line:39] - INFO: Query of group 31 -   2000 / 3125
2026-05-26 17:23:10 - gen.py[line:39] - INFO: Query of group 14 -   2000 / 3125
2026-05-26 17:23:12 - gen.py[line:39] - INFO: Query of group 11 -   2000 / 3125
2026-05-26 17:23:13 - gen.py[line:39] - INFO: Query of group 16 -   2000 / 3125
2026-05-26 17:23:14 - gen.py[line:39] - INFO: Query of group  8 -   2000 / 3125
2026-05-26 17:23:15 - gen.py[line:39] - INFO: Query of group 28 -   2000 / 3125
2026-05-26 17:23:16 - gen.py[line:39] - INFO: Query of group 27 -   2000 / 3125
2026-05-26 17:23:16 - gen.py[line:39] - INFO: Query of group  0 -   2000 / 3125
2026-05-26 17:23:16 - gen.py[line:39] - INFO: Query of group  1 -   2000 / 3125
2026-05-26 17:23:17 - gen.py[line:39] - INFO: Query of group 20 -   2000 / 3125
2026-05-26 17:23:18 - gen.py[line:39] - INFO: Query of group  5 -   2000 / 3125
2026-05-26 17:23:18 - gen.py[line:39] - INFO: Query of group  6 -   2000 / 3125
2026-05-26 17:23:18 - gen.py[line:39] - INFO: Query of group 13 -   2000 / 3125
2026-05-26 17:23:19 - gen.py[line:39] - INFO: Query of group  9 -   2000 / 3125
2026-05-26 17:23:21 - gen.py[line:39] - INFO: Query of group 29 -   2000 / 3125
2026-05-26 17:23:22 - gen.py[line:39] - INFO: Query of group  7 -   2000 / 3125
2026-05-26 17:23:22 - gen.py[line:39] - INFO: Query of group 15 -   2000 / 3125
2026-05-26 17:23:24 - gen.py[line:39] - INFO: Query of group 26 -   2000 / 3125
2026-05-26 17:23:56 - gen.py[line:39] - INFO: Query of group 25 -   3000 / 3125
2026-05-26 17:23:57 - gen.py[line:39] - INFO: Query of group 19 -   3000 / 3125
2026-05-26 17:23:58 - gen.py[line:39] - INFO: Query of group 17 -   3000 / 3125
2026-05-26 17:23:58 - gen.py[line:39] - INFO: Query of group 10 -   3000 / 3125
2026-05-26 17:23:59 - gen.py[line:39] - INFO: Query of group  2 -   3000 / 3125
2026-05-26 17:23:59 - gen.py[line:39] - INFO: Query of group 23 -   3000 / 3125
2026-05-26 17:24:00 - gen.py[line:39] - INFO: Query of group 30 -   3000 / 3125
2026-05-26 17:24:00 - gen.py[line:39] - INFO: Query of group 12 -   3000 / 3125
2026-05-26 17:24:00 - gen.py[line:39] - INFO: Query of group 24 -   3000 / 3125
2026-05-26 17:24:01 - gen.py[line:39] - INFO: Query of group 21 -   3000 / 3125
2026-05-26 17:24:03 - gen.py[line:39] - INFO: Query of group  3 -   3000 / 3125
2026-05-26 17:24:04 - gen.py[line:39] - INFO: Query of group 18 -   3000 / 3125
2026-05-26 17:24:07 - gen.py[line:39] - INFO: Query of group 14 -   3000 / 3125
2026-05-26 17:24:07 - gen.py[line:39] - INFO: Query of group 22 -   3000 / 3125
2026-05-26 17:24:09 - gen.py[line:39] - INFO: Query of group 28 -   3000 / 3125
2026-05-26 17:24:09 - gen.py[line:39] - INFO: Query of group 31 -   3000 / 3125
2026-05-26 17:24:10 - gen.py[line:39] - INFO: Query of group  4 -   3000 / 3125
2026-05-26 17:24:11 - gen.py[line:39] - INFO: Query of group  1 -   3000 / 3125
2026-05-26 17:24:11 - gen.py[line:39] - INFO: Query of group  8 -   3000 / 3125
2026-05-26 17:24:12 - gen.py[line:39] - INFO: Query of group 11 -   3000 / 3125
2026-05-26 17:24:12 - gen.py[line:39] - INFO: Query of group  6 -   3000 / 3125
2026-05-26 17:24:12 - gen.py[line:39] - INFO: Query of group 16 -   3000 / 3125
2026-05-26 17:24:13 - gen.py[line:39] - INFO: Query of group  0 -   3000 / 3125
2026-05-26 17:24:15 - gen.py[line:39] - INFO: Query of group 20 -   3000 / 3125
2026-05-26 17:24:17 - gen.py[line:39] - INFO: Query of group 27 -   3000 / 3125
2026-05-26 17:24:18 - gen.py[line:39] - INFO: Query of group  5 -   3000 / 3125
2026-05-26 17:24:18 - gen.py[line:39] - INFO: Query of group 13 -   3000 / 3125
2026-05-26 17:24:18 - gen.py[line:39] - INFO: Query of group  9 -   3000 / 3125
2026-05-26 17:24:19 - gen.py[line:39] - INFO: Query of group  7 -   3000 / 3125
2026-05-26 17:24:19 - gen.py[line:39] - INFO: Query of group 15 -   3000 / 3125
2026-05-26 17:24:20 - gen.py[line:39] - INFO: Query of group 29 -   3000 / 3125
2026-05-26 17:24:22 - gen.py[line:39] - INFO: Query of group 26 -   3000 / 3125
2026-05-26 17:24:31 - gen.py[line:245] - INFO: Saving records of group train
2026-05-26 17:25:46 - gen.py[line:258] - INFO: Generating Dataset Time Cost Summary as Follows:
2026-05-26 17:25:46 - gen.py[line:259] - INFO: Main Thread Total time 4.639574956893921 min.
2026-05-26 17:25:46 - gen.py[line:260] - INFO: Distribute Process time 0.0054764906565348305 min. 0.11803862869803064% of total time.
2026-05-26 17:25:46 - gen.py[line:261] - INFO: Waiting Process time 3.3742996295293173 min. 72.72863701696343% of total time.
2026-05-26 17:25:46 - gen.py[line:262] - INFO: Saving Records time 1.2597828308741252 min. 27.152979369418752% of total time.
2026-05-26 17:25:46 - gen.py[line:263] - INFO: Df time 1.1812141060829162 min. 93.76331198793267% of total time.
2026-05-26 17:25:46 - gen.py[line:264] - INFO: ToDisk time 0.061584111054738364 min. 4.8884704208904814% of total time.
2026-05-26 17:25:46 - gen.py[line:270] - INFO: Calculating Time as Follows:
2026-05-26 17:25:46 - gen.py[line:271] - INFO: Total cal time 99.99832952817277 min. 2155.333849700731% of total time.
2026-05-26 17:25:46 - gen.py[line:272] - INFO: Ground Turth time 10.514943881829574 min. 10.515119533938986% of total cal time.
2026-05-26 17:25:46 - gen.py[line:273] - INFO: Sample Group time 85.40132172902423 min. 85.40274835787523% of total cal time.
2026-05-26 17:25:46 - gen.py[line:274] - INFO: Query Vector time 3.8936094641685495 min. 3.893674506904231% of total cal time.
2026-05-26 17:25:46 - gen.py[line:275] - INFO: Packing time 0.18845445315043122 min. 0.18845760128156688% of total cal time.
2026-05-26 17:26:56 - main.py[line:103] - INFO: Training for single-table census on generate
2026-05-26 17:29:27 - main.py[line:103] - INFO: Training for single-table forest on generate
2026-05-26 17:30:40 - main.py[line:103] - INFO: Training for single-table forest on generate
2026-05-26 17:32:09 - dataset.py[line:217] - INFO: csv to pkl in path output/temp/table/forest.pkl
2026-05-26 17:32:09 - dataset.py[line:82] - INFO: start building data forest...
2026-05-26 17:32:09 - dataset.py[line:92] - INFO: build finished: Table forest (581012 rows, 44.33MB, columns:
Column(Elevation, type=int64, vocab size=1978, min=1859, max=3858, has NaN=False)
Column(Aspect, type=int64, vocab size=361, min=0, max=360, has NaN=False)
Column(Slope, type=int64, vocab size=67, min=0, max=66, has NaN=False)
Column(Horizontal_Distance_To_Hydrology, type=int64, vocab size=551, min=0, max=1397, has NaN=False)
Column(Vertical_Distance_To_Hydrology, type=int64, vocab size=700, min=-173, max=601, has NaN=False)
Column(Horizontal_Distance_To_Roadways, type=int64, vocab size=5785, min=0, max=7117, has NaN=False)
Column(Hillshade_9am, type=int64, vocab size=207, min=0, max=254, has NaN=False)
Column(Hillshade_Noon, type=int64, vocab size=185, min=0, max=254, has NaN=False)
Column(Hillshade_3pm, type=int64, vocab size=255, min=0, max=254, has NaN=False)
Column(Horizontal_Distance_To_Fire_Points, type=int64, vocab size=5827, min=0, max=7173, has NaN=False))
2026-05-26 17:32:09 - dataset.py[line:201] - INFO: write table to disk...
2026-05-26 17:33:06 - main.py[line:93] - INFO: Generating dataset for single-table forest on generate
2026-05-26 17:33:07 - dataset.py[line:191] - INFO: table exists, load...
2026-05-26 17:33:08 - dataset.py[line:194] - INFO: load finished: Table forest (581012 rows, 44.33MB, columns:
Column(Elevation, type=int64, vocab size=1978, min=1859, max=3858, has NaN=False)
Column(Aspect, type=int64, vocab size=361, min=0, max=360, has NaN=False)
Column(Slope, type=int64, vocab size=67, min=0, max=66, has NaN=False)
Column(Horizontal_Distance_To_Hydrology, type=int64, vocab size=551, min=0, max=1397, has NaN=False)
Column(Vertical_Distance_To_Hydrology, type=int64, vocab size=700, min=-173, max=601, has NaN=False)
Column(Horizontal_Distance_To_Roadways, type=int64, vocab size=5785, min=0, max=7117, has NaN=False)
Column(Hillshade_9am, type=int64, vocab size=207, min=0, max=254, has NaN=False)
Column(Hillshade_Noon, type=int64, vocab size=185, min=0, max=254, has NaN=False)
Column(Hillshade_3pm, type=int64, vocab size=255, min=0, max=254, has NaN=False)
Column(Horizontal_Distance_To_Fire_Points, type=int64, vocab size=5827, min=0, max=7173, has NaN=False))
2026-05-26 17:33:08 - sample_group.py[line:32] - INFO: All set Sampling Group has been established!
2026-05-26 17:33:09 - sample_group.py[line:51] - INFO: All Distribute Col Sampling Group has been established!
2026-05-26 17:33:09 - sample_group.py[line:52] - INFO: Total to-choose-sample-set space buget = 0.2
2026-05-26 17:33:10 - feat.py[line:241] - INFO: Generated feature size: 265
2026-05-26 17:33:11 - feat.py[line:241] - INFO: Generated feature size: 265
2026-05-26 17:33:12 - feat.py[line:241] - INFO: Generated feature size: 265
2026-05-26 17:33:13 - feat.py[line:241] - INFO: Generated feature size: 265
2026-05-26 17:33:14 - feat.py[line:241] - INFO: Generated feature size: 265
2026-05-26 17:33:15 - feat.py[line:241] - INFO: Generated feature size: 265
2026-05-26 17:33:15 - feat.py[line:273] - INFO: Histo exists, load...
2026-05-26 17:33:15 - feat.py[line:275] - INFO: write data to disk...
2026-05-26 17:33:15 - gen.py[line:216] - INFO: train group is being processed!
2026-05-26 17:33:16 - gen.py[line:231] - INFO: All batch ditributed!
2026-05-26 17:35:16 - gen.py[line:39] - INFO: Query of group 12 -   1000 / 3125
2026-05-26 17:35:21 - gen.py[line:39] - INFO: Query of group  1 -   1000 / 3125
2026-05-26 17:35:22 - gen.py[line:39] - INFO: Query of group 31 -   1000 / 3125
2026-05-26 17:35:23 - gen.py[line:39] - INFO: Query of group  6 -   1000 / 3125
2026-05-26 17:35:27 - gen.py[line:39] - INFO: Query of group  0 -   1000 / 3125
2026-05-26 17:35:30 - gen.py[line:39] - INFO: Query of group 15 -   1000 / 3125
2026-05-26 17:35:32 - gen.py[line:39] - INFO: Query of group 10 -   1000 / 3125
2026-05-26 17:35:44 - gen.py[line:39] - INFO: Query of group  9 -   1000 / 3125
2026-05-26 17:35:44 - gen.py[line:39] - INFO: Query of group 11 -   1000 / 3125
2026-05-26 17:36:02 - gen.py[line:39] - INFO: Query of group 14 -   1000 / 3125
2026-05-26 17:37:05 - gen.py[line:39] - INFO: Query of group 31 -   2000 / 3125
2026-05-26 17:37:09 - gen.py[line:39] - INFO: Query of group  0 -   2000 / 3125
2026-05-26 17:37:10 - gen.py[line:39] - INFO: Query of group 11 -   2000 / 3125
2026-05-26 17:37:10 - gen.py[line:39] - INFO: Query of group  1 -   2000 / 3125
2026-05-26 17:37:16 - gen.py[line:39] - INFO: Query of group 15 -   2000 / 3125
2026-05-26 17:37:25 - gen.py[line:39] - INFO: Query of group  6 -   2000 / 3125
2026-05-26 17:37:28 - gen.py[line:39] - INFO: Query of group  9 -   2000 / 3125
2026-05-26 17:37:50 - gen.py[line:39] - INFO: Query of group 10 -   2000 / 3125
2026-05-26 17:37:54 - gen.py[line:39] - INFO: Query of group 12 -   2000 / 3125
2026-05-26 17:38:16 - gen.py[line:39] - INFO: Query of group 26 -   1000 / 3125
2026-05-26 17:38:23 - gen.py[line:39] - INFO: Query of group 30 -   1000 / 3125
2026-05-26 17:38:28 - gen.py[line:39] - INFO: Query of group  3 -   1000 / 3125
2026-05-26 17:38:47 - gen.py[line:39] - INFO: Query of group  7 -   1000 / 3125
2026-05-26 17:38:48 - gen.py[line:39] - INFO: Query of group 31 -   3000 / 3125
2026-05-26 17:38:50 - gen.py[line:39] - INFO: Query of group 11 -   3000 / 3125
2026-05-26 17:38:51 - gen.py[line:39] - INFO: Query of group 28 -   1000 / 3125
2026-05-26 17:38:54 - gen.py[line:39] - INFO: Query of group  1 -   3000 / 3125
2026-05-26 17:38:55 - gen.py[line:39] - INFO: Query of group  5 -   1000 / 3125
2026-05-26 17:38:56 - gen.py[line:39] - INFO: Query of group  0 -   3000 / 3125
2026-05-26 17:38:56 - gen.py[line:39] - INFO: Query of group 19 -   1000 / 3125
2026-05-26 17:38:56 - gen.py[line:39] - INFO: Query of group 14 -   2000 / 3125
2026-05-26 17:39:02 - gen.py[line:39] - INFO: Query of group 15 -   3000 / 3125
2026-05-26 17:39:02 - gen.py[line:39] - INFO: Query of group 25 -   1000 / 3125
2026-05-26 17:39:06 - gen.py[line:39] - INFO: Query of group 27 -   1000 / 3125
2026-05-26 17:39:08 - gen.py[line:39] - INFO: Query of group 21 -   1000 / 3125
2026-05-26 17:39:09 - gen.py[line:39] - INFO: Query of group  6 -   3000 / 3125
2026-05-26 17:39:10 - gen.py[line:39] - INFO: Query of group 20 -   1000 / 3125
2026-05-26 17:39:10 - gen.py[line:39] - INFO: Query of group 18 -   1000 / 3125
2026-05-26 17:39:12 - gen.py[line:39] - INFO: Query of group 22 -   1000 / 3125
2026-05-26 17:39:14 - gen.py[line:39] - INFO: Query of group  9 -   3000 / 3125
2026-05-26 17:39:15 - gen.py[line:39] - INFO: Query of group 29 -   1000 / 3125
2026-05-26 17:39:16 - gen.py[line:39] - INFO: Query of group 16 -   1000 / 3125
2026-05-26 17:39:18 - gen.py[line:39] - INFO: Query of group 17 -   1000 / 3125
2026-05-26 17:39:27 - gen.py[line:39] - INFO: Query of group  8 -   1000 / 3125
2026-05-26 17:39:29 - gen.py[line:39] - INFO: Query of group 24 -   1000 / 3125
2026-05-26 17:39:29 - gen.py[line:39] - INFO: Query of group 12 -   3000 / 3125
2026-05-26 17:39:34 - gen.py[line:39] - INFO: Query of group  2 -   1000 / 3125
2026-05-26 17:39:35 - gen.py[line:39] - INFO: Query of group 23 -   1000 / 3125
2026-05-26 17:39:38 - gen.py[line:39] - INFO: Query of group 13 -   1000 / 3125
2026-05-26 17:39:42 - gen.py[line:39] - INFO: Query of group  4 -   1000 / 3125
2026-05-26 17:40:06 - gen.py[line:39] - INFO: Query of group 10 -   3000 / 3125
2026-05-26 17:40:38 - gen.py[line:39] - INFO: Query of group 14 -   3000 / 3125
2026-05-26 17:40:42 - gen.py[line:39] - INFO: Query of group 25 -   2000 / 3125
2026-05-26 17:40:42 - gen.py[line:39] - INFO: Query of group  3 -   2000 / 3125
2026-05-26 17:40:52 - gen.py[line:39] - INFO: Query of group 21 -   2000 / 3125
2026-05-26 17:40:59 - gen.py[line:39] - INFO: Query of group 27 -   2000 / 3125
2026-05-26 17:41:04 - gen.py[line:39] - INFO: Query of group 30 -   2000 / 3125
2026-05-26 17:41:25 - gen.py[line:39] - INFO: Query of group 20 -   2000 / 3125
2026-05-26 17:41:40 - gen.py[line:39] - INFO: Query of group  7 -   2000 / 3125
2026-05-26 17:41:41 - gen.py[line:39] - INFO: Query of group 18 -   2000 / 3125
2026-05-26 17:41:58 - gen.py[line:39] - INFO: Query of group 19 -   2000 / 3125
2026-05-26 17:41:58 - gen.py[line:39] - INFO: Query of group 29 -   2000 / 3125
2026-05-26 17:42:02 - gen.py[line:39] - INFO: Query of group 28 -   2000 / 3125
2026-05-26 17:42:13 - gen.py[line:39] - INFO: Query of group 13 -   2000 / 3125
2026-05-26 17:42:18 - gen.py[line:39] - INFO: Query of group 23 -   2000 / 3125
2026-05-26 17:42:22 - gen.py[line:39] - INFO: Query of group  3 -   3000 / 3125
2026-05-26 17:42:27 - gen.py[line:39] - INFO: Query of group 16 -   2000 / 3125
2026-05-26 17:42:30 - gen.py[line:39] - INFO: Query of group 25 -   3000 / 3125
2026-05-26 17:42:32 - gen.py[line:39] - INFO: Query of group 17 -   2000 / 3125
2026-05-26 17:42:33 - gen.py[line:39] - INFO: Query of group 21 -   3000 / 3125
2026-05-26 17:42:38 - gen.py[line:39] - INFO: Query of group 26 -   2000 / 3125
2026-05-26 17:42:48 - gen.py[line:39] - INFO: Query of group 27 -   3000 / 3125
2026-05-26 17:42:50 - gen.py[line:39] - INFO: Query of group  4 -   2000 / 3125
2026-05-26 17:43:03 - gen.py[line:39] - INFO: Query of group 20 -   3000 / 3125
2026-05-26 17:43:05 - gen.py[line:39] - INFO: Query of group  8 -   2000 / 3125
2026-05-26 17:43:22 - gen.py[line:39] - INFO: Query of group 18 -   3000 / 3125
2026-05-26 17:43:23 - gen.py[line:39] - INFO: Query of group 22 -   2000 / 3125
2026-05-26 17:43:29 - gen.py[line:39] - INFO: Query of group  5 -   2000 / 3125
2026-05-26 17:43:35 - gen.py[line:39] - INFO: Query of group  7 -   3000 / 3125
2026-05-26 17:43:36 - gen.py[line:39] - INFO: Query of group 13 -   3000 / 3125
2026-05-26 17:43:36 - gen.py[line:39] - INFO: Query of group 30 -   3000 / 3125
2026-05-26 17:43:40 - gen.py[line:39] - INFO: Query of group 24 -   2000 / 3125
2026-05-26 17:43:50 - gen.py[line:39] - INFO: Query of group  2 -   2000 / 3125
2026-05-26 17:43:56 - gen.py[line:39] - INFO: Query of group 23 -   3000 / 3125
2026-05-26 17:43:59 - gen.py[line:39] - INFO: Query of group 28 -   3000 / 3125
2026-05-26 17:44:08 - gen.py[line:39] - INFO: Query of group 19 -   3000 / 3125
2026-05-26 17:44:10 - gen.py[line:39] - INFO: Query of group 16 -   3000 / 3125
2026-05-26 17:44:10 - gen.py[line:39] - INFO: Query of group 29 -   3000 / 3125
2026-05-26 17:44:12 - gen.py[line:39] - INFO: Query of group 26 -   3000 / 3125
2026-05-26 17:44:24 - gen.py[line:39] - INFO: Query of group 17 -   3000 / 3125
2026-05-26 17:44:28 - gen.py[line:39] - INFO: Query of group  8 -   3000 / 3125
2026-05-26 17:44:32 - gen.py[line:39] - INFO: Query of group  4 -   3000 / 3125
2026-05-26 17:44:48 - gen.py[line:39] - INFO: Query of group 22 -   3000 / 3125
2026-05-26 17:44:55 - gen.py[line:39] - INFO: Query of group  5 -   3000 / 3125
2026-05-26 17:44:57 - gen.py[line:39] - INFO: Query of group 24 -   3000 / 3125
2026-05-26 17:45:02 - gen.py[line:39] - INFO: Query of group  2 -   3000 / 3125
2026-05-26 17:45:10 - gen.py[line:245] - INFO: Saving records of group train
2026-05-26 17:46:45 - gen.py[line:258] - INFO: Generating Dataset Time Cost Summary as Follows:
2026-05-26 17:46:45 - gen.py[line:259] - INFO: Main Thread Total time 13.499073553085328 min.
2026-05-26 17:46:45 - gen.py[line:260] - INFO: Distribute Process time 0.017600409189860024 min. 0.13038234898599615% of total time.
2026-05-26 17:46:45 - gen.py[line:261] - INFO: Waiting Process time 11.8916761636734 min. 88.09253551296827% of total time.
2026-05-26 17:46:45 - gen.py[line:262] - INFO: Saving Records time 1.5897289752960204 min. 11.776578363280896% of total time.
2026-05-26 17:46:45 - gen.py[line:263] - INFO: Df time 1.5169605215390523 min. 95.42258744177333% of total time.
2026-05-26 17:46:45 - gen.py[line:264] - INFO: ToDisk time 0.05726932684580485 min. 3.6024585156184146% of total time.
2026-05-26 17:46:45 - gen.py[line:270] - INFO: Calculating Time as Follows:
2026-05-26 17:46:45 - gen.py[line:271] - INFO: Total cal time 299.1884815494221 min. 2216.363073901764% of total time.
2026-05-26 17:46:45 - gen.py[line:272] - INFO: Ground Turth time 115.32066479126621 min. 38.54448680445498% of total cal time.
2026-05-26 17:46:45 - gen.py[line:273] - INFO: Sample Group time 181.52577754259116 min. 60.67271594230991% of total cal time.
2026-05-26 17:46:45 - gen.py[line:274] - INFO: Query Vector time 1.690767705440521 min. 0.565117913859671% of total cal time.
2026-05-26 17:46:45 - gen.py[line:275] - INFO: Packing time 0.6512715101242064 min. 0.21767933937544473% of total cal time.
2026-05-26 17:47:04 - main.py[line:103] - INFO: Training for single-table forest on generate
2026-05-26 17:54:56 - dataset.py[line:191] - INFO: table exists, load...
2026-05-26 17:54:56 - dataset.py[line:194] - INFO: load finished: Table forest (581012 rows, 44.33MB, columns:
Column(Elevation, type=int64, vocab size=1978, min=1859, max=3858, has NaN=False)
Column(Aspect, type=int64, vocab size=361, min=0, max=360, has NaN=False)
Column(Slope, type=int64, vocab size=67, min=0, max=66, has NaN=False)
Column(Horizontal_Distance_To_Hydrology, type=int64, vocab size=551, min=0, max=1397, has NaN=False)
Column(Vertical_Distance_To_Hydrology, type=int64, vocab size=700, min=-173, max=601, has NaN=False)
Column(Horizontal_Distance_To_Roadways, type=int64, vocab size=5785, min=0, max=7117, has NaN=False)
Column(Hillshade_9am, type=int64, vocab size=207, min=0, max=254, has NaN=False)
Column(Hillshade_Noon, type=int64, vocab size=185, min=0, max=254, has NaN=False)
Column(Hillshade_3pm, type=int64, vocab size=255, min=0, max=254, has NaN=False)
Column(Horizontal_Distance_To_Fire_Points, type=int64, vocab size=5827, min=0, max=7173, has NaN=False))
2026-05-26 17:56:03 - main.py[line:93] - INFO: Generating dataset for single-table forest on generate
2026-05-26 17:56:05 - dataset.py[line:191] - INFO: table exists, load...
2026-05-26 17:56:05 - dataset.py[line:194] - INFO: load finished: Table forest (581012 rows, 44.33MB, columns:
Column(Elevation, type=int64, vocab size=1978, min=1859, max=3858, has NaN=False)
Column(Aspect, type=int64, vocab size=361, min=0, max=360, has NaN=False)
Column(Slope, type=int64, vocab size=67, min=0, max=66, has NaN=False)
Column(Horizontal_Distance_To_Hydrology, type=int64, vocab size=551, min=0, max=1397, has NaN=False)
Column(Vertical_Distance_To_Hydrology, type=int64, vocab size=700, min=-173, max=601, has NaN=False)
Column(Horizontal_Distance_To_Roadways, type=int64, vocab size=5785, min=0, max=7117, has NaN=False)
Column(Hillshade_9am, type=int64, vocab size=207, min=0, max=254, has NaN=False)
Column(Hillshade_Noon, type=int64, vocab size=185, min=0, max=254, has NaN=False)
Column(Hillshade_3pm, type=int64, vocab size=255, min=0, max=254, has NaN=False)
Column(Horizontal_Distance_To_Fire_Points, type=int64, vocab size=5827, min=0, max=7173, has NaN=False))
2026-05-26 17:56:05 - sample_group.py[line:470] - INFO: sample group exists, load...
2026-05-26 17:56:05 - sample_group.py[line:473] - INFO: load finished.
2026-05-26 17:56:05 - sample_group.py[line:486] - INFO: sample features exists, load...
2026-05-26 17:56:05 - sample_group.py[line:489] - INFO: load finished.
2026-05-26 17:56:05 - feat.py[line:267] - INFO: Histo exists, load...
2026-05-26 17:56:05 - feat.py[line:270] - INFO: load finished: forest
2026-05-26 17:56:05 - gen.py[line:216] - INFO: train group is being processed!
2026-05-26 17:56:05 - gen.py[line:231] - INFO: All batch ditributed!
2026-05-26 17:59:51 - main.py[line:103] - INFO: Training for multi-table job-light on scale
2026-05-26 18:01:19 - main.py[line:103] - INFO: Training for multi-table job-light on synethtic
2026-05-26 18:01:19 - main.py[line:120] - WARNING: Data not exist, generate first!
2026-05-26 18:04:27 - main.py[line:103] - INFO: Training for single-table census on generate
2026-05-26 18:06:41 - main.py[line:93] - INFO: Generating dataset for single-table census on generate
2026-05-26 18:06:43 - dataset.py[line:191] - INFO: table exists, load...
2026-05-26 18:06:43 - dataset.py[line:194] - INFO: load finished: Table census (48842 rows, 4.84MB, columns:
Column(age, type=int64, vocab size=74, min=17, max=90, has NaN=False)
Column(workclass, type=object, vocab size=9, min=?, max=Without-pay, has NaN=False)
Column(education, type=object, vocab size=16, min=10th, max=Some-college, has NaN=False)
Column(education_num, type=int64, vocab size=16, min=1, max=16, has NaN=False)
Column(marital_status, type=object, vocab size=7, min=Divorced, max=Widowed, has NaN=False)
Column(occupation, type=object, vocab size=15, min=?, max=Transport-moving, has NaN=False)
Column(relationship, type=object, vocab size=6, min=Husband, max=Wife, has NaN=False)
Column(race, type=object, vocab size=5, min=Amer-Indian-Eskimo, max=White, has NaN=False)
Column(sex, type=object, vocab size=2, min=Female, max=Male, has NaN=False)
Column(capital_gain, type=int64, vocab size=123, min=0, max=99999, has NaN=False)
Column(capital_loss, type=int64, vocab size=99, min=0, max=4356, has NaN=False)
Column(hours_per_week, type=int64, vocab size=96, min=1, max=99, has NaN=False)
Column(native_country, type=object, vocab size=42, min=?, max=Yugoslavia, has NaN=False))
2026-05-26 18:06:43 - sample_group.py[line:470] - INFO: sample group exists, load...
2026-05-26 18:06:43 - sample_group.py[line:473] - INFO: load finished.
2026-05-26 18:06:43 - sample_group.py[line:486] - INFO: sample features exists, load...
2026-05-26 18:06:43 - sample_group.py[line:489] - INFO: load finished.
2026-05-26 18:06:43 - feat.py[line:267] - INFO: Histo exists, load...
2026-05-26 18:06:43 - feat.py[line:270] - INFO: load finished: census
2026-05-26 18:06:43 - gen.py[line:216] - INFO: train group is being processed!
2026-05-26 18:06:44 - gen.py[line:231] - INFO: All batch ditributed!
2026-05-26 18:07:40 - main.py[line:93] - INFO: Generating dataset for single-table census on generate
2026-05-26 18:07:42 - dataset.py[line:191] - INFO: table exists, load...
2026-05-26 18:07:42 - dataset.py[line:194] - INFO: load finished: Table census (48842 rows, 4.84MB, columns:
Column(age, type=int64, vocab size=74, min=17, max=90, has NaN=False)
Column(workclass, type=object, vocab size=9, min=?, max=Without-pay, has NaN=False)
Column(education, type=object, vocab size=16, min=10th, max=Some-college, has NaN=False)
Column(education_num, type=int64, vocab size=16, min=1, max=16, has NaN=False)
Column(marital_status, type=object, vocab size=7, min=Divorced, max=Widowed, has NaN=False)
Column(occupation, type=object, vocab size=15, min=?, max=Transport-moving, has NaN=False)
Column(relationship, type=object, vocab size=6, min=Husband, max=Wife, has NaN=False)
Column(race, type=object, vocab size=5, min=Amer-Indian-Eskimo, max=White, has NaN=False)
Column(sex, type=object, vocab size=2, min=Female, max=Male, has NaN=False)
Column(capital_gain, type=int64, vocab size=123, min=0, max=99999, has NaN=False)
Column(capital_loss, type=int64, vocab size=99, min=0, max=4356, has NaN=False)
Column(hours_per_week, type=int64, vocab size=96, min=1, max=99, has NaN=False)
Column(native_country, type=object, vocab size=42, min=?, max=Yugoslavia, has NaN=False))
2026-05-26 18:07:42 - sample_group.py[line:470] - INFO: sample group exists, load...
2026-05-26 18:07:42 - sample_group.py[line:473] - INFO: load finished.
2026-05-26 18:07:42 - sample_group.py[line:486] - INFO: sample features exists, load...
2026-05-26 18:07:42 - sample_group.py[line:489] - INFO: load finished.
2026-05-26 18:07:42 - feat.py[line:267] - INFO: Histo exists, load...
2026-05-26 18:07:42 - feat.py[line:270] - INFO: load finished: census
2026-05-26 18:07:42 - gen.py[line:210] - INFO: train group is being processed!
2026-05-26 18:07:42 - gen.py[line:225] - INFO: All batch ditributed!
2026-05-26 18:08:37 - gen.py[line:39] - INFO: Query of group 12 -   1000 / 3125
2026-05-26 18:08:37 - gen.py[line:39] - INFO: Query of group 30 -   1000 / 3125
2026-05-26 18:08:38 - gen.py[line:39] - INFO: Query of group 19 -   1000 / 3125
2026-05-26 18:08:38 - gen.py[line:39] - INFO: Query of group 16 -   1000 / 3125
2026-05-26 18:08:38 - gen.py[line:39] - INFO: Query of group  5 -   1000 / 3125
2026-05-26 18:08:39 - gen.py[line:39] - INFO: Query of group  6 -   1000 / 3125
2026-05-26 18:08:39 - gen.py[line:39] - INFO: Query of group 28 -   1000 / 3125
2026-05-26 18:08:39 - gen.py[line:39] - INFO: Query of group  8 -   1000 / 3125
2026-05-26 18:08:39 - gen.py[line:39] - INFO: Query of group 23 -   1000 / 3125
2026-05-26 18:08:39 - gen.py[line:39] - INFO: Query of group 25 -   1000 / 3125
2026-05-26 18:08:39 - gen.py[line:39] - INFO: Query of group 10 -   1000 / 3125
2026-05-26 18:08:40 - gen.py[line:39] - INFO: Query of group 14 -   1000 / 3125
2026-05-26 18:08:40 - gen.py[line:39] - INFO: Query of group 24 -   1000 / 3125
2026-05-26 18:08:40 - gen.py[line:39] - INFO: Query of group  1 -   1000 / 3125
2026-05-26 18:08:40 - gen.py[line:39] - INFO: Query of group  3 -   1000 / 3125
2026-05-26 18:08:40 - gen.py[line:39] - INFO: Query of group 18 -   1000 / 3125
2026-05-26 18:08:40 - gen.py[line:39] - INFO: Query of group 17 -   1000 / 3125
2026-05-26 18:08:40 - gen.py[line:39] - INFO: Query of group  9 -   1000 / 3125
2026-05-26 18:08:40 - gen.py[line:39] - INFO: Query of group 31 -   1000 / 3125
2026-05-26 18:08:40 - gen.py[line:39] - INFO: Query of group  4 -   1000 / 3125
2026-05-26 18:08:40 - gen.py[line:39] - INFO: Query of group 20 -   1000 / 3125
2026-05-26 18:08:41 - gen.py[line:39] - INFO: Query of group  2 -   1000 / 3125
2026-05-26 18:08:41 - gen.py[line:39] - INFO: Query of group 15 -   1000 / 3125
2026-05-26 18:08:41 - gen.py[line:39] - INFO: Query of group 13 -   1000 / 3125
2026-05-26 18:08:41 - gen.py[line:39] - INFO: Query of group 11 -   1000 / 3125
2026-05-26 18:08:41 - gen.py[line:39] - INFO: Query of group 26 -   1000 / 3125
2026-05-26 18:08:41 - gen.py[line:39] - INFO: Query of group  0 -   1000 / 3125
2026-05-26 18:08:42 - gen.py[line:39] - INFO: Query of group  7 -   1000 / 3125
2026-05-26 18:08:42 - gen.py[line:39] - INFO: Query of group 22 -   1000 / 3125
2026-05-26 18:08:42 - gen.py[line:39] - INFO: Query of group 29 -   1000 / 3125
2026-05-26 18:08:42 - gen.py[line:39] - INFO: Query of group 27 -   1000 / 3125
2026-05-26 18:08:43 - gen.py[line:39] - INFO: Query of group 21 -   1000 / 3125
2026-05-26 18:09:34 - gen.py[line:39] - INFO: Query of group 12 -   2000 / 3125
2026-05-26 18:09:35 - gen.py[line:39] - INFO: Query of group 30 -   2000 / 3125
2026-05-26 18:09:36 - gen.py[line:39] - INFO: Query of group 28 -   2000 / 3125
2026-05-26 18:09:36 - gen.py[line:39] - INFO: Query of group  5 -   2000 / 3125
2026-05-26 18:09:36 - gen.py[line:39] - INFO: Query of group 16 -   2000 / 3125
2026-05-26 18:09:36 - gen.py[line:39] - INFO: Query of group 17 -   2000 / 3125
2026-05-26 18:09:36 - gen.py[line:39] - INFO: Query of group  2 -   2000 / 3125
2026-05-26 18:09:37 - gen.py[line:39] - INFO: Query of group 19 -   2000 / 3125
2026-05-26 18:09:38 - gen.py[line:39] - INFO: Query of group 25 -   2000 / 3125
2026-05-26 18:09:38 - gen.py[line:39] - INFO: Query of group 22 -   2000 / 3125
2026-05-26 18:09:38 - gen.py[line:39] - INFO: Query of group  6 -   2000 / 3125
2026-05-26 18:09:38 - gen.py[line:39] - INFO: Query of group 18 -   2000 / 3125
2026-05-26 18:09:38 - gen.py[line:39] - INFO: Query of group 15 -   2000 / 3125
2026-05-26 18:09:39 - gen.py[line:39] - INFO: Query of group 23 -   2000 / 3125
2026-05-26 18:09:39 - gen.py[line:39] - INFO: Query of group  1 -   2000 / 3125
2026-05-26 18:09:39 - gen.py[line:39] - INFO: Query of group  9 -   2000 / 3125
2026-05-26 18:09:39 - gen.py[line:39] - INFO: Query of group 10 -   2000 / 3125
2026-05-26 18:09:39 - gen.py[line:39] - INFO: Query of group 14 -   2000 / 3125
2026-05-26 18:09:39 - gen.py[line:39] - INFO: Query of group 24 -   2000 / 3125
2026-05-26 18:09:40 - gen.py[line:39] - INFO: Query of group 11 -   2000 / 3125
2026-05-26 18:09:40 - gen.py[line:39] - INFO: Query of group 20 -   2000 / 3125
2026-05-26 18:09:40 - gen.py[line:39] - INFO: Query of group  4 -   2000 / 3125
2026-05-26 18:09:40 - gen.py[line:39] - INFO: Query of group  0 -   2000 / 3125
2026-05-26 18:09:41 - gen.py[line:39] - INFO: Query of group 13 -   2000 / 3125
2026-05-26 18:09:41 - gen.py[line:39] - INFO: Query of group 31 -   2000 / 3125
2026-05-26 18:09:41 - gen.py[line:39] - INFO: Query of group  3 -   2000 / 3125
2026-05-26 18:09:41 - gen.py[line:39] - INFO: Query of group 26 -   2000 / 3125
2026-05-26 18:09:41 - gen.py[line:39] - INFO: Query of group  7 -   2000 / 3125
2026-05-26 18:09:41 - gen.py[line:39] - INFO: Query of group 29 -   2000 / 3125
2026-05-26 18:09:42 - gen.py[line:39] - INFO: Query of group 27 -   2000 / 3125
2026-05-26 18:09:43 - gen.py[line:39] - INFO: Query of group  8 -   2000 / 3125
2026-05-26 18:09:43 - gen.py[line:39] - INFO: Query of group 21 -   2000 / 3125
2026-05-26 18:10:30 - gen.py[line:39] - INFO: Query of group 28 -   3000 / 3125
2026-05-26 18:10:35 - gen.py[line:39] - INFO: Query of group 25 -   3000 / 3125
2026-05-26 18:10:35 - gen.py[line:39] - INFO: Query of group 17 -   3000 / 3125
2026-05-26 18:10:35 - gen.py[line:39] - INFO: Query of group 12 -   3000 / 3125
2026-05-26 18:10:35 - gen.py[line:39] - INFO: Query of group 23 -   3000 / 3125
2026-05-26 18:10:35 - gen.py[line:39] - INFO: Query of group 30 -   3000 / 3125
2026-05-26 18:10:35 - gen.py[line:39] - INFO: Query of group  6 -   3000 / 3125
2026-05-26 18:10:36 - gen.py[line:39] - INFO: Query of group 15 -   3000 / 3125
2026-05-26 18:10:37 - gen.py[line:39] - INFO: Query of group 19 -   3000 / 3125
2026-05-26 18:10:37 - gen.py[line:39] - INFO: Query of group  1 -   3000 / 3125
2026-05-26 18:10:38 - gen.py[line:39] - INFO: Query of group  2 -   3000 / 3125
2026-05-26 18:10:38 - gen.py[line:39] - INFO: Query of group  5 -   3000 / 3125
2026-05-26 18:10:38 - gen.py[line:39] - INFO: Query of group 18 -   3000 / 3125
2026-05-26 18:10:38 - gen.py[line:39] - INFO: Query of group 24 -   3000 / 3125
2026-05-26 18:10:38 - gen.py[line:39] - INFO: Query of group 22 -   3000 / 3125
2026-05-26 18:10:39 - gen.py[line:39] - INFO: Query of group 14 -   3000 / 3125
2026-05-26 18:10:39 - gen.py[line:39] - INFO: Query of group  9 -   3000 / 3125
2026-05-26 18:10:39 - gen.py[line:39] - INFO: Query of group 10 -   3000 / 3125
2026-05-26 18:10:39 - gen.py[line:39] - INFO: Query of group  3 -   3000 / 3125
2026-05-26 18:10:40 - gen.py[line:39] - INFO: Query of group  0 -   3000 / 3125
2026-05-26 18:10:40 - gen.py[line:39] - INFO: Query of group  7 -   3000 / 3125
2026-05-26 18:10:40 - gen.py[line:39] - INFO: Query of group 20 -   3000 / 3125
2026-05-26 18:10:41 - gen.py[line:39] - INFO: Query of group 16 -   3000 / 3125
2026-05-26 18:10:41 - gen.py[line:39] - INFO: Query of group 31 -   3000 / 3125
2026-05-26 18:10:41 - gen.py[line:39] - INFO: Query of group 29 -   3000 / 3125
2026-05-26 18:10:41 - gen.py[line:39] - INFO: Query of group 21 -   3000 / 3125
2026-05-26 18:10:42 - gen.py[line:39] - INFO: Query of group 13 -   3000 / 3125
2026-05-26 18:10:43 - gen.py[line:39] - INFO: Query of group  8 -   3000 / 3125
2026-05-26 18:10:43 - gen.py[line:39] - INFO: Query of group 27 -   3000 / 3125
2026-05-26 18:10:43 - gen.py[line:39] - INFO: Query of group 11 -   3000 / 3125
2026-05-26 18:10:44 - gen.py[line:39] - INFO: Query of group 26 -   3000 / 3125
2026-05-26 18:10:47 - gen.py[line:39] - INFO: Query of group  4 -   3000 / 3125
2026-05-26 18:11:04 - gen.py[line:239] - INFO: Saving records of group train
2026-05-26 18:12:12 - gen.py[line:210] - INFO: valid group is being processed!
2026-05-26 18:12:19 - gen.py[line:225] - INFO: All batch ditributed!
2026-05-26 18:12:40 - gen.py[line:239] - INFO: Saving records of group valid
2026-05-26 18:12:46 - gen.py[line:252] - INFO: Generating Dataset Time Cost Summary as Follows:
2026-05-26 18:12:46 - gen.py[line:253] - INFO: Main Thread Total time 5.081554476420084 min.
2026-05-26 18:12:46 - gen.py[line:254] - INFO: Distribute Process time 0.13755051294962564 min. 2.7068589658519002% of total time.
2026-05-26 18:12:46 - gen.py[line:255] - INFO: Waiting Process time 3.705960551897685 min. 72.92966294259833% of total time.
2026-05-26 18:12:46 - gen.py[line:256] - INFO: Saving Records time 1.2380078872044882 min. 24.362779006880885% of total time.
2026-05-26 18:12:46 - gen.py[line:257] - INFO: Df time 0.10526507298151652 min. 8.502778865101797% of total time.
2026-05-26 18:12:46 - gen.py[line:258] - INFO: ToDisk time 0.005699872970581055 min. 0.4604068382352379% of total time.
2026-05-26 18:12:46 - gen.py[line:264] - INFO: Calculating Time as Follows:
2026-05-26 18:12:46 - gen.py[line:265] - INFO: Total cal time 10.129886623223623 min. 199.3462171906115% of total time.
2026-05-26 18:12:46 - gen.py[line:266] - INFO: Ground Turth time 1.0448995272318522 min. 10.315016999660505% of total cal time.
2026-05-26 18:12:46 - gen.py[line:267] - INFO: Sample Group time 8.679075622558594 min. 85.67791472276775% of total cal time.
2026-05-26 18:12:46 - gen.py[line:268] - INFO: Query Vector time 0.3880843997001648 min. 3.831083349051987% of total cal time.
2026-05-26 18:12:46 - gen.py[line:269] - INFO: Packing time 0.017827073733011883 min. 0.17598492851975073% of total cal time.
2026-05-26 18:13:12 - main.py[line:103] - INFO: Training for single-table census on generate
2026-05-26 18:19:22 - main.py[line:103] - INFO: Training for single-table census on generate
2026-05-26 18:35:40 - main.py[line:93] - INFO: Generating dataset for single-table census on generate
2026-05-26 18:35:42 - dataset.py[line:191] - INFO: table exists, load...
2026-05-26 18:35:42 - dataset.py[line:194] - INFO: load finished: Table census (48842 rows, 4.84MB, columns:
Column(age, type=int64, vocab size=74, min=17, max=90, has NaN=False)
Column(workclass, type=object, vocab size=9, min=?, max=Without-pay, has NaN=False)
Column(education, type=object, vocab size=16, min=10th, max=Some-college, has NaN=False)
Column(education_num, type=int64, vocab size=16, min=1, max=16, has NaN=False)
Column(marital_status, type=object, vocab size=7, min=Divorced, max=Widowed, has NaN=False)
Column(occupation, type=object, vocab size=15, min=?, max=Transport-moving, has NaN=False)
Column(relationship, type=object, vocab size=6, min=Husband, max=Wife, has NaN=False)
Column(race, type=object, vocab size=5, min=Amer-Indian-Eskimo, max=White, has NaN=False)
Column(sex, type=object, vocab size=2, min=Female, max=Male, has NaN=False)
Column(capital_gain, type=int64, vocab size=123, min=0, max=99999, has NaN=False)
Column(capital_loss, type=int64, vocab size=99, min=0, max=4356, has NaN=False)
Column(hours_per_week, type=int64, vocab size=96, min=1, max=99, has NaN=False)
Column(native_country, type=object, vocab size=42, min=?, max=Yugoslavia, has NaN=False))
2026-05-26 18:35:42 - sample_group.py[line:470] - INFO: sample group exists, load...
2026-05-26 18:35:42 - sample_group.py[line:473] - INFO: load finished.
2026-05-26 18:35:42 - sample_group.py[line:486] - INFO: sample features exists, load...
2026-05-26 18:35:42 - sample_group.py[line:489] - INFO: load finished.
2026-05-26 18:35:42 - feat.py[line:267] - INFO: Histo exists, load...
2026-05-26 18:35:42 - feat.py[line:270] - INFO: load finished: census
2026-05-26 18:35:42 - gen.py[line:210] - INFO: train group is being processed!
2026-05-26 18:35:42 - gen.py[line:225] - INFO: All batch ditributed!
2026-05-26 18:36:37 - gen.py[line:39] - INFO: Query of group 12 -   1000 / 3125
2026-05-26 18:36:38 - gen.py[line:39] - INFO: Query of group 30 -   1000 / 3125
2026-05-26 18:36:38 - gen.py[line:39] - INFO: Query of group 16 -   1000 / 3125
2026-05-26 18:36:38 - gen.py[line:39] - INFO: Query of group 19 -   1000 / 3125
2026-05-26 18:36:39 - gen.py[line:39] - INFO: Query of group 28 -   1000 / 3125
2026-05-26 18:36:39 - gen.py[line:39] - INFO: Query of group 10 -   1000 / 3125
2026-05-26 18:36:39 - gen.py[line:39] - INFO: Query of group 23 -   1000 / 3125
2026-05-26 18:36:39 - gen.py[line:39] - INFO: Query of group 25 -   1000 / 3125
2026-05-26 18:36:39 - gen.py[line:39] - INFO: Query of group  1 -   1000 / 3125
2026-05-26 18:36:40 - gen.py[line:39] - INFO: Query of group  4 -   1000 / 3125
2026-05-26 18:36:40 - gen.py[line:39] - INFO: Query of group  5 -   1000 / 3125
2026-05-26 18:36:40 - gen.py[line:39] - INFO: Query of group  6 -   1000 / 3125
2026-05-26 18:36:40 - gen.py[line:39] - INFO: Query of group 31 -   1000 / 3125
2026-05-26 18:36:40 - gen.py[line:39] - INFO: Query of group  2 -   1000 / 3125
2026-05-26 18:36:40 - gen.py[line:39] - INFO: Query of group 15 -   1000 / 3125
2026-05-26 18:36:40 - gen.py[line:39] - INFO: Query of group  3 -   1000 / 3125
2026-05-26 18:36:40 - gen.py[line:39] - INFO: Query of group  8 -   1000 / 3125
2026-05-26 18:36:40 - gen.py[line:39] - INFO: Query of group 17 -   1000 / 3125
2026-05-26 18:36:41 - gen.py[line:39] - INFO: Query of group 13 -   1000 / 3125
2026-05-26 18:36:41 - gen.py[line:39] - INFO: Query of group 24 -   1000 / 3125
2026-05-26 18:36:41 - gen.py[line:39] - INFO: Query of group 18 -   1000 / 3125
2026-05-26 18:36:41 - gen.py[line:39] - INFO: Query of group 14 -   1000 / 3125
2026-05-26 18:36:41 - gen.py[line:39] - INFO: Query of group  9 -   1000 / 3125
2026-05-26 18:36:41 - gen.py[line:39] - INFO: Query of group  7 -   1000 / 3125
2026-05-26 18:36:41 - gen.py[line:39] - INFO: Query of group 20 -   1000 / 3125
2026-05-26 18:36:42 - gen.py[line:39] - INFO: Query of group 22 -   1000 / 3125
2026-05-26 18:36:42 - gen.py[line:39] - INFO: Query of group 11 -   1000 / 3125
2026-05-26 18:36:42 - gen.py[line:39] - INFO: Query of group 29 -   1000 / 3125
2026-05-26 18:36:42 - gen.py[line:39] - INFO: Query of group  0 -   1000 / 3125
2026-05-26 18:36:43 - gen.py[line:39] - INFO: Query of group 27 -   1000 / 3125
2026-05-26 18:36:43 - gen.py[line:39] - INFO: Query of group 26 -   1000 / 3125
2026-05-26 18:36:44 - gen.py[line:39] - INFO: Query of group 21 -   1000 / 3125
2026-05-26 18:37:34 - gen.py[line:39] - INFO: Query of group 16 -   2000 / 3125
2026-05-26 18:37:36 - gen.py[line:39] - INFO: Query of group 28 -   2000 / 3125
2026-05-26 18:37:36 - gen.py[line:39] - INFO: Query of group 30 -   2000 / 3125
2026-05-26 18:37:38 - gen.py[line:39] - INFO: Query of group  1 -   2000 / 3125
2026-05-26 18:37:38 - gen.py[line:39] - INFO: Query of group  5 -   2000 / 3125
2026-05-26 18:37:39 - gen.py[line:39] - INFO: Query of group 23 -   2000 / 3125
2026-05-26 18:37:39 - gen.py[line:39] - INFO: Query of group 13 -   2000 / 3125
2026-05-26 18:37:39 - gen.py[line:39] - INFO: Query of group 31 -   2000 / 3125
2026-05-26 18:37:40 - gen.py[line:39] - INFO: Query of group 17 -   2000 / 3125
2026-05-26 18:37:40 - gen.py[line:39] - INFO: Query of group 12 -   2000 / 3125
2026-05-26 18:37:40 - gen.py[line:39] - INFO: Query of group  7 -   2000 / 3125
2026-05-26 18:37:41 - gen.py[line:39] - INFO: Query of group  2 -   2000 / 3125
2026-05-26 18:37:41 - gen.py[line:39] - INFO: Query of group 19 -   2000 / 3125
2026-05-26 18:37:42 - gen.py[line:39] - INFO: Query of group  0 -   2000 / 3125
2026-05-26 18:37:42 - gen.py[line:39] - INFO: Query of group 27 -   2000 / 3125
2026-05-26 18:37:42 - gen.py[line:39] - INFO: Query of group 10 -   2000 / 3125
2026-05-26 18:37:42 - gen.py[line:39] - INFO: Query of group  9 -   2000 / 3125
2026-05-26 18:37:42 - gen.py[line:39] - INFO: Query of group 20 -   2000 / 3125
2026-05-26 18:37:42 - gen.py[line:39] - INFO: Query of group 15 -   2000 / 3125
2026-05-26 18:37:42 - gen.py[line:39] - INFO: Query of group 18 -   2000 / 3125
2026-05-26 18:37:43 - gen.py[line:39] - INFO: Query of group 25 -   2000 / 3125
2026-05-26 18:37:43 - gen.py[line:39] - INFO: Query of group 11 -   2000 / 3125
2026-05-26 18:37:43 - gen.py[line:39] - INFO: Query of group 22 -   2000 / 3125
2026-05-26 18:37:44 - gen.py[line:39] - INFO: Query of group  4 -   2000 / 3125
2026-05-26 18:37:44 - gen.py[line:39] - INFO: Query of group 14 -   2000 / 3125
2026-05-26 18:37:44 - gen.py[line:39] - INFO: Query of group 29 -   2000 / 3125
2026-05-26 18:37:45 - gen.py[line:39] - INFO: Query of group 24 -   2000 / 3125
2026-05-26 18:37:45 - gen.py[line:39] - INFO: Query of group  6 -   2000 / 3125
2026-05-26 18:37:46 - gen.py[line:39] - INFO: Query of group 21 -   2000 / 3125
2026-05-26 18:37:46 - gen.py[line:39] - INFO: Query of group 26 -   2000 / 3125
2026-05-26 18:37:47 - gen.py[line:39] - INFO: Query of group  3 -   2000 / 3125
2026-05-26 18:37:48 - gen.py[line:39] - INFO: Query of group  8 -   2000 / 3125
2026-05-26 18:38:32 - gen.py[line:39] - INFO: Query of group 28 -   3000 / 3125
2026-05-26 18:38:36 - gen.py[line:39] - INFO: Query of group 23 -   3000 / 3125
2026-05-26 18:38:39 - gen.py[line:39] - INFO: Query of group 31 -   3000 / 3125
2026-05-26 18:38:39 - gen.py[line:39] - INFO: Query of group 16 -   3000 / 3125
2026-05-26 18:38:40 - gen.py[line:39] - INFO: Query of group 30 -   3000 / 3125
2026-05-26 18:38:40 - gen.py[line:39] - INFO: Query of group 13 -   3000 / 3125
2026-05-26 18:38:45 - gen.py[line:39] - INFO: Query of group  1 -   3000 / 3125
2026-05-26 18:38:46 - gen.py[line:39] - INFO: Query of group 27 -   3000 / 3125
2026-05-26 18:38:47 - gen.py[line:39] - INFO: Query of group 10 -   3000 / 3125
2026-05-26 18:38:48 - gen.py[line:39] - INFO: Query of group  5 -   3000 / 3125
2026-05-26 18:38:48 - gen.py[line:39] - INFO: Query of group  9 -   3000 / 3125
2026-05-26 18:38:52 - gen.py[line:39] - INFO: Query of group  0 -   3000 / 3125
2026-05-26 18:38:52 - gen.py[line:39] - INFO: Query of group 25 -   3000 / 3125
2026-05-26 18:38:53 - gen.py[line:39] - INFO: Query of group  7 -   3000 / 3125
2026-05-26 18:38:53 - gen.py[line:39] - INFO: Query of group 18 -   3000 / 3125
2026-05-26 18:38:53 - gen.py[line:39] - INFO: Query of group  3 -   3000 / 3125
2026-05-26 18:38:53 - gen.py[line:39] - INFO: Query of group  2 -   3000 / 3125
2026-05-26 18:38:54 - gen.py[line:39] - INFO: Query of group 15 -   3000 / 3125
2026-05-26 18:38:55 - gen.py[line:39] - INFO: Query of group 17 -   3000 / 3125
2026-05-26 18:38:55 - gen.py[line:39] - INFO: Query of group 12 -   3000 / 3125
2026-05-26 18:38:55 - gen.py[line:39] - INFO: Query of group  6 -   3000 / 3125
2026-05-26 18:38:57 - gen.py[line:39] - INFO: Query of group 24 -   3000 / 3125
2026-05-26 18:38:57 - gen.py[line:39] - INFO: Query of group 26 -   3000 / 3125
2026-05-26 18:38:57 - gen.py[line:39] - INFO: Query of group 21 -   3000 / 3125
2026-05-26 18:38:57 - gen.py[line:39] - INFO: Query of group 20 -   3000 / 3125
2026-05-26 18:38:57 - gen.py[line:39] - INFO: Query of group 29 -   3000 / 3125
2026-05-26 18:38:59 - gen.py[line:39] - INFO: Query of group 22 -   3000 / 3125
2026-05-26 18:38:59 - gen.py[line:39] - INFO: Query of group 19 -   3000 / 3125
2026-05-26 18:39:00 - gen.py[line:39] - INFO: Query of group  4 -   3000 / 3125
2026-05-26 18:39:00 - gen.py[line:39] - INFO: Query of group 11 -   3000 / 3125
2026-05-26 18:39:00 - gen.py[line:39] - INFO: Query of group 14 -   3000 / 3125
2026-05-26 18:39:03 - gen.py[line:39] - INFO: Query of group  8 -   3000 / 3125
2026-05-26 18:39:15 - gen.py[line:239] - INFO: Saving records of group train
2026-05-26 18:40:32 - gen.py[line:210] - INFO: valid group is being processed!
2026-05-26 18:40:39 - gen.py[line:225] - INFO: All batch ditributed!
2026-05-26 18:41:03 - gen.py[line:239] - INFO: Saving records of group valid
2026-05-26 18:41:08 - gen.py[line:210] - INFO: test group is being processed!
2026-05-26 18:41:13 - gen.py[line:225] - INFO: All batch ditributed!
2026-05-26 18:41:34 - gen.py[line:239] - INFO: Saving records of group test
2026-05-26 18:41:40 - gen.py[line:252] - INFO: Generating Dataset Time Cost Summary as Follows:
2026-05-26 18:41:40 - gen.py[line:253] - INFO: Main Thread Total time 5.977510492006938 min.
2026-05-26 18:41:40 - gen.py[line:254] - INFO: Distribute Process time 0.18959882259368896 min. 3.171869340040782% of total time.
2026-05-26 18:41:40 - gen.py[line:255] - INFO: Waiting Process time 4.30465986331304 min. 72.01425859593529% of total time.
2026-05-26 18:41:40 - gen.py[line:256] - INFO: Saving Records time 1.4831985394159954 min. 24.812980945818705% of total time.
2026-05-26 18:41:40 - gen.py[line:257] - INFO: Df time 0.09115171035130819 min. 6.145617591236227% of total time.
2026-05-26 18:41:40 - gen.py[line:258] - INFO: ToDisk time 0.005783383051554362 min. 0.38992642575224956% of total time.
2026-05-26 18:41:40 - gen.py[line:264] - INFO: Calculating Time as Follows:
2026-05-26 18:41:40 - gen.py[line:265] - INFO: Total cal time 10.99720468123754 min. 183.97633422714827% of total time.
2026-05-26 18:41:40 - gen.py[line:266] - INFO: Ground Turth time 1.1086451848347978 min. 10.08115441123207% of total cal time.
2026-05-26 18:41:40 - gen.py[line:267] - INFO: Sample Group time 9.457894098758699 min. 86.0027104423629% of total cal time.
2026-05-26 18:41:40 - gen.py[line:268] - INFO: Query Vector time 0.40953720013300565 min. 3.7240118012145573% of total cal time.
2026-05-26 18:41:40 - gen.py[line:269] - INFO: Packing time 0.021128197511037186 min. 0.19212334519047602% of total cal time.
2026-05-26 18:43:02 - main.py[line:103] - INFO: Training for single-table census on generate
2026-05-26 19:12:15 - main.py[line:93] - INFO: Generating dataset for single-table forest on generate
2026-05-26 19:12:17 - dataset.py[line:191] - INFO: table exists, load...
2026-05-26 19:12:17 - dataset.py[line:194] - INFO: load finished: Table forest (581012 rows, 44.33MB, columns:
Column(Elevation, type=int64, vocab size=1978, min=1859, max=3858, has NaN=False)
Column(Aspect, type=int64, vocab size=361, min=0, max=360, has NaN=False)
Column(Slope, type=int64, vocab size=67, min=0, max=66, has NaN=False)
Column(Horizontal_Distance_To_Hydrology, type=int64, vocab size=551, min=0, max=1397, has NaN=False)
Column(Vertical_Distance_To_Hydrology, type=int64, vocab size=700, min=-173, max=601, has NaN=False)
Column(Horizontal_Distance_To_Roadways, type=int64, vocab size=5785, min=0, max=7117, has NaN=False)
Column(Hillshade_9am, type=int64, vocab size=207, min=0, max=254, has NaN=False)
Column(Hillshade_Noon, type=int64, vocab size=185, min=0, max=254, has NaN=False)
Column(Hillshade_3pm, type=int64, vocab size=255, min=0, max=254, has NaN=False)
Column(Horizontal_Distance_To_Fire_Points, type=int64, vocab size=5827, min=0, max=7173, has NaN=False))
2026-05-26 19:12:17 - sample_group.py[line:470] - INFO: sample group exists, load...
2026-05-26 19:12:17 - sample_group.py[line:473] - INFO: load finished.
2026-05-26 19:12:17 - sample_group.py[line:486] - INFO: sample features exists, load...
2026-05-26 19:12:17 - sample_group.py[line:489] - INFO: load finished.
2026-05-26 19:12:17 - feat.py[line:267] - INFO: Histo exists, load...
2026-05-26 19:12:17 - feat.py[line:270] - INFO: load finished: forest
2026-05-26 19:12:17 - gen.py[line:210] - INFO: train group is being processed!
2026-05-26 19:12:18 - gen.py[line:225] - INFO: All batch ditributed!
2026-05-26 19:14:32 - gen.py[line:39] - INFO: Query of group 13 -   1000 / 3125
2026-05-26 19:14:36 - gen.py[line:39] - INFO: Query of group 30 -   1000 / 3125
2026-05-26 19:14:39 - gen.py[line:39] - INFO: Query of group  9 -   1000 / 3125
2026-05-26 19:14:43 - gen.py[line:39] - INFO: Query of group 29 -   1000 / 3125
2026-05-26 19:14:45 - gen.py[line:39] - INFO: Query of group  8 -   1000 / 3125
2026-05-26 19:14:53 - gen.py[line:39] - INFO: Query of group 26 -   1000 / 3125
2026-05-26 19:14:54 - gen.py[line:39] - INFO: Query of group 10 -   1000 / 3125
2026-05-26 19:14:58 - gen.py[line:39] - INFO: Query of group  3 -   1000 / 3125
2026-05-26 19:15:01 - gen.py[line:39] - INFO: Query of group 16 -   1000 / 3125
2026-05-26 19:15:05 - gen.py[line:39] - INFO: Query of group 20 -   1000 / 3125
2026-05-26 19:15:07 - gen.py[line:39] - INFO: Query of group 17 -   1000 / 3125
2026-05-26 19:15:15 - gen.py[line:39] - INFO: Query of group 12 -   1000 / 3125
2026-05-26 19:16:37 - gen.py[line:39] - INFO: Query of group  8 -   2000 / 3125
2026-05-26 19:16:38 - gen.py[line:39] - INFO: Query of group 30 -   2000 / 3125
2026-05-26 19:16:44 - gen.py[line:39] - INFO: Query of group 10 -   2000 / 3125
2026-05-26 19:16:46 - gen.py[line:39] - INFO: Query of group 21 -   1000 / 3125
2026-05-26 19:16:50 - gen.py[line:39] - INFO: Query of group 28 -   1000 / 3125
2026-05-26 19:16:55 - gen.py[line:39] - INFO: Query of group  4 -   1000 / 3125
2026-05-26 19:16:56 - gen.py[line:39] - INFO: Query of group  9 -   2000 / 3125
2026-05-26 19:17:02 - gen.py[line:39] - INFO: Query of group 26 -   2000 / 3125
2026-05-26 19:17:05 - gen.py[line:39] - INFO: Query of group 16 -   2000 / 3125
2026-05-26 19:17:06 - gen.py[line:39] - INFO: Query of group 29 -   2000 / 3125
2026-05-26 19:17:08 - gen.py[line:39] - INFO: Query of group 27 -   1000 / 3125
2026-05-26 19:17:19 - gen.py[line:39] - INFO: Query of group  6 -   1000 / 3125
2026-05-26 19:17:23 - gen.py[line:39] - INFO: Query of group 20 -   2000 / 3125
2026-05-26 19:17:26 - gen.py[line:39] - INFO: Query of group 17 -   2000 / 3125
2026-05-26 19:17:31 - gen.py[line:39] - INFO: Query of group  3 -   2000 / 3125
2026-05-26 19:17:36 - gen.py[line:39] - INFO: Query of group 12 -   2000 / 3125
2026-05-26 19:18:08 - gen.py[line:39] - INFO: Query of group 31 -   1000 / 3125
2026-05-26 19:18:17 - gen.py[line:39] - INFO: Query of group 11 -   1000 / 3125
2026-05-26 19:18:20 - gen.py[line:39] - INFO: Query of group  5 -   1000 / 3125
2026-05-26 19:18:24 - gen.py[line:39] - INFO: Query of group 22 -   1000 / 3125
2026-05-26 19:18:26 - gen.py[line:39] - INFO: Query of group 15 -   1000 / 3125
2026-05-26 19:18:34 - gen.py[line:39] - INFO: Query of group 18 -   1000 / 3125
2026-05-26 19:18:53 - gen.py[line:39] - INFO: Query of group 10 -   3000 / 3125
2026-05-26 19:18:58 - gen.py[line:39] - INFO: Query of group 19 -   1000 / 3125
2026-05-26 19:18:59 - gen.py[line:39] - INFO: Query of group  8 -   3000 / 3125
2026-05-26 19:19:11 - gen.py[line:39] - INFO: Query of group 30 -   3000 / 3125
2026-05-26 19:19:13 - gen.py[line:39] - INFO: Query of group 23 -   1000 / 3125
2026-05-26 19:19:22 - gen.py[line:39] - INFO: Query of group 26 -   3000 / 3125
2026-05-26 19:19:22 - gen.py[line:39] - INFO: Query of group 29 -   3000 / 3125
2026-05-26 19:19:23 - gen.py[line:39] - INFO: Query of group 25 -   1000 / 3125
2026-05-26 19:19:34 - gen.py[line:39] - INFO: Query of group  9 -   3000 / 3125
2026-05-26 19:19:39 - gen.py[line:39] - INFO: Query of group 17 -   3000 / 3125
2026-05-26 19:19:42 - gen.py[line:39] - INFO: Query of group 20 -   3000 / 3125
2026-05-26 19:19:42 - gen.py[line:39] - INFO: Query of group 16 -   3000 / 3125
2026-05-26 19:19:43 - gen.py[line:39] - INFO: Query of group  7 -   1000 / 3125
2026-05-26 19:19:46 - gen.py[line:39] - INFO: Query of group 12 -   3000 / 3125
2026-05-26 19:19:47 - gen.py[line:39] - INFO: Query of group  0 -   1000 / 3125
2026-05-26 19:19:52 - gen.py[line:39] - INFO: Query of group  1 -   1000 / 3125
2026-05-26 19:19:56 - gen.py[line:39] - INFO: Query of group 28 -   2000 / 3125
2026-05-26 19:20:00 - gen.py[line:39] - INFO: Query of group 24 -   1000 / 3125
2026-05-26 19:20:04 - gen.py[line:39] - INFO: Query of group 14 -   1000 / 3125
2026-05-26 19:20:06 - gen.py[line:39] - INFO: Query of group  3 -   3000 / 3125
2026-05-26 19:20:07 - gen.py[line:39] - INFO: Query of group  2 -   1000 / 3125
2026-05-26 19:20:34 - gen.py[line:39] - INFO: Query of group 22 -   2000 / 3125
2026-05-26 19:20:45 - gen.py[line:39] - INFO: Query of group  4 -   2000 / 3125
2026-05-26 19:20:54 - gen.py[line:39] - INFO: Query of group  6 -   2000 / 3125
2026-05-26 19:20:59 - gen.py[line:39] - INFO: Query of group 13 -   2000 / 3125
2026-05-26 19:21:05 - gen.py[line:39] - INFO: Query of group 21 -   2000 / 3125
2026-05-26 19:21:08 - gen.py[line:39] - INFO: Query of group 19 -   2000 / 3125
2026-05-26 19:21:15 - gen.py[line:39] - INFO: Query of group 27 -   2000 / 3125
2026-05-26 19:21:17 - gen.py[line:39] - INFO: Query of group 15 -   2000 / 3125
2026-05-26 19:21:17 - gen.py[line:39] - INFO: Query of group 18 -   2000 / 3125
2026-05-26 19:21:36 - gen.py[line:39] - INFO: Query of group 31 -   2000 / 3125
2026-05-26 19:21:49 - gen.py[line:39] - INFO: Query of group 28 -   3000 / 3125
2026-05-26 19:21:50 - gen.py[line:39] - INFO: Query of group 11 -   2000 / 3125
2026-05-26 19:21:55 - gen.py[line:39] - INFO: Query of group 24 -   2000 / 3125
2026-05-26 19:21:56 - gen.py[line:39] - INFO: Query of group  5 -   2000 / 3125
2026-05-26 19:22:04 - gen.py[line:39] - INFO: Query of group 22 -   3000 / 3125
2026-05-26 19:22:06 - gen.py[line:39] - INFO: Query of group  7 -   2000 / 3125
2026-05-26 19:22:12 - gen.py[line:39] - INFO: Query of group 23 -   2000 / 3125
2026-05-26 19:22:59 - gen.py[line:39] - INFO: Query of group  6 -   3000 / 3125
2026-05-26 19:23:01 - gen.py[line:39] - INFO: Query of group 18 -   3000 / 3125
2026-05-26 19:23:08 - gen.py[line:39] - INFO: Query of group 15 -   3000 / 3125
2026-05-26 19:23:15 - gen.py[line:39] - INFO: Query of group 13 -   3000 / 3125
2026-05-26 19:23:20 - gen.py[line:39] - INFO: Query of group 31 -   3000 / 3125
2026-05-26 19:23:26 - gen.py[line:39] - INFO: Query of group  1 -   2000 / 3125
2026-05-26 19:23:27 - gen.py[line:39] - INFO: Query of group  0 -   2000 / 3125
2026-05-26 19:23:29 - gen.py[line:39] - INFO: Query of group 25 -   2000 / 3125
2026-05-26 19:23:31 - gen.py[line:39] - INFO: Query of group 24 -   3000 / 3125
2026-05-26 19:23:33 - gen.py[line:39] - INFO: Query of group 27 -   3000 / 3125
2026-05-26 19:23:36 - gen.py[line:39] - INFO: Query of group 19 -   3000 / 3125
2026-05-26 19:23:37 - gen.py[line:39] - INFO: Query of group  4 -   3000 / 3125
2026-05-26 19:23:38 - gen.py[line:39] - INFO: Query of group 14 -   2000 / 3125
2026-05-26 19:23:42 - gen.py[line:39] - INFO: Query of group  2 -   2000 / 3125
2026-05-26 19:23:43 - gen.py[line:39] - INFO: Query of group 21 -   3000 / 3125
2026-05-26 19:24:01 - gen.py[line:39] - INFO: Query of group 11 -   3000 / 3125
2026-05-26 19:24:06 - gen.py[line:39] - INFO: Query of group  5 -   3000 / 3125
2026-05-26 19:24:11 - gen.py[line:39] - INFO: Query of group 23 -   3000 / 3125
2026-05-26 19:24:16 - gen.py[line:39] - INFO: Query of group  7 -   3000 / 3125
2026-05-26 19:24:43 - gen.py[line:39] - INFO: Query of group  0 -   3000 / 3125
2026-05-26 19:24:43 - gen.py[line:39] - INFO: Query of group  1 -   3000 / 3125
2026-05-26 19:24:44 - gen.py[line:39] - INFO: Query of group 25 -   3000 / 3125
2026-05-26 19:24:46 - gen.py[line:39] - INFO: Query of group 14 -   3000 / 3125
2026-05-26 19:24:52 - gen.py[line:39] - INFO: Query of group  2 -   3000 / 3125
2026-05-26 19:25:01 - gen.py[line:239] - INFO: Saving records of group train
2026-05-26 19:26:29 - gen.py[line:210] - INFO: valid group is being processed!
2026-05-26 19:26:43 - gen.py[line:225] - INFO: All batch ditributed!
2026-05-26 19:27:38 - gen.py[line:239] - INFO: Saving records of group valid
2026-05-26 19:27:45 - gen.py[line:210] - INFO: test group is being processed!
2026-05-26 19:28:01 - gen.py[line:225] - INFO: All batch ditributed!
2026-05-26 19:28:52 - gen.py[line:239] - INFO: Saving records of group test
2026-05-26 19:28:59 - gen.py[line:252] - INFO: Generating Dataset Time Cost Summary as Follows:
2026-05-26 19:28:59 - gen.py[line:253] - INFO: Main Thread Total time 16.696797931194304 min.
2026-05-26 19:28:59 - gen.py[line:254] - INFO: Distribute Process time 0.5234423637390136 min. 3.134986515953915% of total time.
2026-05-26 19:28:59 - gen.py[line:255] - INFO: Waiting Process time 14.482145841916402 min. 86.73606700875077% of total time.
2026-05-26 19:28:59 - gen.py[line:256] - INFO: Saving Records time 1.6911014596621194 min. 10.128298052302995% of total time.
2026-05-26 19:28:59 - gen.py[line:257] - INFO: Df time 0.10514218807220459 min. 6.217379062118006% of total time.
2026-05-26 19:28:59 - gen.py[line:258] - INFO: ToDisk time 0.004988475640614828 min. 0.29498381732882667% of total time.
2026-05-26 19:28:59 - gen.py[line:264] - INFO: Calculating Time as Follows:
2026-05-26 19:28:59 - gen.py[line:265] - INFO: Total cal time 28.443810081481928 min. 170.35488001169918% of total time.
2026-05-26 19:28:59 - gen.py[line:266] - INFO: Ground Turth time 11.527730067571001 min. 40.528079868864054% of total cal time.
2026-05-26 19:28:59 - gen.py[line:267] - INFO: Sample Group time 16.732736464341478 min. 58.827338589337465% of total cal time.
2026-05-26 19:28:59 - gen.py[line:268] - INFO: Query Vector time 0.13907490571339923 min. 0.4889461197884408% of total cal time.
2026-05-26 19:28:59 - gen.py[line:269] - INFO: Packing time 0.044268643856048576 min. 0.15563542201003955% of total cal time.
2026-05-26 19:30:18 - main.py[line:103] - INFO: Training for single-table forest on generate
2026-05-26 19:59:31 - main.py[line:93] - INFO: Generating dataset for single-table power on generat
2026-05-26 19:59:33 - dataset.py[line:217] - INFO: csv to pkl in path output/temp/table/power.pkl
2026-05-26 19:59:33 - dataset.py[line:82] - INFO: start building data power...
2026-05-26 19:59:33 - dataset.py[line:92] - INFO: build finished: Table power (2075259 rows, 110.83MB, columns:
Column(Global_active_power, type=float64, vocab size=4187, min=-1.0, max=11.122, has NaN=False)
Column(Global_reactive_power, type=float64, vocab size=533, min=-1.0, max=1.39, has NaN=False)
Column(Voltage, type=float64, vocab size=2838, min=-1.0, max=254.15, has NaN=False)
Column(Global_intensity, type=float64, vocab size=222, min=-1.0, max=48.4, has NaN=False)
Column(Sub_metering_1, type=float64, vocab size=89, min=-1.0, max=88.0, has NaN=False)
Column(Sub_metering_2, type=float64, vocab size=82, min=-1.0, max=80.0, has NaN=False)
Column(Sub_metering_3, type=float64, vocab size=33, min=-1.0, max=31.0, has NaN=False))
2026-05-26 19:59:33 - dataset.py[line:201] - INFO: write table to disk...
2026-05-26 19:59:34 - sample_group.py[line:32] - INFO: All set Sampling Group has been established!
2026-05-26 19:59:36 - sample_group.py[line:51] - INFO: All Distribute Col Sampling Group has been established!
2026-05-26 19:59:36 - sample_group.py[line:52] - INFO: Total to-choose-sample-set space buget = 0.2
2026-05-26 19:59:38 - feat.py[line:241] - INFO: Generated feature size: 175
2026-05-26 19:59:40 - feat.py[line:241] - INFO: Generated feature size: 175
2026-05-26 19:59:42 - feat.py[line:241] - INFO: Generated feature size: 175
2026-05-26 19:59:44 - feat.py[line:241] - INFO: Generated feature size: 175
2026-05-26 19:59:45 - feat.py[line:241] - INFO: Generated feature size: 175
2026-05-26 19:59:47 - feat.py[line:241] - INFO: Generated feature size: 175
2026-05-26 19:59:47 - feat.py[line:273] - INFO: Histo exists, load...
2026-05-26 19:59:49 - feat.py[line:275] - INFO: write data to disk...
2026-05-26 19:59:49 - gen.py[line:210] - INFO: train group is being processed!
2026-05-26 19:59:50 - gen.py[line:225] - INFO: All batch ditributed!
2026-05-26 20:11:56 - gen.py[line:39] - INFO: Query of group  9 -   1000 / 3125
2026-05-26 20:12:02 - gen.py[line:39] - INFO: Query of group 11 -   1000 / 3125
2026-05-26 20:12:12 - gen.py[line:39] - INFO: Query of group  5 -   1000 / 3125
2026-05-26 20:12:29 - gen.py[line:39] - INFO: Query of group 28 -   1000 / 3125
2026-05-26 20:12:35 - gen.py[line:39] - INFO: Query of group  7 -   1000 / 3125
2026-05-26 20:12:36 - gen.py[line:39] - INFO: Query of group 23 -   1000 / 3125
2026-05-26 20:12:36 - gen.py[line:39] - INFO: Query of group  6 -   1000 / 3125
2026-05-26 20:13:09 - gen.py[line:39] - INFO: Query of group 10 -   1000 / 3125
2026-05-26 20:13:17 - gen.py[line:39] - INFO: Query of group 20 -   1000 / 3125
2026-05-26 20:13:23 - gen.py[line:39] - INFO: Query of group 17 -   1000 / 3125
2026-05-26 20:13:28 - gen.py[line:39] - INFO: Query of group  4 -   1000 / 3125
2026-05-26 20:13:29 - gen.py[line:39] - INFO: Query of group  8 -   1000 / 3125
2026-05-26 20:13:39 - gen.py[line:39] - INFO: Query of group  0 -   1000 / 3125
2026-05-26 20:14:07 - gen.py[line:39] - INFO: Query of group 16 -   1000 / 3125
2026-05-26 20:14:46 - gen.py[line:39] - INFO: Query of group 14 -   1000 / 3125
2026-05-26 20:18:32 - gen.py[line:39] - INFO: Query of group 21 -   1000 / 3125
2026-05-26 20:18:40 - gen.py[line:39] - INFO: Query of group  2 -   1000 / 3125
2026-05-26 20:19:37 - gen.py[line:39] - INFO: Query of group  1 -   1000 / 3125
2026-05-26 20:20:39 - gen.py[line:39] - INFO: Query of group 22 -   1000 / 3125
2026-05-26 20:20:42 - gen.py[line:39] - INFO: Query of group 31 -   1000 / 3125
2026-05-26 20:21:08 - gen.py[line:39] - INFO: Query of group 18 -   1000 / 3125
2026-05-26 20:21:44 - gen.py[line:39] - INFO: Query of group 15 -   1000 / 3125
2026-05-26 20:21:56 - gen.py[line:39] - INFO: Query of group 27 -   1000 / 3125
2026-05-26 20:22:00 - gen.py[line:39] - INFO: Query of group 30 -   1000 / 3125
2026-05-26 20:22:19 - gen.py[line:39] - INFO: Query of group 25 -   1000 / 3125
2026-05-26 20:22:28 - gen.py[line:39] - INFO: Query of group 12 -   1000 / 3125
2026-05-26 20:22:30 - gen.py[line:39] - INFO: Query of group 13 -   1000 / 3125
2026-05-26 20:22:48 - gen.py[line:39] - INFO: Query of group  3 -   1000 / 3125
2026-05-26 20:23:06 - gen.py[line:39] - INFO: Query of group 19 -   1000 / 3125
2026-05-26 20:23:07 - gen.py[line:39] - INFO: Query of group  9 -   2000 / 3125
2026-05-26 20:23:21 - gen.py[line:39] - INFO: Query of group 24 -   1000 / 3125
2026-05-26 20:23:36 - gen.py[line:39] - INFO: Query of group  5 -   2000 / 3125
2026-05-26 20:23:49 - gen.py[line:39] - INFO: Query of group  6 -   2000 / 3125
2026-05-26 20:24:38 - gen.py[line:39] - INFO: Query of group 11 -   2000 / 3125
2026-05-26 20:24:43 - gen.py[line:39] - INFO: Query of group 29 -   1000 / 3125
2026-05-26 20:25:14 - gen.py[line:39] - INFO: Query of group  0 -   2000 / 3125
2026-05-26 20:25:32 - gen.py[line:39] - INFO: Query of group 26 -   1000 / 3125
2026-05-26 20:26:11 - gen.py[line:39] - INFO: Query of group 23 -   2000 / 3125
2026-05-26 20:26:13 - gen.py[line:39] - INFO: Query of group 17 -   2000 / 3125
2026-05-26 20:26:13 - gen.py[line:39] - INFO: Query of group 20 -   2000 / 3125
2026-05-26 20:26:50 - gen.py[line:39] - INFO: Query of group 10 -   2000 / 3125
2026-05-26 20:27:00 - gen.py[line:39] - INFO: Query of group  8 -   2000 / 3125
2026-05-26 20:27:49 - gen.py[line:39] - INFO: Query of group 28 -   2000 / 3125
2026-05-26 20:28:32 - gen.py[line:39] - INFO: Query of group 14 -   2000 / 3125
2026-05-26 20:28:40 - gen.py[line:39] - INFO: Query of group  7 -   2000 / 3125
2026-05-26 20:29:38 - gen.py[line:39] - INFO: Query of group  4 -   2000 / 3125
2026-05-26 20:30:42 - gen.py[line:39] - INFO: Query of group 16 -   2000 / 3125
2026-05-26 20:30:55 - gen.py[line:39] - INFO: Query of group 21 -   2000 / 3125
2026-05-26 20:35:41 - gen.py[line:39] - INFO: Query of group  9 -   3000 / 3125
2026-05-26 20:35:49 - gen.py[line:39] - INFO: Query of group  2 -   2000 / 3125
2026-05-26 20:36:30 - gen.py[line:39] - INFO: Query of group  1 -   2000 / 3125
2026-05-26 20:36:36 - gen.py[line:39] - INFO: Query of group  5 -   3000 / 3125
2026-05-26 20:37:29 - gen.py[line:39] - INFO: Query of group 11 -   3000 / 3125
2026-05-26 20:37:59 - gen.py[line:39] - INFO: Query of group  0 -   3000 / 3125
2026-05-26 20:38:46 - gen.py[line:39] - INFO: Query of group 12 -   2000 / 3125
2026-05-26 20:39:19 - gen.py[line:39] - INFO: Query of group  6 -   3000 / 3125
2026-05-26 20:39:23 - gen.py[line:39] - INFO: Query of group 20 -   3000 / 3125
2026-05-26 20:39:33 - gen.py[line:39] - INFO: Query of group 28 -   3000 / 3125
2026-05-26 20:39:54 - gen.py[line:39] - INFO: Query of group 23 -   3000 / 3125
2026-05-26 20:40:04 - gen.py[line:39] - INFO: Query of group 31 -   2000 / 3125
2026-05-26 20:40:20 - gen.py[line:39] - INFO: Query of group  8 -   3000 / 3125
2026-05-26 20:40:43 - gen.py[line:39] - INFO: Query of group 18 -   2000 / 3125
2026-05-26 20:40:50 - gen.py[line:39] - INFO: Query of group 10 -   3000 / 3125
2026-05-26 20:41:00 - gen.py[line:39] - INFO: Query of group 17 -   3000 / 3125
2026-05-26 20:41:03 - gen.py[line:39] - INFO: Query of group 22 -   2000 / 3125
2026-05-26 20:41:10 - gen.py[line:39] - INFO: Query of group 25 -   2000 / 3125
2026-05-26 20:41:11 - gen.py[line:39] - INFO: Query of group 27 -   2000 / 3125
2026-05-26 20:41:15 - gen.py[line:39] - INFO: Query of group  7 -   3000 / 3125
2026-05-26 20:41:20 - gen.py[line:39] - INFO: Query of group 13 -   2000 / 3125
2026-05-26 20:41:49 - gen.py[line:39] - INFO: Query of group 14 -   3000 / 3125
2026-05-26 20:41:53 - gen.py[line:39] - INFO: Query of group  4 -   3000 / 3125
2026-05-26 20:42:03 - gen.py[line:39] - INFO: Query of group 21 -   3000 / 3125
2026-05-26 20:42:39 - gen.py[line:39] - INFO: Query of group 19 -   2000 / 3125
2026-05-26 20:42:48 - gen.py[line:39] - INFO: Query of group 30 -   2000 / 3125
2026-05-26 20:42:54 - gen.py[line:39] - INFO: Query of group 15 -   2000 / 3125
2026-05-26 20:43:21 - gen.py[line:39] - INFO: Query of group 29 -   2000 / 3125
2026-05-26 20:43:32 - gen.py[line:39] - INFO: Query of group 24 -   2000 / 3125
2026-05-26 20:43:53 - gen.py[line:39] - INFO: Query of group  3 -   2000 / 3125
2026-05-26 20:43:54 - gen.py[line:39] - INFO: Query of group 26 -   2000 / 3125
2026-05-26 20:45:21 - gen.py[line:39] - INFO: Query of group  1 -   3000 / 3125
2026-05-26 20:45:46 - gen.py[line:39] - INFO: Query of group 12 -   3000 / 3125
2026-05-26 20:45:57 - gen.py[line:39] - INFO: Query of group  2 -   3000 / 3125
2026-05-26 20:45:58 - gen.py[line:39] - INFO: Query of group 16 -   3000 / 3125
2026-05-26 20:46:40 - gen.py[line:39] - INFO: Query of group 25 -   3000 / 3125
2026-05-26 20:47:31 - gen.py[line:39] - INFO: Query of group 31 -   3000 / 3125
2026-05-26 20:47:54 - gen.py[line:39] - INFO: Query of group 30 -   3000 / 3125
2026-05-26 20:47:59 - gen.py[line:39] - INFO: Query of group 15 -   3000 / 3125
2026-05-26 20:48:11 - gen.py[line:39] - INFO: Query of group 22 -   3000 / 3125
2026-05-26 20:48:20 - gen.py[line:39] - INFO: Query of group 13 -   3000 / 3125
2026-05-26 20:48:26 - gen.py[line:39] - INFO: Query of group 18 -   3000 / 3125
2026-05-26 20:48:31 - gen.py[line:39] - INFO: Query of group 29 -   3000 / 3125
2026-05-26 20:48:34 - gen.py[line:39] - INFO: Query of group 27 -   3000 / 3125
2026-05-26 20:49:01 - gen.py[line:39] - INFO: Query of group 19 -   3000 / 3125
2026-05-26 20:49:13 - gen.py[line:39] - INFO: Query of group  3 -   3000 / 3125
2026-05-26 20:49:21 - gen.py[line:39] - INFO: Query of group 24 -   3000 / 3125
2026-05-26 20:49:23 - gen.py[line:39] - INFO: Query of group 26 -   3000 / 3125
2026-05-26 20:49:41 - gen.py[line:239] - INFO: Saving records of group train
2026-05-26 20:50:35 - gen.py[line:210] - INFO: valid group is being processed!
2026-05-26 20:50:50 - gen.py[line:225] - INFO: All batch ditributed!
2026-05-26 20:54:08 - gen.py[line:239] - INFO: Saving records of group valid
2026-05-26 20:54:12 - gen.py[line:210] - INFO: test group is being processed!
2026-05-26 20:54:29 - gen.py[line:225] - INFO: All batch ditributed!
2026-05-26 20:57:08 - gen.py[line:239] - INFO: Saving records of group test
2026-05-26 20:57:12 - gen.py[line:252] - INFO: Generating Dataset Time Cost Summary as Follows:
2026-05-26 20:57:12 - gen.py[line:253] - INFO: Main Thread Total time 57.389085288842516 min.
2026-05-26 20:57:12 - gen.py[line:254] - INFO: Distribute Process time 0.5513129035631815 min. 0.9606581125808025% of total time.
2026-05-26 20:57:12 - gen.py[line:255] - INFO: Waiting Process time 55.80672295888265 min. 97.24274690562544% of total time.
2026-05-26 20:57:12 - gen.py[line:256] - INFO: Saving Records time 1.0306121746699015 min. 1.795833074325496% of total time.
2026-05-26 20:57:12 - gen.py[line:257] - INFO: Df time 0.06512600183486938 min. 6.319157044280874% of total time.
2026-05-26 20:57:12 - gen.py[line:258] - INFO: ToDisk time 0.004197704792022705 min. 0.40730207688136455% of total time.
2026-05-26 20:57:12 - gen.py[line:264] - INFO: Calculating Time as Follows:
2026-05-26 20:57:12 - gen.py[line:265] - INFO: Total cal time 78.92679010629655 min. 137.52927008516264% of total time.
2026-05-26 20:57:12 - gen.py[line:266] - INFO: Ground Turth time 63.57031027475993 min. 80.54338734559595% of total cal time.
2026-05-26 20:57:12 - gen.py[line:267] - INFO: Sample Group time 15.110234022140505 min. 19.14461997224318% of total cal time.
2026-05-26 20:57:12 - gen.py[line:268] - INFO: Query Vector time 0.16933275063832604 min. 0.21454407357789804% of total cal time.
2026-05-26 20:57:12 - gen.py[line:269] - INFO: Packing time 0.07691305875778198 min. 0.09744860858296336% of total cal time.
2026-05-26 21:01:54 - main.py[line:103] - INFO: Training for single-table power on generate
2026-05-26 21:04:51 - main.py[line:103] - INFO: Training for single-table power on generate
