2024-06-19 09:23:59 - featureNew.py[line:276] - INFO: Start loading pickle of train...
2024-06-19 09:24:47 - featureNew.py[line:278] - INFO: Pickle of train loaded, filling nan...
2024-06-19 09:24:48 - featureNew.py[line:286] - INFO: Data num=200000 label1 num=30.16%
2024-06-19 09:24:48 - featureNew.py[line:298] - INFO: Dropping label and id, train raw data shape: (200000, 1177)
2024-06-19 09:24:48 - featureNew.py[line:304] - INFO: train generating wide feats...
2024-06-19 09:24:49 - featureNew.py[line:319] - INFO: train of data shape: (200000, 51)
2024-06-19 09:24:49 - featureNew.py[line:351] - INFO: train col_sel data shape: (200000, 25)
2024-06-19 09:24:51 - featureNew.py[line:367] - INFO: train deep data shape: (200000, 560)
2024-06-19 09:24:57 - featureNew.py[line:379] - INFO: train sql data shape: (200000, 50)
2024-06-19 09:25:07 - featureNew.py[line:408] - INFO: train co data shape: (200000, 45)
2024-06-19 09:25:09 - featureNew.py[line:276] - INFO: Start loading pickle of valid...
2024-06-19 09:29:56 - featureNew.py[line:276] - INFO: Start loading pickle of train...
2024-06-19 09:30:30 - featureNew.py[line:278] - INFO: Pickle of train loaded, filling nan...
2024-06-19 09:30:32 - featureNew.py[line:286] - INFO: Data num=200000 label1 num=30.16%
2024-06-19 09:30:32 - featureNew.py[line:298] - INFO: Dropping label and id, train raw data shape: (200000, 1177)
2024-06-19 09:30:32 - featureNew.py[line:304] - INFO: train generating wide feats...
2024-06-19 09:30:33 - featureNew.py[line:319] - INFO: train of data shape: (200000, 51)
2024-06-19 09:30:34 - featureNew.py[line:351] - INFO: train col_sel data shape: (200000, 25)
2024-06-19 09:30:36 - featureNew.py[line:367] - INFO: train deep data shape: (200000, 560)
2024-06-19 09:30:44 - featureNew.py[line:379] - INFO: train sql data shape: (200000, 50)
2024-06-19 09:30:59 - featureNew.py[line:408] - INFO: train co data shape: (200000, 45)
2024-06-19 09:31:00 - featureNew.py[line:276] - INFO: Start loading pickle of valid...
2024-06-19 09:31:52 - featureNew.py[line:276] - INFO: Start loading pickle of train...
2024-06-19 09:48:43 - featureNew.py[line:276] - INFO: Start loading pickle of train...
2024-06-19 09:48:43 - featureNew.py[line:278] - INFO: Pickle of train loaded, filling nan...
2024-06-19 09:48:44 - featureNew.py[line:286] - INFO: Data num=200000 label1 num=30.16%
2024-06-19 09:48:44 - featureNew.py[line:298] - INFO: Dropping label and id, train raw data shape: (200000, 1177)
2024-06-19 09:48:44 - featureNew.py[line:304] - INFO: train generating wide feats...
2024-06-19 09:48:45 - featureNew.py[line:319] - INFO: train of data shape: (200000, 51)
2024-06-19 09:48:46 - featureNew.py[line:351] - INFO: train col_sel data shape: (200000, 25)
2024-06-19 09:48:48 - featureNew.py[line:367] - INFO: train deep data shape: (200000, 560)
2024-06-19 09:48:53 - featureNew.py[line:379] - INFO: train sql data shape: (200000, 50)
2024-06-19 09:49:02 - featureNew.py[line:408] - INFO: train co data shape: (200000, 45)
2024-06-19 09:49:04 - featureNew.py[line:276] - INFO: Start loading pickle of valid...
2024-06-19 10:25:38 - featureNew.py[line:276] - INFO: Start loading pickle of train...
2024-06-19 10:25:44 - featureNew.py[line:278] - INFO: Pickle of train loaded, filling nan...
2024-06-19 10:25:45 - featureNew.py[line:286] - INFO: Data num=200000 label1 num=30.16%
2024-06-19 10:25:45 - featureNew.py[line:298] - INFO: Dropping label and id, train raw data shape: (200000, 1177)
2024-06-19 10:25:46 - featureNew.py[line:304] - INFO: train generating wide feats...
2024-06-19 10:25:46 - featureNew.py[line:319] - INFO: train of data shape: (200000, 51)
2024-06-19 10:25:47 - featureNew.py[line:351] - INFO: train col_sel data shape: (200000, 25)
2024-06-19 10:25:50 - featureNew.py[line:367] - INFO: train deep data shape: (200000, 560)
2024-06-19 10:25:55 - featureNew.py[line:379] - INFO: train sql data shape: (200000, 50)
2024-06-19 10:26:05 - featureNew.py[line:408] - INFO: train co data shape: (200000, 45)
2024-06-19 10:26:06 - featureNew.py[line:276] - INFO: Start loading pickle of valid...
2024-06-19 17:19:04 - featureNew.py[line:276] - INFO: Start loading pickle of train...
2024-06-19 17:19:05 - featureNew.py[line:278] - INFO: Pickle of train loaded, filling nan...
2024-06-19 17:19:05 - featureNew.py[line:286] - INFO: Data num=1000 label1 num=32.40%
2024-06-19 17:19:05 - featureNew.py[line:298] - INFO: Dropping label and id, train raw data shape: (1000, 1177)
2024-06-19 17:19:05 - featureNew.py[line:304] - INFO: train generating wide feats...
2024-06-19 17:19:05 - featureNew.py[line:319] - INFO: train of data shape: (1000, 51)
2024-06-19 17:19:05 - featureNew.py[line:351] - INFO: train col_sel data shape: (1000, 25)
2024-06-19 17:19:05 - featureNew.py[line:367] - INFO: train deep data shape: (1000, 560)
2024-06-19 17:19:05 - featureNew.py[line:379] - INFO: train sql data shape: (1000, 50)
2024-06-19 17:19:06 - featureNew.py[line:408] - INFO: train co data shape: (1000, 45)
2024-06-19 17:19:06 - featureNew.py[line:276] - INFO: Start loading pickle of valid...
2024-06-19 21:55:16 - featureNew.py[line:276] - INFO: Start loading pickle of train...
2024-06-19 21:55:17 - featureNew.py[line:278] - INFO: Pickle of train loaded, filling nan...
2024-06-19 21:55:19 - featureNew.py[line:286] - INFO: Data num=200000 label1 num=30.16%
2024-06-19 21:55:19 - featureNew.py[line:298] - INFO: Dropping label and id, train raw data shape: (200000, 1177)
2024-06-19 21:55:19 - featureNew.py[line:304] - INFO: train generating wide feats...
2024-06-19 21:55:20 - featureNew.py[line:319] - INFO: train of data shape: (200000, 51)
2024-06-19 21:55:20 - featureNew.py[line:351] - INFO: train col_sel data shape: (200000, 25)
2024-06-19 21:55:23 - featureNew.py[line:367] - INFO: train deep data shape: (200000, 560)
2024-06-19 21:55:25 - featureNew.py[line:379] - INFO: train sql data shape: (200000, 50)
2024-06-19 21:55:30 - featureNew.py[line:408] - INFO: train co data shape: (200000, 45)
2024-06-19 21:55:32 - featureNew.py[line:276] - INFO: Start loading pickle of valid...
2024-06-19 21:55:32 - featureNew.py[line:278] - INFO: Pickle of valid loaded, filling nan...
2024-06-19 21:55:32 - featureNew.py[line:286] - INFO: Data num=10000 label1 num=29.63%
2024-06-19 21:55:32 - featureNew.py[line:298] - INFO: Dropping label and id, valid raw data shape: (10000, 1177)
2024-06-19 21:55:32 - featureNew.py[line:304] - INFO: valid generating wide feats...
2024-06-19 21:55:32 - featureNew.py[line:319] - INFO: valid of data shape: (10000, 51)
2024-06-19 21:55:32 - featureNew.py[line:351] - INFO: valid col_sel data shape: (10000, 25)
2024-06-19 21:55:32 - featureNew.py[line:367] - INFO: valid deep data shape: (10000, 560)
2024-06-19 21:55:33 - featureNew.py[line:379] - INFO: valid sql data shape: (10000, 50)
2024-06-19 21:55:33 - featureNew.py[line:408] - INFO: valid co data shape: (10000, 45)
2024-06-19 21:55:33 - train.py[line:106] - INFO: Model input: {'wide': 76, 'deep': 560, 'sql': 50, 'co': 45, 'class0': 139683.997631073, 'class1': 60316.002368927}
2024-06-19 21:55:33 - train.py[line:115] - INFO: Model established: LDSSTransformer2(
  (transformer_encoder): Encoder(
    (dropout): Dropout(p=0.0, inplace=False)
    (layers): Sequential(
      (encoder_layer_0): EncoderBlock(
        (ln_1): LayerNorm((42,), eps=1e-06, elementwise_affine=True)
        (self_attention): MultiheadAttention(
          (out_proj): NonDynamicallyQuantizableLinear(in_features=42, out_features=42, bias=True)
        )
        (dropout): Dropout(p=0.0, inplace=False)
        (ln_2): LayerNorm((42,), eps=1e-06, elementwise_affine=True)
        (mlp): MLPBlock(
          (0): Linear(in_features=42, out_features=43, bias=True)
          (1): GELU(approximate='none')
          (2): Dropout(p=0.0, inplace=False)
          (3): Linear(in_features=43, out_features=42, bias=True)
          (4): Dropout(p=0.0, inplace=False)
        )
      )
      (encoder_layer_1): EncoderBlock(
        (ln_1): LayerNorm((42,), eps=1e-06, elementwise_affine=True)
        (self_attention): MultiheadAttention(
          (out_proj): NonDynamicallyQuantizableLinear(in_features=42, out_features=42, bias=True)
        )
        (dropout): Dropout(p=0.0, inplace=False)
        (ln_2): LayerNorm((42,), eps=1e-06, elementwise_affine=True)
        (mlp): MLPBlock(
          (0): Linear(in_features=42, out_features=43, bias=True)
          (1): GELU(approximate='none')
          (2): Dropout(p=0.0, inplace=False)
          (3): Linear(in_features=43, out_features=42, bias=True)
          (4): Dropout(p=0.0, inplace=False)
        )
      )
      (encoder_layer_2): EncoderBlock(
        (ln_1): LayerNorm((42,), eps=1e-06, elementwise_affine=True)
        (self_attention): MultiheadAttention(
          (out_proj): NonDynamicallyQuantizableLinear(in_features=42, out_features=42, bias=True)
        )
        (dropout): Dropout(p=0.0, inplace=False)
        (ln_2): LayerNorm((42,), eps=1e-06, elementwise_affine=True)
        (mlp): MLPBlock(
          (0): Linear(in_features=42, out_features=43, bias=True)
          (1): GELU(approximate='none')
          (2): Dropout(p=0.0, inplace=False)
          (3): Linear(in_features=43, out_features=42, bias=True)
          (4): Dropout(p=0.0, inplace=False)
        )
      )
      (encoder_layer_3): EncoderBlock(
        (ln_1): LayerNorm((42,), eps=1e-06, elementwise_affine=True)
        (self_attention): MultiheadAttention(
          (out_proj): NonDynamicallyQuantizableLinear(in_features=42, out_features=42, bias=True)
        )
        (dropout): Dropout(p=0.0, inplace=False)
        (ln_2): LayerNorm((42,), eps=1e-06, elementwise_affine=True)
        (mlp): MLPBlock(
          (0): Linear(in_features=42, out_features=43, bias=True)
          (1): GELU(approximate='none')
          (2): Dropout(p=0.0, inplace=False)
          (3): Linear(in_features=43, out_features=42, bias=True)
          (4): Dropout(p=0.0, inplace=False)
        )
      )
      (encoder_layer_4): EncoderBlock(
        (ln_1): LayerNorm((42,), eps=1e-06, elementwise_affine=True)
        (self_attention): MultiheadAttention(
          (out_proj): NonDynamicallyQuantizableLinear(in_features=42, out_features=42, bias=True)
        )
        (dropout): Dropout(p=0.0, inplace=False)
        (ln_2): LayerNorm((42,), eps=1e-06, elementwise_affine=True)
        (mlp): MLPBlock(
          (0): Linear(in_features=42, out_features=43, bias=True)
          (1): GELU(approximate='none')
          (2): Dropout(p=0.0, inplace=False)
          (3): Linear(in_features=43, out_features=42, bias=True)
          (4): Dropout(p=0.0, inplace=False)
        )
      )
      (encoder_layer_5): EncoderBlock(
        (ln_1): LayerNorm((42,), eps=1e-06, elementwise_affine=True)
        (self_attention): MultiheadAttention(
          (out_proj): NonDynamicallyQuantizableLinear(in_features=42, out_features=42, bias=True)
        )
        (dropout): Dropout(p=0.0, inplace=False)
        (ln_2): LayerNorm((42,), eps=1e-06, elementwise_affine=True)
        (mlp): MLPBlock(
          (0): Linear(in_features=42, out_features=43, bias=True)
          (1): GELU(approximate='none')
          (2): Dropout(p=0.0, inplace=False)
          (3): Linear(in_features=43, out_features=42, bias=True)
          (4): Dropout(p=0.0, inplace=False)
        )
      )
    )
    (ln): LayerNorm((42,), eps=1e-06, elementwise_affine=True)
  )
  (dropout): Dropout(p=0.3, inplace=False)
  (sigmoid): Sigmoid()
  (relu): ReLU()
  (fcco): Linear(in_features=45, out_features=42, bias=True)
  (fcsql): Linear(in_features=50, out_features=42, bias=True)
  (fc1): Linear(in_features=560, out_features=42, bias=True)
  (fwide): Linear(in_features=76, out_features=42, bias=True)
  (fc_final): Linear(in_features=42, out_features=1, bias=True)
)
2024-06-19 21:55:33 - train.py[line:121] - INFO: Loss Weights: tensor([1.0000, 2.3159])
2024-06-19 21:55:33 - train.py[line:123] - INFO: Using BCELoss as loss function.
2024-06-19 21:55:33 - train.py[line:125] - INFO: Using Adam as optimization function.
2024-06-19 21:55:33 - train.py[line:128] - INFO: Begin the training of model.
2024-06-19 21:55:40 - train.py[line:132] - INFO: epoch : 1, train loss : 0.9082, train acc: 0.6170, valid loss : 0.8762, valid acc : 0.6604
2024-06-19 21:55:45 - train.py[line:132] - INFO: epoch : 2, train loss : 0.8774, train acc: 0.6320, valid loss : 0.8508, valid acc : 0.6403
2024-06-19 21:55:52 - train.py[line:132] - INFO: epoch : 3, train loss : 0.8624, train acc: 0.6365, valid loss : 0.8391, valid acc : 0.6453
2024-06-19 21:55:58 - train.py[line:132] - INFO: epoch : 4, train loss : 0.8537, train acc: 0.6424, valid loss : 0.8351, valid acc : 0.6461
2024-06-19 21:56:04 - train.py[line:132] - INFO: epoch : 5, train loss : 0.8466, train acc: 0.6485, valid loss : 0.8294, valid acc : 0.6234
2024-06-19 21:56:10 - train.py[line:132] - INFO: epoch : 6, train loss : 0.8407, train acc: 0.6492, valid loss : 0.8282, valid acc : 0.6510
2024-06-19 21:56:16 - train.py[line:132] - INFO: epoch : 7, train loss : 0.8352, train acc: 0.6536, valid loss : 0.8236, valid acc : 0.6410
2024-06-19 21:56:22 - train.py[line:132] - INFO: epoch : 8, train loss : 0.8300, train acc: 0.6535, valid loss : 0.8180, valid acc : 0.6584
2024-06-19 21:56:28 - train.py[line:132] - INFO: epoch : 9, train loss : 0.8264, train acc: 0.6563, valid loss : 0.8106, valid acc : 0.6563
2024-06-19 21:56:33 - train.py[line:132] - INFO: epoch : 10, train loss : 0.8220, train acc: 0.6575, valid loss : 0.8130, valid acc : 0.6372
2024-06-19 21:56:39 - train.py[line:132] - INFO: epoch : 11, train loss : 0.8180, train acc: 0.6588, valid loss : 0.8074, valid acc : 0.6436
2024-06-19 21:56:45 - train.py[line:132] - INFO: epoch : 12, train loss : 0.8168, train acc: 0.6596, valid loss : 0.8070, valid acc : 0.6464
2024-06-19 21:56:50 - train.py[line:132] - INFO: epoch : 13, train loss : 0.8133, train acc: 0.6599, valid loss : 0.8008, valid acc : 0.6682
2024-06-19 21:56:56 - train.py[line:132] - INFO: epoch : 14, train loss : 0.8120, train acc: 0.6613, valid loss : 0.7956, valid acc : 0.6583
2024-06-19 21:57:02 - train.py[line:132] - INFO: epoch : 15, train loss : 0.8093, train acc: 0.6618, valid loss : 0.7948, valid acc : 0.6575
2024-06-19 21:57:07 - train.py[line:132] - INFO: epoch : 16, train loss : 0.8089, train acc: 0.6616, valid loss : 0.7889, valid acc : 0.6631
2024-06-19 21:57:13 - train.py[line:132] - INFO: epoch : 17, train loss : 0.8047, train acc: 0.6638, valid loss : 0.7966, valid acc : 0.6500
2024-06-19 21:57:18 - train.py[line:132] - INFO: epoch : 18, train loss : 0.8037, train acc: 0.6652, valid loss : 0.7921, valid acc : 0.6633
2024-06-19 21:57:24 - train.py[line:132] - INFO: epoch : 19, train loss : 0.8017, train acc: 0.6667, valid loss : 0.7901, valid acc : 0.6488
2024-06-19 21:57:29 - train.py[line:132] - INFO: epoch : 20, train loss : 0.8003, train acc: 0.6666, valid loss : 0.8008, valid acc : 0.6515
2024-06-19 21:57:34 - train.py[line:132] - INFO: epoch : 21, train loss : 0.8001, train acc: 0.6666, valid loss : 0.7952, valid acc : 0.6446
2024-06-19 21:57:40 - train.py[line:132] - INFO: epoch : 22, train loss : 0.7974, train acc: 0.6671, valid loss : 0.7896, valid acc : 0.6531
2024-06-19 21:57:46 - train.py[line:132] - INFO: epoch : 23, train loss : 0.7970, train acc: 0.6660, valid loss : 0.7817, valid acc : 0.6738
2024-06-19 21:57:53 - train.py[line:132] - INFO: epoch : 24, train loss : 0.7959, train acc: 0.6686, valid loss : 0.7824, valid acc : 0.6721
2024-06-19 21:57:59 - train.py[line:132] - INFO: epoch : 25, train loss : 0.7950, train acc: 0.6693, valid loss : 0.7852, valid acc : 0.6713
2024-06-19 21:58:05 - train.py[line:132] - INFO: epoch : 26, train loss : 0.7937, train acc: 0.6693, valid loss : 0.7851, valid acc : 0.6629
2024-06-19 21:58:10 - train.py[line:132] - INFO: epoch : 27, train loss : 0.7916, train acc: 0.6703, valid loss : 0.7817, valid acc : 0.6610
2024-06-19 21:58:16 - train.py[line:132] - INFO: epoch : 28, train loss : 0.7918, train acc: 0.6704, valid loss : 0.7860, valid acc : 0.6638
2024-06-19 21:58:22 - train.py[line:132] - INFO: epoch : 29, train loss : 0.7902, train acc: 0.6712, valid loss : 0.7801, valid acc : 0.6652
2024-06-19 21:58:29 - train.py[line:132] - INFO: epoch : 30, train loss : 0.7887, train acc: 0.6721, valid loss : 0.7815, valid acc : 0.6628
2024-06-19 21:58:34 - train.py[line:132] - INFO: epoch : 31, train loss : 0.7894, train acc: 0.6705, valid loss : 0.7772, valid acc : 0.6820
2024-06-19 21:58:40 - train.py[line:132] - INFO: epoch : 32, train loss : 0.7873, train acc: 0.6719, valid loss : 0.7785, valid acc : 0.6698
2024-06-19 21:58:46 - train.py[line:132] - INFO: epoch : 33, train loss : 0.7863, train acc: 0.6723, valid loss : 0.7724, valid acc : 0.6831
2024-06-19 21:58:52 - train.py[line:132] - INFO: epoch : 34, train loss : 0.7854, train acc: 0.6727, valid loss : 0.7809, valid acc : 0.6765
2024-06-19 21:58:58 - train.py[line:132] - INFO: epoch : 35, train loss : 0.7850, train acc: 0.6748, valid loss : 0.7792, valid acc : 0.6745
2024-06-19 21:59:04 - train.py[line:132] - INFO: epoch : 36, train loss : 0.7844, train acc: 0.6741, valid loss : 0.7745, valid acc : 0.6720
2024-06-19 21:59:10 - train.py[line:132] - INFO: epoch : 37, train loss : 0.7844, train acc: 0.6745, valid loss : 0.7738, valid acc : 0.6716
2024-06-19 21:59:15 - train.py[line:132] - INFO: epoch : 38, train loss : 0.7827, train acc: 0.6744, valid loss : 0.7738, valid acc : 0.6801
2024-06-19 21:59:21 - train.py[line:132] - INFO: epoch : 39, train loss : 0.7819, train acc: 0.6752, valid loss : 0.7752, valid acc : 0.6824
2024-06-19 21:59:26 - train.py[line:132] - INFO: epoch : 40, train loss : 0.7812, train acc: 0.6767, valid loss : 0.7746, valid acc : 0.6642
2024-06-19 21:59:32 - train.py[line:132] - INFO: epoch : 41, train loss : 0.7812, train acc: 0.6761, valid loss : 0.7770, valid acc : 0.6818
2024-06-19 21:59:38 - train.py[line:132] - INFO: epoch : 42, train loss : 0.7797, train acc: 0.6763, valid loss : 0.7754, valid acc : 0.6763
2024-06-19 21:59:44 - train.py[line:132] - INFO: epoch : 43, train loss : 0.7801, train acc: 0.6751, valid loss : 0.7684, valid acc : 0.6789
2024-06-19 21:59:49 - train.py[line:132] - INFO: epoch : 44, train loss : 0.7786, train acc: 0.6777, valid loss : 0.7732, valid acc : 0.6655
2024-06-19 21:59:54 - train.py[line:132] - INFO: epoch : 45, train loss : 0.7785, train acc: 0.6755, valid loss : 0.7683, valid acc : 0.6752
2024-06-19 21:59:59 - train.py[line:132] - INFO: epoch : 46, train loss : 0.7778, train acc: 0.6755, valid loss : 0.7838, valid acc : 0.6634
2024-06-19 22:00:04 - train.py[line:132] - INFO: epoch : 47, train loss : 0.7765, train acc: 0.6785, valid loss : 0.7711, valid acc : 0.6728
2024-06-19 22:00:10 - train.py[line:132] - INFO: epoch : 48, train loss : 0.7775, train acc: 0.6765, valid loss : 0.7816, valid acc : 0.6661
2024-06-19 22:00:15 - train.py[line:132] - INFO: epoch : 49, train loss : 0.7755, train acc: 0.6778, valid loss : 0.7693, valid acc : 0.6796
2024-06-19 22:00:21 - train.py[line:132] - INFO: epoch : 50, train loss : 0.7761, train acc: 0.6776, valid loss : 0.7756, valid acc : 0.6830
2024-06-19 22:00:26 - train.py[line:132] - INFO: epoch : 51, train loss : 0.7748, train acc: 0.6786, valid loss : 0.7667, valid acc : 0.6769
2024-06-19 22:00:32 - train.py[line:132] - INFO: epoch : 52, train loss : 0.7737, train acc: 0.6782, valid loss : 0.7824, valid acc : 0.6722
2024-06-19 22:00:38 - train.py[line:132] - INFO: epoch : 53, train loss : 0.7731, train acc: 0.6779, valid loss : 0.7799, valid acc : 0.6699
2024-06-19 22:00:44 - train.py[line:132] - INFO: epoch : 54, train loss : 0.7746, train acc: 0.6779, valid loss : 0.7680, valid acc : 0.6714
2024-06-19 22:00:49 - train.py[line:132] - INFO: epoch : 55, train loss : 0.7730, train acc: 0.6776, valid loss : 0.7646, valid acc : 0.6698
2024-06-19 22:00:55 - train.py[line:132] - INFO: epoch : 56, train loss : 0.7718, train acc: 0.6784, valid loss : 0.7791, valid acc : 0.6798
2024-06-19 22:01:00 - train.py[line:132] - INFO: epoch : 57, train loss : 0.7714, train acc: 0.6778, valid loss : 0.7717, valid acc : 0.6724
2024-06-19 22:01:06 - train.py[line:132] - INFO: epoch : 58, train loss : 0.7719, train acc: 0.6793, valid loss : 0.7773, valid acc : 0.6767
2024-06-19 22:01:11 - train.py[line:132] - INFO: epoch : 59, train loss : 0.7712, train acc: 0.6798, valid loss : 0.7777, valid acc : 0.6811
2024-06-19 22:01:17 - train.py[line:132] - INFO: epoch : 60, train loss : 0.7703, train acc: 0.6805, valid loss : 0.7709, valid acc : 0.6753
2024-06-19 22:01:22 - train.py[line:132] - INFO: epoch : 61, train loss : 0.7698, train acc: 0.6800, valid loss : 0.7602, valid acc : 0.6777
2024-06-19 22:01:28 - train.py[line:132] - INFO: epoch : 62, train loss : 0.7699, train acc: 0.6800, valid loss : 0.7666, valid acc : 0.6754
2024-06-19 22:01:34 - train.py[line:132] - INFO: epoch : 63, train loss : 0.7691, train acc: 0.6805, valid loss : 0.7729, valid acc : 0.6691
2024-06-19 22:01:39 - train.py[line:132] - INFO: epoch : 64, train loss : 0.7694, train acc: 0.6809, valid loss : 0.7673, valid acc : 0.6711
2024-06-19 22:01:45 - train.py[line:132] - INFO: epoch : 65, train loss : 0.7689, train acc: 0.6804, valid loss : 0.7832, valid acc : 0.6762
2024-06-19 22:01:51 - train.py[line:132] - INFO: epoch : 66, train loss : 0.7682, train acc: 0.6810, valid loss : 0.7707, valid acc : 0.6751
2024-06-19 22:01:56 - train.py[line:132] - INFO: epoch : 67, train loss : 0.7681, train acc: 0.6812, valid loss : 0.7732, valid acc : 0.6613
2024-06-19 22:02:02 - train.py[line:132] - INFO: epoch : 68, train loss : 0.7676, train acc: 0.6821, valid loss : 0.7728, valid acc : 0.6666
2024-06-19 22:02:08 - train.py[line:132] - INFO: epoch : 69, train loss : 0.7671, train acc: 0.6815, valid loss : 0.7824, valid acc : 0.6805
2024-06-19 22:02:13 - train.py[line:132] - INFO: epoch : 70, train loss : 0.7668, train acc: 0.6820, valid loss : 0.7703, valid acc : 0.6749
2024-06-19 22:02:19 - train.py[line:132] - INFO: epoch : 71, train loss : 0.7656, train acc: 0.6815, valid loss : 0.7653, valid acc : 0.6755
2024-06-19 22:02:25 - train.py[line:132] - INFO: epoch : 72, train loss : 0.7651, train acc: 0.6827, valid loss : 0.7682, valid acc : 0.6795
2024-06-19 22:02:30 - train.py[line:132] - INFO: epoch : 73, train loss : 0.7658, train acc: 0.6830, valid loss : 0.7707, valid acc : 0.6772
2024-06-19 22:02:36 - train.py[line:132] - INFO: epoch : 74, train loss : 0.7649, train acc: 0.6822, valid loss : 0.7787, valid acc : 0.6792
2024-06-19 22:02:42 - train.py[line:132] - INFO: epoch : 75, train loss : 0.7645, train acc: 0.6826, valid loss : 0.7769, valid acc : 0.6781
2024-06-19 22:02:48 - train.py[line:132] - INFO: epoch : 76, train loss : 0.7641, train acc: 0.6835, valid loss : 0.7716, valid acc : 0.6681
2024-06-19 22:02:53 - train.py[line:132] - INFO: epoch : 77, train loss : 0.7650, train acc: 0.6825, valid loss : 0.7812, valid acc : 0.6741
2024-06-19 22:02:59 - train.py[line:132] - INFO: epoch : 78, train loss : 0.7640, train acc: 0.6834, valid loss : 0.7661, valid acc : 0.6791
2024-06-19 22:03:05 - train.py[line:132] - INFO: epoch : 79, train loss : 0.7624, train acc: 0.6830, valid loss : 0.7705, valid acc : 0.6764
2024-06-19 22:03:11 - train.py[line:132] - INFO: epoch : 80, train loss : 0.7632, train acc: 0.6834, valid loss : 0.7732, valid acc : 0.6697
2024-06-19 22:03:17 - train.py[line:132] - INFO: epoch : 81, train loss : 0.7631, train acc: 0.6841, valid loss : 0.7790, valid acc : 0.6804
2024-06-19 22:03:22 - train.py[line:132] - INFO: epoch : 82, train loss : 0.7614, train acc: 0.6853, valid loss : 0.7887, valid acc : 0.6764
2024-06-19 22:03:28 - train.py[line:132] - INFO: epoch : 83, train loss : 0.7613, train acc: 0.6844, valid loss : 0.7717, valid acc : 0.6816
2024-06-19 22:03:33 - train.py[line:132] - INFO: epoch : 84, train loss : 0.7624, train acc: 0.6830, valid loss : 0.7638, valid acc : 0.6722
2024-06-19 22:03:39 - train.py[line:132] - INFO: epoch : 85, train loss : 0.7609, train acc: 0.6851, valid loss : 0.7812, valid acc : 0.6744
2024-06-19 22:03:45 - train.py[line:132] - INFO: epoch : 86, train loss : 0.7604, train acc: 0.6847, valid loss : 0.7743, valid acc : 0.6807
2024-06-19 22:03:50 - train.py[line:132] - INFO: epoch : 87, train loss : 0.7599, train acc: 0.6849, valid loss : 0.7722, valid acc : 0.6814
2024-06-19 22:03:56 - train.py[line:132] - INFO: epoch : 88, train loss : 0.7593, train acc: 0.6847, valid loss : 0.7679, valid acc : 0.6741
2024-06-19 22:04:03 - train.py[line:132] - INFO: epoch : 89, train loss : 0.7598, train acc: 0.6839, valid loss : 0.7704, valid acc : 0.6799
2024-06-19 22:04:09 - train.py[line:132] - INFO: epoch : 90, train loss : 0.7604, train acc: 0.6857, valid loss : 0.7753, valid acc : 0.6729
2024-06-19 22:04:15 - train.py[line:132] - INFO: epoch : 91, train loss : 0.7592, train acc: 0.6851, valid loss : 0.7785, valid acc : 0.6764
2024-06-19 22:04:20 - train.py[line:132] - INFO: epoch : 92, train loss : 0.7605, train acc: 0.6851, valid loss : 0.7721, valid acc : 0.6678
2024-06-19 22:04:26 - train.py[line:132] - INFO: epoch : 93, train loss : 0.7594, train acc: 0.6856, valid loss : 0.7659, valid acc : 0.6810
2024-06-19 22:04:32 - train.py[line:132] - INFO: epoch : 94, train loss : 0.7577, train acc: 0.6860, valid loss : 0.7678, valid acc : 0.6772
2024-06-19 22:04:37 - train.py[line:132] - INFO: epoch : 95, train loss : 0.7577, train acc: 0.6864, valid loss : 0.7764, valid acc : 0.6843
2024-06-19 22:04:43 - train.py[line:132] - INFO: epoch : 96, train loss : 0.7579, train acc: 0.6870, valid loss : 0.7687, valid acc : 0.6716
2024-06-19 22:04:48 - train.py[line:132] - INFO: epoch : 97, train loss : 0.7593, train acc: 0.6861, valid loss : 0.7683, valid acc : 0.6683
2024-06-19 22:04:54 - train.py[line:132] - INFO: epoch : 98, train loss : 0.7558, train acc: 0.6864, valid loss : 0.7771, valid acc : 0.6738
2024-06-19 22:05:00 - train.py[line:132] - INFO: epoch : 99, train loss : 0.7570, train acc: 0.6868, valid loss : 0.7821, valid acc : 0.6752
2024-06-19 22:05:05 - train.py[line:132] - INFO: epoch : 100, train loss : 0.7567, train acc: 0.6868, valid loss : 0.7716, valid acc : 0.6771
2024-06-19 22:05:05 - train.py[line:135] - INFO: Training Time of Neural Network: 9.535309100151062 min.
2024-06-19 22:05:05 - train.py[line:149] - INFO: {'tp': 0.224, 'fp': 0.25, 'tn': 0.454, 'fn': 0.073}
2024-06-19 22:05:05 - train.py[line:152] - INFO: Saving Model.
2024-06-19 22:05:05 - train.py[line:154] - INFO: Model saved in path output/temp/model/job-light.pkl
2024-06-19 22:10:28 - featureNew.py[line:276] - INFO: Start loading pickle of train...
2024-06-19 22:10:29 - featureNew.py[line:278] - INFO: Pickle of train loaded, filling nan...
2024-06-19 22:10:30 - featureNew.py[line:286] - INFO: Data num=200000 label1 num=30.16%
2024-06-19 22:10:30 - featureNew.py[line:298] - INFO: Dropping label and id, train raw data shape: (200000, 1177)
2024-06-19 22:10:30 - featureNew.py[line:304] - INFO: train generating wide feats...
2024-06-19 22:10:31 - featureNew.py[line:319] - INFO: train of data shape: (200000, 51)
2024-06-19 22:10:31 - featureNew.py[line:351] - INFO: train col_sel data shape: (200000, 25)
2024-06-19 22:10:34 - featureNew.py[line:367] - INFO: train deep data shape: (200000, 560)
2024-06-19 22:10:36 - featureNew.py[line:379] - INFO: train sql data shape: (200000, 50)
2024-06-19 22:10:41 - featureNew.py[line:408] - INFO: train co data shape: (200000, 45)
2024-06-19 22:10:42 - featureNew.py[line:276] - INFO: Start loading pickle of valid...
2024-06-19 22:10:42 - featureNew.py[line:278] - INFO: Pickle of valid loaded, filling nan...
2024-06-19 22:10:43 - featureNew.py[line:286] - INFO: Data num=140 label1 num=32.86%
2024-06-19 22:10:43 - featureNew.py[line:298] - INFO: Dropping label and id, valid raw data shape: (140, 1177)
2024-06-19 22:10:43 - featureNew.py[line:304] - INFO: valid generating wide feats...
2024-06-19 22:10:43 - featureNew.py[line:319] - INFO: valid of data shape: (140, 51)
2024-06-19 22:10:43 - featureNew.py[line:351] - INFO: valid col_sel data shape: (140, 25)
2024-06-19 22:10:43 - featureNew.py[line:367] - INFO: valid deep data shape: (140, 560)
2024-06-19 22:10:43 - featureNew.py[line:379] - INFO: valid sql data shape: (140, 50)
2024-06-19 22:10:43 - featureNew.py[line:408] - INFO: valid co data shape: (140, 45)
2024-06-19 22:10:43 - train.py[line:106] - INFO: Model input: {'wide': 76, 'deep': 560, 'sql': 50, 'co': 45, 'class0': 139683.997631073, 'class1': 60316.002368927}
2024-06-19 22:10:43 - train.py[line:115] - INFO: Model established: LDSSTransformer2(
  (transformer_encoder): Encoder(
    (dropout): Dropout(p=0.0, inplace=False)
    (layers): Sequential(
      (encoder_layer_0): EncoderBlock(
        (ln_1): LayerNorm((42,), eps=1e-06, elementwise_affine=True)
        (self_attention): MultiheadAttention(
          (out_proj): NonDynamicallyQuantizableLinear(in_features=42, out_features=42, bias=True)
        )
        (dropout): Dropout(p=0.0, inplace=False)
        (ln_2): LayerNorm((42,), eps=1e-06, elementwise_affine=True)
        (mlp): MLPBlock(
          (0): Linear(in_features=42, out_features=43, bias=True)
          (1): GELU(approximate='none')
          (2): Dropout(p=0.0, inplace=False)
          (3): Linear(in_features=43, out_features=42, bias=True)
          (4): Dropout(p=0.0, inplace=False)
        )
      )
      (encoder_layer_1): EncoderBlock(
        (ln_1): LayerNorm((42,), eps=1e-06, elementwise_affine=True)
        (self_attention): MultiheadAttention(
          (out_proj): NonDynamicallyQuantizableLinear(in_features=42, out_features=42, bias=True)
        )
        (dropout): Dropout(p=0.0, inplace=False)
        (ln_2): LayerNorm((42,), eps=1e-06, elementwise_affine=True)
        (mlp): MLPBlock(
          (0): Linear(in_features=42, out_features=43, bias=True)
          (1): GELU(approximate='none')
          (2): Dropout(p=0.0, inplace=False)
          (3): Linear(in_features=43, out_features=42, bias=True)
          (4): Dropout(p=0.0, inplace=False)
        )
      )
      (encoder_layer_2): EncoderBlock(
        (ln_1): LayerNorm((42,), eps=1e-06, elementwise_affine=True)
        (self_attention): MultiheadAttention(
          (out_proj): NonDynamicallyQuantizableLinear(in_features=42, out_features=42, bias=True)
        )
        (dropout): Dropout(p=0.0, inplace=False)
        (ln_2): LayerNorm((42,), eps=1e-06, elementwise_affine=True)
        (mlp): MLPBlock(
          (0): Linear(in_features=42, out_features=43, bias=True)
          (1): GELU(approximate='none')
          (2): Dropout(p=0.0, inplace=False)
          (3): Linear(in_features=43, out_features=42, bias=True)
          (4): Dropout(p=0.0, inplace=False)
        )
      )
      (encoder_layer_3): EncoderBlock(
        (ln_1): LayerNorm((42,), eps=1e-06, elementwise_affine=True)
        (self_attention): MultiheadAttention(
          (out_proj): NonDynamicallyQuantizableLinear(in_features=42, out_features=42, bias=True)
        )
        (dropout): Dropout(p=0.0, inplace=False)
        (ln_2): LayerNorm((42,), eps=1e-06, elementwise_affine=True)
        (mlp): MLPBlock(
          (0): Linear(in_features=42, out_features=43, bias=True)
          (1): GELU(approximate='none')
          (2): Dropout(p=0.0, inplace=False)
          (3): Linear(in_features=43, out_features=42, bias=True)
          (4): Dropout(p=0.0, inplace=False)
        )
      )
      (encoder_layer_4): EncoderBlock(
        (ln_1): LayerNorm((42,), eps=1e-06, elementwise_affine=True)
        (self_attention): MultiheadAttention(
          (out_proj): NonDynamicallyQuantizableLinear(in_features=42, out_features=42, bias=True)
        )
        (dropout): Dropout(p=0.0, inplace=False)
        (ln_2): LayerNorm((42,), eps=1e-06, elementwise_affine=True)
        (mlp): MLPBlock(
          (0): Linear(in_features=42, out_features=43, bias=True)
          (1): GELU(approximate='none')
          (2): Dropout(p=0.0, inplace=False)
          (3): Linear(in_features=43, out_features=42, bias=True)
          (4): Dropout(p=0.0, inplace=False)
        )
      )
      (encoder_layer_5): EncoderBlock(
        (ln_1): LayerNorm((42,), eps=1e-06, elementwise_affine=True)
        (self_attention): MultiheadAttention(
          (out_proj): NonDynamicallyQuantizableLinear(in_features=42, out_features=42, bias=True)
        )
        (dropout): Dropout(p=0.0, inplace=False)
        (ln_2): LayerNorm((42,), eps=1e-06, elementwise_affine=True)
        (mlp): MLPBlock(
          (0): Linear(in_features=42, out_features=43, bias=True)
          (1): GELU(approximate='none')
          (2): Dropout(p=0.0, inplace=False)
          (3): Linear(in_features=43, out_features=42, bias=True)
          (4): Dropout(p=0.0, inplace=False)
        )
      )
    )
    (ln): LayerNorm((42,), eps=1e-06, elementwise_affine=True)
  )
  (dropout): Dropout(p=0.3, inplace=False)
  (sigmoid): Sigmoid()
  (relu): ReLU()
  (fcco): Linear(in_features=45, out_features=42, bias=True)
  (fcsql): Linear(in_features=50, out_features=42, bias=True)
  (fc1): Linear(in_features=560, out_features=42, bias=True)
  (fwide): Linear(in_features=76, out_features=42, bias=True)
  (fc_final): Linear(in_features=42, out_features=1, bias=True)
)
2024-06-19 22:10:43 - train.py[line:121] - INFO: Loss Weights: tensor([1.0000, 2.3159])
2024-06-19 22:10:43 - train.py[line:123] - INFO: Using BCELoss as loss function.
2024-06-19 22:10:43 - train.py[line:125] - INFO: Using Adam as optimization function.
2024-06-19 22:10:43 - train.py[line:128] - INFO: Begin the training of model.
2024-06-19 22:10:50 - train.py[line:132] - INFO: epoch : 1, train loss : 0.9082, train acc: 0.6170, valid loss : 0.8840, valid acc : 0.6214
2024-06-19 22:10:56 - train.py[line:132] - INFO: epoch : 2, train loss : 0.8774, train acc: 0.6320, valid loss : 0.8733, valid acc : 0.6000
2024-06-19 22:11:02 - train.py[line:132] - INFO: epoch : 3, train loss : 0.8624, train acc: 0.6365, valid loss : 0.8782, valid acc : 0.6000
2024-06-19 22:11:08 - train.py[line:132] - INFO: epoch : 4, train loss : 0.8537, train acc: 0.6424, valid loss : 0.8867, valid acc : 0.5929
2024-06-19 22:11:13 - train.py[line:132] - INFO: epoch : 5, train loss : 0.8466, train acc: 0.6485, valid loss : 0.8885, valid acc : 0.5714
2024-06-19 22:11:19 - train.py[line:132] - INFO: epoch : 6, train loss : 0.8407, train acc: 0.6492, valid loss : 0.8869, valid acc : 0.5929
2024-06-19 22:11:24 - train.py[line:132] - INFO: epoch : 7, train loss : 0.8352, train acc: 0.6536, valid loss : 0.8711, valid acc : 0.6000
2024-06-19 22:11:29 - train.py[line:132] - INFO: epoch : 8, train loss : 0.8300, train acc: 0.6535, valid loss : 0.8917, valid acc : 0.5714
2024-06-19 22:11:35 - train.py[line:132] - INFO: epoch : 9, train loss : 0.8264, train acc: 0.6563, valid loss : 0.8815, valid acc : 0.5571
2024-06-19 22:11:41 - train.py[line:132] - INFO: epoch : 10, train loss : 0.8220, train acc: 0.6575, valid loss : 0.8717, valid acc : 0.5786
2024-06-19 22:11:46 - train.py[line:132] - INFO: epoch : 11, train loss : 0.8180, train acc: 0.6588, valid loss : 0.8697, valid acc : 0.5500
2024-06-19 22:11:52 - train.py[line:132] - INFO: epoch : 12, train loss : 0.8168, train acc: 0.6596, valid loss : 0.8830, valid acc : 0.5500
2024-06-19 22:11:57 - train.py[line:132] - INFO: epoch : 13, train loss : 0.8133, train acc: 0.6599, valid loss : 0.8700, valid acc : 0.5929
2024-06-19 22:12:03 - train.py[line:132] - INFO: epoch : 14, train loss : 0.8120, train acc: 0.6613, valid loss : 0.8731, valid acc : 0.5714
2024-06-19 22:12:08 - train.py[line:132] - INFO: epoch : 15, train loss : 0.8093, train acc: 0.6618, valid loss : 0.8669, valid acc : 0.6000
2024-06-19 22:12:13 - train.py[line:132] - INFO: epoch : 16, train loss : 0.8089, train acc: 0.6616, valid loss : 0.8792, valid acc : 0.5714
2024-06-19 22:12:19 - train.py[line:132] - INFO: epoch : 17, train loss : 0.8047, train acc: 0.6638, valid loss : 0.8771, valid acc : 0.5857
2024-06-19 22:12:25 - train.py[line:132] - INFO: epoch : 18, train loss : 0.8037, train acc: 0.6652, valid loss : 0.8759, valid acc : 0.6071
2024-06-19 22:12:30 - train.py[line:132] - INFO: epoch : 19, train loss : 0.8017, train acc: 0.6667, valid loss : 0.8711, valid acc : 0.5857
2024-06-19 22:12:35 - train.py[line:132] - INFO: epoch : 20, train loss : 0.8003, train acc: 0.6666, valid loss : 0.8747, valid acc : 0.5857
2024-06-19 22:12:41 - train.py[line:132] - INFO: epoch : 21, train loss : 0.8001, train acc: 0.6666, valid loss : 0.8515, valid acc : 0.5786
2024-06-19 22:12:46 - train.py[line:132] - INFO: epoch : 22, train loss : 0.7974, train acc: 0.6671, valid loss : 0.8586, valid acc : 0.5857
2024-06-19 22:12:51 - train.py[line:132] - INFO: epoch : 23, train loss : 0.7970, train acc: 0.6660, valid loss : 0.8577, valid acc : 0.6000
2024-06-19 22:12:57 - train.py[line:132] - INFO: epoch : 24, train loss : 0.7959, train acc: 0.6686, valid loss : 0.8597, valid acc : 0.6357
2024-06-19 22:13:02 - train.py[line:132] - INFO: epoch : 25, train loss : 0.7950, train acc: 0.6693, valid loss : 0.8405, valid acc : 0.6071
2024-06-19 22:13:08 - train.py[line:132] - INFO: epoch : 26, train loss : 0.7937, train acc: 0.6693, valid loss : 0.8531, valid acc : 0.5857
2024-06-19 22:13:13 - train.py[line:132] - INFO: epoch : 27, train loss : 0.7916, train acc: 0.6703, valid loss : 0.8491, valid acc : 0.6286
2024-06-19 22:13:19 - train.py[line:132] - INFO: epoch : 28, train loss : 0.7918, train acc: 0.6704, valid loss : 0.8531, valid acc : 0.6000
2024-06-19 22:13:24 - train.py[line:132] - INFO: epoch : 29, train loss : 0.7902, train acc: 0.6712, valid loss : 0.8553, valid acc : 0.6214
2024-06-19 22:13:30 - train.py[line:132] - INFO: epoch : 30, train loss : 0.7887, train acc: 0.6721, valid loss : 0.8457, valid acc : 0.6143
2024-06-19 22:13:35 - train.py[line:132] - INFO: epoch : 31, train loss : 0.7894, train acc: 0.6705, valid loss : 0.8349, valid acc : 0.6643
2024-06-19 22:13:39 - train.py[line:132] - INFO: epoch : 32, train loss : 0.7873, train acc: 0.6719, valid loss : 0.8416, valid acc : 0.6071
2024-06-19 22:13:45 - train.py[line:132] - INFO: epoch : 33, train loss : 0.7863, train acc: 0.6723, valid loss : 0.8374, valid acc : 0.6357
2024-06-19 22:13:50 - train.py[line:132] - INFO: epoch : 34, train loss : 0.7854, train acc: 0.6727, valid loss : 0.8428, valid acc : 0.6000
2024-06-19 22:13:55 - train.py[line:132] - INFO: epoch : 35, train loss : 0.7850, train acc: 0.6748, valid loss : 0.8424, valid acc : 0.6071
2024-06-19 22:14:01 - train.py[line:132] - INFO: epoch : 36, train loss : 0.7844, train acc: 0.6741, valid loss : 0.8357, valid acc : 0.6357
2024-06-19 22:14:06 - train.py[line:132] - INFO: epoch : 37, train loss : 0.7844, train acc: 0.6745, valid loss : 0.8384, valid acc : 0.6143
2024-06-19 22:14:11 - train.py[line:132] - INFO: epoch : 38, train loss : 0.7827, train acc: 0.6744, valid loss : 0.8088, valid acc : 0.6357
2024-06-19 22:14:17 - train.py[line:132] - INFO: epoch : 39, train loss : 0.7819, train acc: 0.6752, valid loss : 0.8315, valid acc : 0.6500
2024-06-19 22:14:23 - train.py[line:132] - INFO: epoch : 40, train loss : 0.7812, train acc: 0.6767, valid loss : 0.8281, valid acc : 0.6286
2024-06-19 22:14:29 - train.py[line:132] - INFO: epoch : 41, train loss : 0.7812, train acc: 0.6761, valid loss : 0.8252, valid acc : 0.6214
2024-06-19 22:14:34 - train.py[line:132] - INFO: epoch : 42, train loss : 0.7797, train acc: 0.6763, valid loss : 0.8321, valid acc : 0.6286
2024-06-19 22:14:40 - train.py[line:132] - INFO: epoch : 43, train loss : 0.7801, train acc: 0.6751, valid loss : 0.8489, valid acc : 0.6143
2024-06-19 22:14:45 - train.py[line:132] - INFO: epoch : 44, train loss : 0.7786, train acc: 0.6777, valid loss : 0.8458, valid acc : 0.6000
2024-06-19 22:14:52 - train.py[line:132] - INFO: epoch : 45, train loss : 0.7785, train acc: 0.6755, valid loss : 0.8393, valid acc : 0.6071
2024-06-19 22:14:58 - train.py[line:132] - INFO: epoch : 46, train loss : 0.7778, train acc: 0.6755, valid loss : 0.8400, valid acc : 0.5857
2024-06-19 22:15:03 - train.py[line:132] - INFO: epoch : 47, train loss : 0.7765, train acc: 0.6785, valid loss : 0.8247, valid acc : 0.6500
2024-06-19 22:15:09 - train.py[line:132] - INFO: epoch : 48, train loss : 0.7775, train acc: 0.6765, valid loss : 0.8264, valid acc : 0.6214
2024-06-19 22:15:14 - train.py[line:132] - INFO: epoch : 49, train loss : 0.7755, train acc: 0.6778, valid loss : 0.8482, valid acc : 0.6286
2024-06-19 22:15:20 - train.py[line:132] - INFO: epoch : 50, train loss : 0.7761, train acc: 0.6776, valid loss : 0.8289, valid acc : 0.6286
2024-06-19 22:15:26 - train.py[line:132] - INFO: epoch : 51, train loss : 0.7748, train acc: 0.6786, valid loss : 0.8520, valid acc : 0.5929
2024-06-19 22:15:31 - train.py[line:132] - INFO: epoch : 52, train loss : 0.7737, train acc: 0.6782, valid loss : 0.8607, valid acc : 0.5786
2024-06-19 22:15:37 - train.py[line:132] - INFO: epoch : 53, train loss : 0.7731, train acc: 0.6779, valid loss : 0.8488, valid acc : 0.6214
2024-06-19 22:15:42 - train.py[line:132] - INFO: epoch : 54, train loss : 0.7746, train acc: 0.6779, valid loss : 0.8456, valid acc : 0.5929
2024-06-19 22:15:47 - train.py[line:132] - INFO: epoch : 55, train loss : 0.7730, train acc: 0.6776, valid loss : 0.8632, valid acc : 0.6000
2024-06-19 22:15:52 - train.py[line:132] - INFO: epoch : 56, train loss : 0.7718, train acc: 0.6784, valid loss : 0.8350, valid acc : 0.6000
2024-06-19 22:15:58 - train.py[line:132] - INFO: epoch : 57, train loss : 0.7714, train acc: 0.6778, valid loss : 0.8297, valid acc : 0.6286
2024-06-19 22:16:03 - train.py[line:132] - INFO: epoch : 58, train loss : 0.7719, train acc: 0.6793, valid loss : 0.8119, valid acc : 0.6357
2024-06-19 22:16:09 - train.py[line:132] - INFO: epoch : 59, train loss : 0.7712, train acc: 0.6798, valid loss : 0.8043, valid acc : 0.6500
2024-06-19 22:16:14 - train.py[line:132] - INFO: epoch : 60, train loss : 0.7703, train acc: 0.6805, valid loss : 0.8298, valid acc : 0.6143
2024-06-19 22:16:20 - train.py[line:132] - INFO: epoch : 61, train loss : 0.7698, train acc: 0.6800, valid loss : 0.8312, valid acc : 0.6429
2024-06-19 22:16:25 - train.py[line:132] - INFO: epoch : 62, train loss : 0.7699, train acc: 0.6800, valid loss : 0.8165, valid acc : 0.6500
2024-06-19 22:16:31 - train.py[line:132] - INFO: epoch : 63, train loss : 0.7691, train acc: 0.6805, valid loss : 0.8514, valid acc : 0.6143
2024-06-19 22:16:37 - train.py[line:132] - INFO: epoch : 64, train loss : 0.7694, train acc: 0.6809, valid loss : 0.8368, valid acc : 0.6357
2024-06-19 22:16:41 - train.py[line:132] - INFO: epoch : 65, train loss : 0.7689, train acc: 0.6804, valid loss : 0.8328, valid acc : 0.6571
2024-06-19 22:16:47 - train.py[line:132] - INFO: epoch : 66, train loss : 0.7682, train acc: 0.6810, valid loss : 0.8902, valid acc : 0.5786
2024-06-19 22:16:53 - train.py[line:132] - INFO: epoch : 67, train loss : 0.7681, train acc: 0.6812, valid loss : 0.8423, valid acc : 0.6357
2024-06-19 22:16:59 - train.py[line:132] - INFO: epoch : 68, train loss : 0.7676, train acc: 0.6821, valid loss : 0.8246, valid acc : 0.6071
2024-06-19 22:17:05 - train.py[line:132] - INFO: epoch : 69, train loss : 0.7671, train acc: 0.6815, valid loss : 0.8561, valid acc : 0.6214
2024-06-19 22:17:10 - train.py[line:132] - INFO: epoch : 70, train loss : 0.7668, train acc: 0.6820, valid loss : 0.8196, valid acc : 0.6357
2024-06-19 22:17:16 - train.py[line:132] - INFO: epoch : 71, train loss : 0.7656, train acc: 0.6815, valid loss : 0.8193, valid acc : 0.6357
2024-06-19 22:17:20 - train.py[line:132] - INFO: epoch : 72, train loss : 0.7651, train acc: 0.6827, valid loss : 0.8342, valid acc : 0.6143
2024-06-19 22:17:26 - train.py[line:132] - INFO: epoch : 73, train loss : 0.7658, train acc: 0.6830, valid loss : 0.8592, valid acc : 0.6214
2024-06-19 22:17:31 - train.py[line:132] - INFO: epoch : 74, train loss : 0.7649, train acc: 0.6822, valid loss : 0.8542, valid acc : 0.6357
2024-06-19 22:17:37 - train.py[line:132] - INFO: epoch : 75, train loss : 0.7645, train acc: 0.6826, valid loss : 0.8233, valid acc : 0.5929
2024-06-19 22:17:42 - train.py[line:132] - INFO: epoch : 76, train loss : 0.7641, train acc: 0.6835, valid loss : 0.8405, valid acc : 0.6000
2024-06-19 22:17:47 - train.py[line:132] - INFO: epoch : 77, train loss : 0.7650, train acc: 0.6825, valid loss : 0.8239, valid acc : 0.6071
2024-06-19 22:17:53 - train.py[line:132] - INFO: epoch : 78, train loss : 0.7640, train acc: 0.6834, valid loss : 0.8206, valid acc : 0.6357
2024-06-19 22:17:58 - train.py[line:132] - INFO: epoch : 79, train loss : 0.7624, train acc: 0.6830, valid loss : 0.8197, valid acc : 0.6214
2024-06-19 22:18:04 - train.py[line:132] - INFO: epoch : 80, train loss : 0.7632, train acc: 0.6834, valid loss : 0.8306, valid acc : 0.6214
2024-06-19 22:18:09 - train.py[line:132] - INFO: epoch : 81, train loss : 0.7631, train acc: 0.6841, valid loss : 0.8254, valid acc : 0.6357
2024-06-19 22:18:15 - train.py[line:132] - INFO: epoch : 82, train loss : 0.7614, train acc: 0.6853, valid loss : 0.8016, valid acc : 0.6429
2024-06-19 22:18:20 - train.py[line:132] - INFO: epoch : 83, train loss : 0.7613, train acc: 0.6844, valid loss : 0.8365, valid acc : 0.6286
2024-06-19 22:18:26 - train.py[line:132] - INFO: epoch : 84, train loss : 0.7624, train acc: 0.6830, valid loss : 0.8492, valid acc : 0.5929
2024-06-19 22:18:31 - train.py[line:132] - INFO: epoch : 85, train loss : 0.7609, train acc: 0.6851, valid loss : 0.8800, valid acc : 0.6143
2024-06-19 22:18:36 - train.py[line:132] - INFO: epoch : 86, train loss : 0.7604, train acc: 0.6847, valid loss : 0.8567, valid acc : 0.6143
2024-06-19 22:18:41 - train.py[line:132] - INFO: epoch : 87, train loss : 0.7599, train acc: 0.6849, valid loss : 0.8455, valid acc : 0.6214
2024-06-19 22:18:46 - train.py[line:132] - INFO: epoch : 88, train loss : 0.7593, train acc: 0.6847, valid loss : 0.8304, valid acc : 0.6071
2024-06-19 22:18:51 - train.py[line:132] - INFO: epoch : 89, train loss : 0.7598, train acc: 0.6839, valid loss : 0.8194, valid acc : 0.6214
2024-06-19 22:18:56 - train.py[line:132] - INFO: epoch : 90, train loss : 0.7604, train acc: 0.6857, valid loss : 0.8214, valid acc : 0.6143
2024-06-19 22:19:01 - train.py[line:132] - INFO: epoch : 91, train loss : 0.7592, train acc: 0.6851, valid loss : 0.8130, valid acc : 0.6357
2024-06-19 22:19:06 - train.py[line:132] - INFO: epoch : 92, train loss : 0.7605, train acc: 0.6851, valid loss : 0.8292, valid acc : 0.6143
2024-06-19 22:19:12 - train.py[line:132] - INFO: epoch : 93, train loss : 0.7594, train acc: 0.6856, valid loss : 0.8275, valid acc : 0.6143
2024-06-19 22:19:17 - train.py[line:132] - INFO: epoch : 94, train loss : 0.7577, train acc: 0.6860, valid loss : 0.8098, valid acc : 0.6357
2024-06-19 22:19:22 - train.py[line:132] - INFO: epoch : 95, train loss : 0.7577, train acc: 0.6864, valid loss : 0.8158, valid acc : 0.6500
2024-06-19 22:19:27 - train.py[line:132] - INFO: epoch : 96, train loss : 0.7579, train acc: 0.6870, valid loss : 0.8169, valid acc : 0.6071
2024-06-19 22:19:32 - train.py[line:132] - INFO: epoch : 97, train loss : 0.7593, train acc: 0.6861, valid loss : 0.8182, valid acc : 0.6000
2024-06-19 22:19:38 - train.py[line:132] - INFO: epoch : 98, train loss : 0.7558, train acc: 0.6864, valid loss : 0.8138, valid acc : 0.6071
2024-06-19 22:19:43 - train.py[line:132] - INFO: epoch : 99, train loss : 0.7570, train acc: 0.6868, valid loss : 0.8324, valid acc : 0.6286
2024-06-19 22:19:48 - train.py[line:132] - INFO: epoch : 100, train loss : 0.7567, train acc: 0.6868, valid loss : 0.8426, valid acc : 0.6071
2024-06-19 22:19:48 - train.py[line:135] - INFO: Training Time of Neural Network: 9.089365828037263 min.
2024-06-19 22:19:48 - train.py[line:149] - INFO: {'tp': 0.271, 'fp': 0.336, 'tn': 0.336, 'fn': 0.057}
2024-06-19 22:19:48 - train.py[line:152] - INFO: Saving Model.
2024-06-19 22:19:48 - train.py[line:154] - INFO: Model saved in path output/temp/model/job-light.pkl
2024-06-23 19:36:27 - featureNew.py[line:276] - INFO: Start loading pickle of train...
2024-06-23 19:36:45 - featureNew.py[line:278] - INFO: Pickle of train loaded, filling nan...
2024-06-23 19:36:46 - featureNew.py[line:286] - INFO: Data num=200000 label1 num=30.16%
2024-06-23 19:36:46 - featureNew.py[line:298] - INFO: Dropping label and id, train raw data shape: (200000, 1177)
2024-06-23 19:36:46 - featureNew.py[line:304] - INFO: train generating wide feats...
2024-06-23 19:36:47 - featureNew.py[line:319] - INFO: train of data shape: (200000, 51)
2024-06-23 19:36:47 - featureNew.py[line:351] - INFO: train col_sel data shape: (200000, 25)
2024-06-23 19:36:50 - featureNew.py[line:367] - INFO: train deep data shape: (200000, 560)
2024-06-23 19:37:07 - featureNew.py[line:276] - INFO: Start loading pickle of train...
2024-06-23 19:37:08 - featureNew.py[line:278] - INFO: Pickle of train loaded, filling nan...
2024-06-23 19:37:09 - featureNew.py[line:286] - INFO: Data num=200000 label1 num=30.16%
2024-06-23 19:37:09 - featureNew.py[line:298] - INFO: Dropping label and id, train raw data shape: (200000, 1177)
2024-06-23 19:37:09 - featureNew.py[line:304] - INFO: train generating wide feats...
2024-06-23 19:37:10 - featureNew.py[line:319] - INFO: train of data shape: (200000, 51)
2024-06-23 19:37:10 - featureNew.py[line:351] - INFO: train col_sel data shape: (200000, 25)
2024-06-23 19:37:13 - featureNew.py[line:367] - INFO: train deep data shape: (200000, 560)
2024-06-23 19:38:19 - featureNew.py[line:276] - INFO: Start loading pickle of train...
2024-06-23 19:38:20 - featureNew.py[line:278] - INFO: Pickle of train loaded, filling nan...
2024-06-23 19:38:21 - featureNew.py[line:286] - INFO: Data num=200000 label1 num=30.16%
2024-06-23 19:38:21 - featureNew.py[line:298] - INFO: Dropping label and id, train raw data shape: (200000, 1177)
2024-06-23 19:38:22 - featureNew.py[line:304] - INFO: train generating wide feats...
2024-06-23 19:38:22 - featureNew.py[line:319] - INFO: train of data shape: (200000, 51)
2024-06-23 19:38:23 - featureNew.py[line:351] - INFO: train col_sel data shape: (200000, 25)
2024-06-23 19:38:26 - featureNew.py[line:367] - INFO: train deep data shape: (200000, 560)
2024-06-23 19:46:21 - featureNew.py[line:276] - INFO: Start loading pickle of train...
2024-06-23 19:46:22 - featureNew.py[line:278] - INFO: Pickle of train loaded, filling nan...
2024-06-23 19:46:23 - featureNew.py[line:286] - INFO: Data num=200000 label1 num=30.16%
2024-06-23 19:46:23 - featureNew.py[line:298] - INFO: Dropping label and id, train raw data shape: (200000, 1177)
2024-06-23 19:46:24 - featureNew.py[line:304] - INFO: train generating wide feats...
2024-06-23 19:46:24 - featureNew.py[line:319] - INFO: train of data shape: (200000, 51)
2024-06-23 19:46:25 - featureNew.py[line:351] - INFO: train col_sel data shape: (200000, 25)
2024-06-23 19:46:27 - featureNew.py[line:367] - INFO: train deep data shape: (200000, 560)
2024-06-23 19:46:29 - featureNew.py[line:379] - INFO: train sql data shape: (200000, 50)
2024-06-23 19:46:34 - featureNew.py[line:408] - INFO: train co data shape: (200000, 45)
2024-06-23 19:46:35 - featureNew.py[line:276] - INFO: Start loading pickle of valid...
2024-06-23 19:46:35 - featureNew.py[line:278] - INFO: Pickle of valid loaded, filling nan...
2024-06-23 19:46:35 - featureNew.py[line:286] - INFO: Data num=140 label1 num=32.86%
2024-06-23 19:46:35 - featureNew.py[line:298] - INFO: Dropping label and id, valid raw data shape: (140, 1177)
2024-06-23 19:46:35 - featureNew.py[line:304] - INFO: valid generating wide feats...
2024-06-23 19:46:35 - featureNew.py[line:319] - INFO: valid of data shape: (140, 51)
2024-06-23 19:46:36 - featureNew.py[line:351] - INFO: valid col_sel data shape: (140, 25)
2024-06-23 19:46:36 - featureNew.py[line:367] - INFO: valid deep data shape: (140, 560)
2024-06-23 19:46:36 - featureNew.py[line:379] - INFO: valid sql data shape: (140, 50)
2024-06-23 19:46:36 - featureNew.py[line:408] - INFO: valid co data shape: (140, 45)
2024-06-23 19:46:36 - train.py[line:106] - INFO: Model input: {'wide': 76, 'deep': 560, 'sql': 50, 'co': 45, 'class0': 139683.997631073, 'class1': 60316.002368927}
2024-06-23 19:46:36 - train.py[line:115] - INFO: Model established: LDSSTransformer2(
  (transformer_encoder): Encoder(
    (dropout): Dropout(p=0.0, inplace=False)
    (layers): Sequential(
      (encoder_layer_0): EncoderBlock(
        (ln_1): LayerNorm((42,), eps=1e-06, elementwise_affine=True)
        (self_attention): MultiheadAttention(
          (out_proj): NonDynamicallyQuantizableLinear(in_features=42, out_features=42, bias=True)
        )
        (dropout): Dropout(p=0.0, inplace=False)
        (ln_2): LayerNorm((42,), eps=1e-06, elementwise_affine=True)
        (mlp): MLPBlock(
          (0): Linear(in_features=42, out_features=43, bias=True)
          (1): GELU(approximate='none')
          (2): Dropout(p=0.0, inplace=False)
          (3): Linear(in_features=43, out_features=42, bias=True)
          (4): Dropout(p=0.0, inplace=False)
        )
      )
      (encoder_layer_1): EncoderBlock(
        (ln_1): LayerNorm((42,), eps=1e-06, elementwise_affine=True)
        (self_attention): MultiheadAttention(
          (out_proj): NonDynamicallyQuantizableLinear(in_features=42, out_features=42, bias=True)
        )
        (dropout): Dropout(p=0.0, inplace=False)
        (ln_2): LayerNorm((42,), eps=1e-06, elementwise_affine=True)
        (mlp): MLPBlock(
          (0): Linear(in_features=42, out_features=43, bias=True)
          (1): GELU(approximate='none')
          (2): Dropout(p=0.0, inplace=False)
          (3): Linear(in_features=43, out_features=42, bias=True)
          (4): Dropout(p=0.0, inplace=False)
        )
      )
      (encoder_layer_2): EncoderBlock(
        (ln_1): LayerNorm((42,), eps=1e-06, elementwise_affine=True)
        (self_attention): MultiheadAttention(
          (out_proj): NonDynamicallyQuantizableLinear(in_features=42, out_features=42, bias=True)
        )
        (dropout): Dropout(p=0.0, inplace=False)
        (ln_2): LayerNorm((42,), eps=1e-06, elementwise_affine=True)
        (mlp): MLPBlock(
          (0): Linear(in_features=42, out_features=43, bias=True)
          (1): GELU(approximate='none')
          (2): Dropout(p=0.0, inplace=False)
          (3): Linear(in_features=43, out_features=42, bias=True)
          (4): Dropout(p=0.0, inplace=False)
        )
      )
      (encoder_layer_3): EncoderBlock(
        (ln_1): LayerNorm((42,), eps=1e-06, elementwise_affine=True)
        (self_attention): MultiheadAttention(
          (out_proj): NonDynamicallyQuantizableLinear(in_features=42, out_features=42, bias=True)
        )
        (dropout): Dropout(p=0.0, inplace=False)
        (ln_2): LayerNorm((42,), eps=1e-06, elementwise_affine=True)
        (mlp): MLPBlock(
          (0): Linear(in_features=42, out_features=43, bias=True)
          (1): GELU(approximate='none')
          (2): Dropout(p=0.0, inplace=False)
          (3): Linear(in_features=43, out_features=42, bias=True)
          (4): Dropout(p=0.0, inplace=False)
        )
      )
      (encoder_layer_4): EncoderBlock(
        (ln_1): LayerNorm((42,), eps=1e-06, elementwise_affine=True)
        (self_attention): MultiheadAttention(
          (out_proj): NonDynamicallyQuantizableLinear(in_features=42, out_features=42, bias=True)
        )
        (dropout): Dropout(p=0.0, inplace=False)
        (ln_2): LayerNorm((42,), eps=1e-06, elementwise_affine=True)
        (mlp): MLPBlock(
          (0): Linear(in_features=42, out_features=43, bias=True)
          (1): GELU(approximate='none')
          (2): Dropout(p=0.0, inplace=False)
          (3): Linear(in_features=43, out_features=42, bias=True)
          (4): Dropout(p=0.0, inplace=False)
        )
      )
      (encoder_layer_5): EncoderBlock(
        (ln_1): LayerNorm((42,), eps=1e-06, elementwise_affine=True)
        (self_attention): MultiheadAttention(
          (out_proj): NonDynamicallyQuantizableLinear(in_features=42, out_features=42, bias=True)
        )
        (dropout): Dropout(p=0.0, inplace=False)
        (ln_2): LayerNorm((42,), eps=1e-06, elementwise_affine=True)
        (mlp): MLPBlock(
          (0): Linear(in_features=42, out_features=43, bias=True)
          (1): GELU(approximate='none')
          (2): Dropout(p=0.0, inplace=False)
          (3): Linear(in_features=43, out_features=42, bias=True)
          (4): Dropout(p=0.0, inplace=False)
        )
      )
    )
    (ln): LayerNorm((42,), eps=1e-06, elementwise_affine=True)
  )
  (dropout): Dropout(p=0.3, inplace=False)
  (sigmoid): Sigmoid()
  (relu): ReLU()
  (fcco): Linear(in_features=45, out_features=42, bias=True)
  (fcsql): Linear(in_features=50, out_features=42, bias=True)
  (fc1): Linear(in_features=560, out_features=42, bias=True)
  (fwide): Linear(in_features=76, out_features=42, bias=True)
  (fc_final): Linear(in_features=42, out_features=1, bias=True)
)
2024-06-23 19:46:36 - train.py[line:121] - INFO: Loss Weights: tensor([1.0000, 2.3159])
2024-06-23 19:46:36 - train.py[line:123] - INFO: Using BCELoss as loss function.
2024-06-23 19:46:36 - train.py[line:125] - INFO: Using Adam as optimization function.
2024-06-23 19:46:36 - train.py[line:128] - INFO: Begin the training of model.
2024-06-23 19:46:43 - train.py[line:132] - INFO: epoch : 1, train loss : 0.9082, train acc: 0.6170, valid loss : 0.8840, valid acc : 0.6214
2024-06-23 19:46:48 - train.py[line:132] - INFO: epoch : 2, train loss : 0.8774, train acc: 0.6320, valid loss : 0.8733, valid acc : 0.6000
2024-06-23 19:46:54 - train.py[line:132] - INFO: epoch : 3, train loss : 0.8624, train acc: 0.6365, valid loss : 0.8782, valid acc : 0.6000
2024-06-23 19:46:59 - train.py[line:132] - INFO: epoch : 4, train loss : 0.8537, train acc: 0.6424, valid loss : 0.8867, valid acc : 0.5929
2024-06-23 19:47:04 - train.py[line:132] - INFO: epoch : 5, train loss : 0.8466, train acc: 0.6485, valid loss : 0.8885, valid acc : 0.5714
2024-06-23 19:47:11 - train.py[line:132] - INFO: epoch : 6, train loss : 0.8407, train acc: 0.6492, valid loss : 0.8869, valid acc : 0.5929
2024-06-23 19:47:16 - train.py[line:132] - INFO: epoch : 7, train loss : 0.8352, train acc: 0.6536, valid loss : 0.8711, valid acc : 0.6000
2024-06-23 19:47:22 - train.py[line:132] - INFO: epoch : 8, train loss : 0.8300, train acc: 0.6535, valid loss : 0.8917, valid acc : 0.5714
2024-06-23 19:47:28 - train.py[line:132] - INFO: epoch : 9, train loss : 0.8264, train acc: 0.6563, valid loss : 0.8815, valid acc : 0.5571
2024-06-23 19:47:33 - train.py[line:132] - INFO: epoch : 10, train loss : 0.8220, train acc: 0.6575, valid loss : 0.8717, valid acc : 0.5786
2024-06-23 19:47:39 - train.py[line:132] - INFO: epoch : 11, train loss : 0.8180, train acc: 0.6588, valid loss : 0.8697, valid acc : 0.5500
2024-06-23 19:47:45 - train.py[line:132] - INFO: epoch : 12, train loss : 0.8168, train acc: 0.6596, valid loss : 0.8830, valid acc : 0.5500
2024-06-23 19:47:50 - train.py[line:132] - INFO: epoch : 13, train loss : 0.8133, train acc: 0.6599, valid loss : 0.8700, valid acc : 0.5929
2024-06-23 19:47:56 - train.py[line:132] - INFO: epoch : 14, train loss : 0.8120, train acc: 0.6613, valid loss : 0.8731, valid acc : 0.5714
2024-06-23 19:48:02 - train.py[line:132] - INFO: epoch : 15, train loss : 0.8093, train acc: 0.6618, valid loss : 0.8669, valid acc : 0.6000
2024-06-23 19:48:07 - train.py[line:132] - INFO: epoch : 16, train loss : 0.8089, train acc: 0.6616, valid loss : 0.8792, valid acc : 0.5714
2024-06-23 19:48:12 - train.py[line:132] - INFO: epoch : 17, train loss : 0.8047, train acc: 0.6638, valid loss : 0.8771, valid acc : 0.5857
2024-06-23 19:48:18 - train.py[line:132] - INFO: epoch : 18, train loss : 0.8037, train acc: 0.6652, valid loss : 0.8759, valid acc : 0.6071
2024-06-23 19:48:24 - train.py[line:132] - INFO: epoch : 19, train loss : 0.8017, train acc: 0.6667, valid loss : 0.8711, valid acc : 0.5857
2024-06-23 19:48:29 - train.py[line:132] - INFO: epoch : 20, train loss : 0.8003, train acc: 0.6666, valid loss : 0.8747, valid acc : 0.5857
2024-06-23 19:48:34 - train.py[line:132] - INFO: epoch : 21, train loss : 0.8001, train acc: 0.6666, valid loss : 0.8515, valid acc : 0.5786
2024-06-23 19:48:40 - train.py[line:132] - INFO: epoch : 22, train loss : 0.7974, train acc: 0.6671, valid loss : 0.8586, valid acc : 0.5857
2024-06-23 19:48:46 - train.py[line:132] - INFO: epoch : 23, train loss : 0.7970, train acc: 0.6660, valid loss : 0.8577, valid acc : 0.6000
2024-06-23 19:48:51 - train.py[line:132] - INFO: epoch : 24, train loss : 0.7959, train acc: 0.6686, valid loss : 0.8597, valid acc : 0.6357
2024-06-23 19:48:57 - train.py[line:132] - INFO: epoch : 25, train loss : 0.7950, train acc: 0.6693, valid loss : 0.8405, valid acc : 0.6071
2024-06-23 19:49:02 - train.py[line:132] - INFO: epoch : 26, train loss : 0.7937, train acc: 0.6693, valid loss : 0.8531, valid acc : 0.5857
2024-06-23 19:49:09 - train.py[line:132] - INFO: epoch : 27, train loss : 0.7916, train acc: 0.6703, valid loss : 0.8491, valid acc : 0.6286
2024-06-23 19:49:14 - train.py[line:132] - INFO: epoch : 28, train loss : 0.7918, train acc: 0.6704, valid loss : 0.8531, valid acc : 0.6000
2024-06-23 19:49:20 - train.py[line:132] - INFO: epoch : 29, train loss : 0.7902, train acc: 0.6712, valid loss : 0.8553, valid acc : 0.6214
2024-06-23 19:49:25 - train.py[line:132] - INFO: epoch : 30, train loss : 0.7887, train acc: 0.6721, valid loss : 0.8457, valid acc : 0.6143
2024-06-23 19:49:31 - train.py[line:132] - INFO: epoch : 31, train loss : 0.7894, train acc: 0.6705, valid loss : 0.8349, valid acc : 0.6643
2024-06-23 19:49:36 - train.py[line:132] - INFO: epoch : 32, train loss : 0.7873, train acc: 0.6719, valid loss : 0.8416, valid acc : 0.6071
2024-06-23 19:49:42 - train.py[line:132] - INFO: epoch : 33, train loss : 0.7863, train acc: 0.6723, valid loss : 0.8374, valid acc : 0.6357
2024-06-23 19:49:48 - train.py[line:132] - INFO: epoch : 34, train loss : 0.7854, train acc: 0.6727, valid loss : 0.8428, valid acc : 0.6000
2024-06-23 19:49:54 - train.py[line:132] - INFO: epoch : 35, train loss : 0.7850, train acc: 0.6748, valid loss : 0.8424, valid acc : 0.6071
2024-06-23 19:49:59 - train.py[line:132] - INFO: epoch : 36, train loss : 0.7844, train acc: 0.6741, valid loss : 0.8357, valid acc : 0.6357
2024-06-23 19:50:04 - train.py[line:132] - INFO: epoch : 37, train loss : 0.7844, train acc: 0.6745, valid loss : 0.8384, valid acc : 0.6143
2024-06-23 19:50:09 - train.py[line:132] - INFO: epoch : 38, train loss : 0.7827, train acc: 0.6744, valid loss : 0.8088, valid acc : 0.6357
2024-06-23 19:50:15 - train.py[line:132] - INFO: epoch : 39, train loss : 0.7819, train acc: 0.6752, valid loss : 0.8315, valid acc : 0.6500
2024-06-23 19:50:20 - train.py[line:132] - INFO: epoch : 40, train loss : 0.7812, train acc: 0.6767, valid loss : 0.8281, valid acc : 0.6286
2024-06-23 19:50:25 - train.py[line:132] - INFO: epoch : 41, train loss : 0.7812, train acc: 0.6761, valid loss : 0.8252, valid acc : 0.6214
2024-06-23 19:50:31 - train.py[line:132] - INFO: epoch : 42, train loss : 0.7797, train acc: 0.6763, valid loss : 0.8321, valid acc : 0.6286
2024-06-23 19:50:37 - train.py[line:132] - INFO: epoch : 43, train loss : 0.7801, train acc: 0.6751, valid loss : 0.8489, valid acc : 0.6143
2024-06-23 19:50:42 - train.py[line:132] - INFO: epoch : 44, train loss : 0.7786, train acc: 0.6777, valid loss : 0.8458, valid acc : 0.6000
2024-06-23 19:50:48 - train.py[line:132] - INFO: epoch : 45, train loss : 0.7785, train acc: 0.6755, valid loss : 0.8393, valid acc : 0.6071
2024-06-23 19:50:54 - train.py[line:132] - INFO: epoch : 46, train loss : 0.7778, train acc: 0.6755, valid loss : 0.8400, valid acc : 0.5857
2024-06-23 19:51:00 - train.py[line:132] - INFO: epoch : 47, train loss : 0.7765, train acc: 0.6785, valid loss : 0.8247, valid acc : 0.6500
2024-06-23 19:51:06 - train.py[line:132] - INFO: epoch : 48, train loss : 0.7775, train acc: 0.6765, valid loss : 0.8264, valid acc : 0.6214
2024-06-23 19:51:12 - train.py[line:132] - INFO: epoch : 49, train loss : 0.7755, train acc: 0.6778, valid loss : 0.8482, valid acc : 0.6286
2024-06-23 19:51:17 - train.py[line:132] - INFO: epoch : 50, train loss : 0.7761, train acc: 0.6776, valid loss : 0.8289, valid acc : 0.6286
2024-06-23 19:51:23 - train.py[line:132] - INFO: epoch : 51, train loss : 0.7748, train acc: 0.6786, valid loss : 0.8520, valid acc : 0.5929
2024-06-23 19:51:28 - train.py[line:132] - INFO: epoch : 52, train loss : 0.7737, train acc: 0.6782, valid loss : 0.8607, valid acc : 0.5786
2024-06-23 19:51:34 - train.py[line:132] - INFO: epoch : 53, train loss : 0.7731, train acc: 0.6779, valid loss : 0.8488, valid acc : 0.6214
2024-06-23 19:51:40 - train.py[line:132] - INFO: epoch : 54, train loss : 0.7746, train acc: 0.6779, valid loss : 0.8456, valid acc : 0.5929
2024-06-23 19:51:45 - train.py[line:132] - INFO: epoch : 55, train loss : 0.7730, train acc: 0.6776, valid loss : 0.8632, valid acc : 0.6000
2024-06-23 19:51:50 - train.py[line:132] - INFO: epoch : 56, train loss : 0.7718, train acc: 0.6784, valid loss : 0.8350, valid acc : 0.6000
2024-06-23 19:51:56 - train.py[line:132] - INFO: epoch : 57, train loss : 0.7714, train acc: 0.6778, valid loss : 0.8297, valid acc : 0.6286
2024-06-23 19:52:01 - train.py[line:132] - INFO: epoch : 58, train loss : 0.7719, train acc: 0.6793, valid loss : 0.8119, valid acc : 0.6357
2024-06-23 19:52:07 - train.py[line:132] - INFO: epoch : 59, train loss : 0.7712, train acc: 0.6798, valid loss : 0.8043, valid acc : 0.6500
2024-06-23 19:52:13 - train.py[line:132] - INFO: epoch : 60, train loss : 0.7703, train acc: 0.6805, valid loss : 0.8298, valid acc : 0.6143
2024-06-23 19:52:18 - train.py[line:132] - INFO: epoch : 61, train loss : 0.7698, train acc: 0.6800, valid loss : 0.8312, valid acc : 0.6429
2024-06-23 19:52:23 - train.py[line:132] - INFO: epoch : 62, train loss : 0.7699, train acc: 0.6800, valid loss : 0.8165, valid acc : 0.6500
2024-06-23 19:52:29 - train.py[line:132] - INFO: epoch : 63, train loss : 0.7691, train acc: 0.6805, valid loss : 0.8514, valid acc : 0.6143
2024-06-23 19:52:35 - train.py[line:132] - INFO: epoch : 64, train loss : 0.7694, train acc: 0.6809, valid loss : 0.8368, valid acc : 0.6357
2024-06-23 19:52:40 - train.py[line:132] - INFO: epoch : 65, train loss : 0.7689, train acc: 0.6804, valid loss : 0.8328, valid acc : 0.6571
2024-06-23 19:52:46 - train.py[line:132] - INFO: epoch : 66, train loss : 0.7682, train acc: 0.6810, valid loss : 0.8902, valid acc : 0.5786
2024-06-23 19:52:52 - train.py[line:132] - INFO: epoch : 67, train loss : 0.7681, train acc: 0.6812, valid loss : 0.8423, valid acc : 0.6357
2024-06-23 19:52:57 - train.py[line:132] - INFO: epoch : 68, train loss : 0.7676, train acc: 0.6821, valid loss : 0.8246, valid acc : 0.6071
2024-06-23 19:53:03 - train.py[line:132] - INFO: epoch : 69, train loss : 0.7671, train acc: 0.6815, valid loss : 0.8561, valid acc : 0.6214
2024-06-23 19:53:09 - train.py[line:132] - INFO: epoch : 70, train loss : 0.7668, train acc: 0.6820, valid loss : 0.8196, valid acc : 0.6357
2024-06-23 19:53:15 - train.py[line:132] - INFO: epoch : 71, train loss : 0.7656, train acc: 0.6815, valid loss : 0.8193, valid acc : 0.6357
2024-06-23 19:53:21 - train.py[line:132] - INFO: epoch : 72, train loss : 0.7651, train acc: 0.6827, valid loss : 0.8342, valid acc : 0.6143
2024-06-23 19:53:28 - train.py[line:132] - INFO: epoch : 73, train loss : 0.7658, train acc: 0.6830, valid loss : 0.8592, valid acc : 0.6214
2024-06-23 19:53:33 - train.py[line:132] - INFO: epoch : 74, train loss : 0.7649, train acc: 0.6822, valid loss : 0.8542, valid acc : 0.6357
2024-06-23 19:53:39 - train.py[line:132] - INFO: epoch : 75, train loss : 0.7645, train acc: 0.6826, valid loss : 0.8233, valid acc : 0.5929
2024-06-23 19:53:44 - train.py[line:132] - INFO: epoch : 76, train loss : 0.7641, train acc: 0.6835, valid loss : 0.8405, valid acc : 0.6000
2024-06-23 19:53:50 - train.py[line:132] - INFO: epoch : 77, train loss : 0.7650, train acc: 0.6825, valid loss : 0.8239, valid acc : 0.6071
2024-06-23 19:53:55 - train.py[line:132] - INFO: epoch : 78, train loss : 0.7640, train acc: 0.6834, valid loss : 0.8206, valid acc : 0.6357
2024-06-23 19:54:01 - train.py[line:132] - INFO: epoch : 79, train loss : 0.7624, train acc: 0.6830, valid loss : 0.8197, valid acc : 0.6214
2024-06-23 19:54:07 - train.py[line:132] - INFO: epoch : 80, train loss : 0.7632, train acc: 0.6834, valid loss : 0.8306, valid acc : 0.6214
2024-06-23 19:54:13 - train.py[line:132] - INFO: epoch : 81, train loss : 0.7631, train acc: 0.6841, valid loss : 0.8254, valid acc : 0.6357
2024-06-23 19:54:18 - train.py[line:132] - INFO: epoch : 82, train loss : 0.7614, train acc: 0.6853, valid loss : 0.8016, valid acc : 0.6429
2024-06-23 19:54:24 - train.py[line:132] - INFO: epoch : 83, train loss : 0.7613, train acc: 0.6844, valid loss : 0.8365, valid acc : 0.6286
2024-06-23 19:54:30 - train.py[line:132] - INFO: epoch : 84, train loss : 0.7624, train acc: 0.6830, valid loss : 0.8492, valid acc : 0.5929
2024-06-23 19:54:35 - train.py[line:132] - INFO: epoch : 85, train loss : 0.7609, train acc: 0.6851, valid loss : 0.8800, valid acc : 0.6143
2024-06-23 19:54:41 - train.py[line:132] - INFO: epoch : 86, train loss : 0.7604, train acc: 0.6847, valid loss : 0.8567, valid acc : 0.6143
2024-06-23 19:54:46 - train.py[line:132] - INFO: epoch : 87, train loss : 0.7599, train acc: 0.6849, valid loss : 0.8455, valid acc : 0.6214
2024-06-23 19:54:52 - train.py[line:132] - INFO: epoch : 88, train loss : 0.7593, train acc: 0.6847, valid loss : 0.8304, valid acc : 0.6071
2024-06-23 19:54:57 - train.py[line:132] - INFO: epoch : 89, train loss : 0.7598, train acc: 0.6839, valid loss : 0.8194, valid acc : 0.6214
2024-06-23 19:55:03 - train.py[line:132] - INFO: epoch : 90, train loss : 0.7604, train acc: 0.6857, valid loss : 0.8214, valid acc : 0.6143
2024-06-23 19:55:09 - train.py[line:132] - INFO: epoch : 91, train loss : 0.7592, train acc: 0.6851, valid loss : 0.8130, valid acc : 0.6357
2024-06-23 19:55:14 - train.py[line:132] - INFO: epoch : 92, train loss : 0.7605, train acc: 0.6851, valid loss : 0.8292, valid acc : 0.6143
2024-06-23 19:55:20 - train.py[line:132] - INFO: epoch : 93, train loss : 0.7594, train acc: 0.6856, valid loss : 0.8275, valid acc : 0.6143
2024-06-23 19:55:25 - train.py[line:132] - INFO: epoch : 94, train loss : 0.7577, train acc: 0.6860, valid loss : 0.8098, valid acc : 0.6357
2024-06-23 19:55:30 - train.py[line:132] - INFO: epoch : 95, train loss : 0.7577, train acc: 0.6864, valid loss : 0.8158, valid acc : 0.6500
2024-06-23 19:55:35 - train.py[line:132] - INFO: epoch : 96, train loss : 0.7579, train acc: 0.6870, valid loss : 0.8169, valid acc : 0.6071
2024-06-23 19:55:41 - train.py[line:132] - INFO: epoch : 97, train loss : 0.7593, train acc: 0.6861, valid loss : 0.8182, valid acc : 0.6000
2024-06-23 19:55:46 - train.py[line:132] - INFO: epoch : 98, train loss : 0.7558, train acc: 0.6864, valid loss : 0.8138, valid acc : 0.6071
2024-06-23 19:55:52 - train.py[line:132] - INFO: epoch : 99, train loss : 0.7570, train acc: 0.6868, valid loss : 0.8324, valid acc : 0.6286
2024-06-23 19:55:57 - train.py[line:132] - INFO: epoch : 100, train loss : 0.7567, train acc: 0.6868, valid loss : 0.8426, valid acc : 0.6071
2024-06-23 19:55:57 - train.py[line:135] - INFO: Training Time of Neural Network: 9.363310698668162 min.
2024-06-23 19:55:57 - train.py[line:149] - INFO: {'tp': 0.271, 'fp': 0.336, 'tn': 0.336, 'fn': 0.057}
2024-06-23 19:55:57 - train.py[line:152] - INFO: Saving Model.
2024-06-23 19:55:58 - train.py[line:154] - INFO: Model saved in path output/temp/model/job-light.pkl
2024-06-23 20:01:48 - featureNew.py[line:276] - INFO: Start loading pickle of train...
2024-06-23 20:01:48 - featureNew.py[line:278] - INFO: Pickle of train loaded, filling nan...
2024-06-23 20:01:48 - featureNew.py[line:286] - INFO: Data num=140 label1 num=32.86%
2024-06-23 20:01:48 - featureNew.py[line:298] - INFO: Dropping label and id, train raw data shape: (140, 1177)
2024-06-23 20:01:48 - featureNew.py[line:304] - INFO: train generating wide feats...
2024-06-23 20:01:48 - featureNew.py[line:319] - INFO: train of data shape: (140, 51)
2024-06-23 20:01:48 - featureNew.py[line:351] - INFO: train col_sel data shape: (140, 25)
2024-06-23 20:01:48 - featureNew.py[line:367] - INFO: train deep data shape: (140, 560)
2024-06-23 20:01:48 - featureNew.py[line:379] - INFO: train sql data shape: (140, 50)
2024-06-23 20:01:48 - featureNew.py[line:408] - INFO: train co data shape: (140, 45)
2024-06-23 20:01:49 - featureNew.py[line:276] - INFO: Start loading pickle of valid...
2024-06-23 20:01:49 - featureNew.py[line:278] - INFO: Pickle of valid loaded, filling nan...
2024-06-23 20:01:49 - featureNew.py[line:286] - INFO: Data num=140 label1 num=32.86%
2024-06-23 20:01:49 - featureNew.py[line:298] - INFO: Dropping label and id, valid raw data shape: (140, 1177)
2024-06-23 20:01:49 - featureNew.py[line:304] - INFO: valid generating wide feats...
2024-06-23 20:01:49 - featureNew.py[line:319] - INFO: valid of data shape: (140, 51)
2024-06-23 20:01:50 - featureNew.py[line:351] - INFO: valid col_sel data shape: (140, 25)
2024-06-23 20:01:50 - featureNew.py[line:367] - INFO: valid deep data shape: (140, 560)
2024-06-23 20:01:50 - featureNew.py[line:379] - INFO: valid sql data shape: (140, 50)
2024-06-23 20:01:50 - featureNew.py[line:408] - INFO: valid co data shape: (140, 45)
2024-06-23 20:01:50 - train.py[line:106] - INFO: Model input: {'wide': 76, 'deep': 560, 'sql': 50, 'co': 45, 'class0': 93.99999856948853, 'class1': 46.000001430511475}
2024-06-23 20:01:50 - train.py[line:115] - INFO: Model established: LDSSTransformer2(
  (transformer_encoder): Encoder(
    (dropout): Dropout(p=0.0, inplace=False)
    (layers): Sequential(
      (encoder_layer_0): EncoderBlock(
        (ln_1): LayerNorm((42,), eps=1e-06, elementwise_affine=True)
        (self_attention): MultiheadAttention(
          (out_proj): NonDynamicallyQuantizableLinear(in_features=42, out_features=42, bias=True)
        )
        (dropout): Dropout(p=0.0, inplace=False)
        (ln_2): LayerNorm((42,), eps=1e-06, elementwise_affine=True)
        (mlp): MLPBlock(
          (0): Linear(in_features=42, out_features=43, bias=True)
          (1): GELU(approximate='none')
          (2): Dropout(p=0.0, inplace=False)
          (3): Linear(in_features=43, out_features=42, bias=True)
          (4): Dropout(p=0.0, inplace=False)
        )
      )
      (encoder_layer_1): EncoderBlock(
        (ln_1): LayerNorm((42,), eps=1e-06, elementwise_affine=True)
        (self_attention): MultiheadAttention(
          (out_proj): NonDynamicallyQuantizableLinear(in_features=42, out_features=42, bias=True)
        )
        (dropout): Dropout(p=0.0, inplace=False)
        (ln_2): LayerNorm((42,), eps=1e-06, elementwise_affine=True)
        (mlp): MLPBlock(
          (0): Linear(in_features=42, out_features=43, bias=True)
          (1): GELU(approximate='none')
          (2): Dropout(p=0.0, inplace=False)
          (3): Linear(in_features=43, out_features=42, bias=True)
          (4): Dropout(p=0.0, inplace=False)
        )
      )
      (encoder_layer_2): EncoderBlock(
        (ln_1): LayerNorm((42,), eps=1e-06, elementwise_affine=True)
        (self_attention): MultiheadAttention(
          (out_proj): NonDynamicallyQuantizableLinear(in_features=42, out_features=42, bias=True)
        )
        (dropout): Dropout(p=0.0, inplace=False)
        (ln_2): LayerNorm((42,), eps=1e-06, elementwise_affine=True)
        (mlp): MLPBlock(
          (0): Linear(in_features=42, out_features=43, bias=True)
          (1): GELU(approximate='none')
          (2): Dropout(p=0.0, inplace=False)
          (3): Linear(in_features=43, out_features=42, bias=True)
          (4): Dropout(p=0.0, inplace=False)
        )
      )
      (encoder_layer_3): EncoderBlock(
        (ln_1): LayerNorm((42,), eps=1e-06, elementwise_affine=True)
        (self_attention): MultiheadAttention(
          (out_proj): NonDynamicallyQuantizableLinear(in_features=42, out_features=42, bias=True)
        )
        (dropout): Dropout(p=0.0, inplace=False)
        (ln_2): LayerNorm((42,), eps=1e-06, elementwise_affine=True)
        (mlp): MLPBlock(
          (0): Linear(in_features=42, out_features=43, bias=True)
          (1): GELU(approximate='none')
          (2): Dropout(p=0.0, inplace=False)
          (3): Linear(in_features=43, out_features=42, bias=True)
          (4): Dropout(p=0.0, inplace=False)
        )
      )
      (encoder_layer_4): EncoderBlock(
        (ln_1): LayerNorm((42,), eps=1e-06, elementwise_affine=True)
        (self_attention): MultiheadAttention(
          (out_proj): NonDynamicallyQuantizableLinear(in_features=42, out_features=42, bias=True)
        )
        (dropout): Dropout(p=0.0, inplace=False)
        (ln_2): LayerNorm((42,), eps=1e-06, elementwise_affine=True)
        (mlp): MLPBlock(
          (0): Linear(in_features=42, out_features=43, bias=True)
          (1): GELU(approximate='none')
          (2): Dropout(p=0.0, inplace=False)
          (3): Linear(in_features=43, out_features=42, bias=True)
          (4): Dropout(p=0.0, inplace=False)
        )
      )
      (encoder_layer_5): EncoderBlock(
        (ln_1): LayerNorm((42,), eps=1e-06, elementwise_affine=True)
        (self_attention): MultiheadAttention(
          (out_proj): NonDynamicallyQuantizableLinear(in_features=42, out_features=42, bias=True)
        )
        (dropout): Dropout(p=0.0, inplace=False)
        (ln_2): LayerNorm((42,), eps=1e-06, elementwise_affine=True)
        (mlp): MLPBlock(
          (0): Linear(in_features=42, out_features=43, bias=True)
          (1): GELU(approximate='none')
          (2): Dropout(p=0.0, inplace=False)
          (3): Linear(in_features=43, out_features=42, bias=True)
          (4): Dropout(p=0.0, inplace=False)
        )
      )
    )
    (ln): LayerNorm((42,), eps=1e-06, elementwise_affine=True)
  )
  (dropout): Dropout(p=0.3, inplace=False)
  (sigmoid): Sigmoid()
  (relu): ReLU()
  (fcco): Linear(in_features=45, out_features=42, bias=True)
  (fcsql): Linear(in_features=50, out_features=42, bias=True)
  (fc1): Linear(in_features=560, out_features=42, bias=True)
  (fwide): Linear(in_features=76, out_features=42, bias=True)
  (fc_final): Linear(in_features=42, out_features=1, bias=True)
)
2024-06-23 20:01:50 - train.py[line:121] - INFO: Loss Weights: tensor([1.0000, 2.0435])
2024-06-23 20:01:50 - train.py[line:123] - INFO: Using BCELoss as loss function.
2024-06-23 20:01:50 - train.py[line:125] - INFO: Using Adam as optimization function.
2024-06-23 20:01:50 - train.py[line:128] - INFO: Begin the training of model.
2024-06-23 20:01:51 - train.py[line:132] - INFO: epoch : 1, train loss : 1.0038, train acc: 0.3143, valid loss : 0.9225, valid acc : 0.6643
2024-06-23 20:01:51 - train.py[line:132] - INFO: epoch : 2, train loss : 0.9371, train acc: 0.6429, valid loss : 0.9086, valid acc : 0.6857
2024-06-23 20:01:51 - train.py[line:132] - INFO: epoch : 3, train loss : 0.9286, train acc: 0.6857, valid loss : 0.8799, valid acc : 0.6857
2024-06-23 20:01:51 - train.py[line:132] - INFO: epoch : 4, train loss : 0.8916, train acc: 0.6786, valid loss : 0.8608, valid acc : 0.6357
2024-06-23 20:01:51 - train.py[line:132] - INFO: epoch : 5, train loss : 0.8805, train acc: 0.6143, valid loss : 0.8530, valid acc : 0.6071
2024-06-23 20:01:51 - train.py[line:132] - INFO: epoch : 6, train loss : 0.8607, train acc: 0.5500, valid loss : 0.8329, valid acc : 0.6500
2024-06-23 20:01:51 - train.py[line:132] - INFO: epoch : 7, train loss : 0.8460, train acc: 0.6500, valid loss : 0.8086, valid acc : 0.6857
2024-06-23 20:01:51 - train.py[line:132] - INFO: epoch : 8, train loss : 0.8307, train acc: 0.6571, valid loss : 0.7918, valid acc : 0.7500
2024-06-23 20:01:51 - train.py[line:132] - INFO: epoch : 9, train loss : 0.8192, train acc: 0.6714, valid loss : 0.7856, valid acc : 0.7500
2024-06-23 20:01:51 - train.py[line:132] - INFO: epoch : 10, train loss : 0.8426, train acc: 0.6929, valid loss : 0.7679, valid acc : 0.7500
2024-06-23 20:01:51 - train.py[line:132] - INFO: epoch : 11, train loss : 0.7946, train acc: 0.7429, valid loss : 0.7467, valid acc : 0.7571
2024-06-23 20:01:51 - train.py[line:132] - INFO: epoch : 12, train loss : 0.8035, train acc: 0.6929, valid loss : 0.7322, valid acc : 0.7786
2024-06-23 20:01:51 - train.py[line:132] - INFO: epoch : 13, train loss : 0.8056, train acc: 0.7071, valid loss : 0.7248, valid acc : 0.7500
2024-06-23 20:01:51 - train.py[line:132] - INFO: epoch : 14, train loss : 0.7707, train acc: 0.7500, valid loss : 0.7147, valid acc : 0.7500
2024-06-23 20:01:51 - train.py[line:132] - INFO: epoch : 15, train loss : 0.7890, train acc: 0.6929, valid loss : 0.7033, valid acc : 0.7429
2024-06-23 20:01:51 - train.py[line:132] - INFO: epoch : 16, train loss : 0.7532, train acc: 0.7214, valid loss : 0.6906, valid acc : 0.7643
2024-06-23 20:01:51 - train.py[line:132] - INFO: epoch : 17, train loss : 0.7930, train acc: 0.7571, valid loss : 0.6867, valid acc : 0.7571
2024-06-23 20:01:51 - train.py[line:132] - INFO: epoch : 18, train loss : 0.7167, train acc: 0.7714, valid loss : 0.6867, valid acc : 0.7500
2024-06-23 20:01:51 - train.py[line:132] - INFO: epoch : 19, train loss : 0.7717, train acc: 0.7357, valid loss : 0.6800, valid acc : 0.7786
2024-06-23 20:01:51 - train.py[line:132] - INFO: epoch : 20, train loss : 0.7575, train acc: 0.7214, valid loss : 0.6731, valid acc : 0.7786
2024-06-23 20:01:51 - train.py[line:132] - INFO: epoch : 21, train loss : 0.7082, train acc: 0.7643, valid loss : 0.6666, valid acc : 0.7786
2024-06-23 20:01:51 - train.py[line:132] - INFO: epoch : 22, train loss : 0.7258, train acc: 0.7357, valid loss : 0.6609, valid acc : 0.7786
2024-06-23 20:01:51 - train.py[line:132] - INFO: epoch : 23, train loss : 0.6935, train acc: 0.7571, valid loss : 0.6535, valid acc : 0.7857
2024-06-23 20:01:51 - train.py[line:132] - INFO: epoch : 24, train loss : 0.7406, train acc: 0.7071, valid loss : 0.6444, valid acc : 0.7929
2024-06-23 20:01:51 - train.py[line:132] - INFO: epoch : 25, train loss : 0.7025, train acc: 0.7929, valid loss : 0.6374, valid acc : 0.7929
2024-06-23 20:01:51 - train.py[line:132] - INFO: epoch : 26, train loss : 0.7219, train acc: 0.7857, valid loss : 0.6308, valid acc : 0.8000
2024-06-23 20:01:51 - train.py[line:132] - INFO: epoch : 27, train loss : 0.7117, train acc: 0.7429, valid loss : 0.6263, valid acc : 0.8000
2024-06-23 20:01:51 - train.py[line:132] - INFO: epoch : 28, train loss : 0.6519, train acc: 0.8143, valid loss : 0.6160, valid acc : 0.8000
2024-06-23 20:01:51 - train.py[line:132] - INFO: epoch : 29, train loss : 0.6360, train acc: 0.8357, valid loss : 0.6078, valid acc : 0.7929
2024-06-23 20:01:51 - train.py[line:132] - INFO: epoch : 30, train loss : 0.6909, train acc: 0.7571, valid loss : 0.6040, valid acc : 0.7643
2024-06-23 20:01:51 - train.py[line:132] - INFO: epoch : 31, train loss : 0.7350, train acc: 0.7071, valid loss : 0.6012, valid acc : 0.7643
2024-06-23 20:01:51 - train.py[line:132] - INFO: epoch : 32, train loss : 0.6777, train acc: 0.7143, valid loss : 0.5893, valid acc : 0.7643
2024-06-23 20:01:51 - train.py[line:132] - INFO: epoch : 33, train loss : 0.6413, train acc: 0.7357, valid loss : 0.5804, valid acc : 0.8071
2024-06-23 20:01:51 - train.py[line:132] - INFO: epoch : 34, train loss : 0.6295, train acc: 0.7571, valid loss : 0.5912, valid acc : 0.8286
2024-06-23 20:01:51 - train.py[line:132] - INFO: epoch : 35, train loss : 0.7018, train acc: 0.7571, valid loss : 0.5862, valid acc : 0.8286
2024-06-23 20:01:51 - train.py[line:132] - INFO: epoch : 36, train loss : 0.7212, train acc: 0.7786, valid loss : 0.5685, valid acc : 0.8286
2024-06-23 20:01:51 - train.py[line:132] - INFO: epoch : 37, train loss : 0.6946, train acc: 0.8214, valid loss : 0.5473, valid acc : 0.8214
2024-06-23 20:01:51 - train.py[line:132] - INFO: epoch : 38, train loss : 0.6152, train acc: 0.7714, valid loss : 0.5400, valid acc : 0.8143
2024-06-23 20:01:52 - train.py[line:132] - INFO: epoch : 39, train loss : 0.5659, train acc: 0.8286, valid loss : 0.5336, valid acc : 0.8000
2024-06-23 20:01:52 - train.py[line:132] - INFO: epoch : 40, train loss : 0.6746, train acc: 0.7571, valid loss : 0.5250, valid acc : 0.8143
2024-06-23 20:01:52 - train.py[line:132] - INFO: epoch : 41, train loss : 0.6742, train acc: 0.7429, valid loss : 0.5178, valid acc : 0.8143
2024-06-23 20:01:52 - train.py[line:132] - INFO: epoch : 42, train loss : 0.6112, train acc: 0.8071, valid loss : 0.5178, valid acc : 0.8357
2024-06-23 20:01:52 - train.py[line:132] - INFO: epoch : 43, train loss : 0.6070, train acc: 0.7714, valid loss : 0.5270, valid acc : 0.8714
2024-06-23 20:01:52 - train.py[line:132] - INFO: epoch : 44, train loss : 0.5806, train acc: 0.7786, valid loss : 0.5308, valid acc : 0.8643
2024-06-23 20:01:52 - train.py[line:132] - INFO: epoch : 45, train loss : 0.6193, train acc: 0.8071, valid loss : 0.5080, valid acc : 0.8643
2024-06-23 20:01:52 - train.py[line:132] - INFO: epoch : 46, train loss : 0.5558, train acc: 0.8000, valid loss : 0.4774, valid acc : 0.8643
2024-06-23 20:01:52 - train.py[line:132] - INFO: epoch : 47, train loss : 0.5093, train acc: 0.8357, valid loss : 0.4602, valid acc : 0.8500
2024-06-23 20:01:52 - train.py[line:132] - INFO: epoch : 48, train loss : 0.5542, train acc: 0.8429, valid loss : 0.4499, valid acc : 0.8429
2024-06-23 20:01:52 - train.py[line:132] - INFO: epoch : 49, train loss : 0.5754, train acc: 0.7786, valid loss : 0.4422, valid acc : 0.8429
2024-06-23 20:01:52 - train.py[line:132] - INFO: epoch : 50, train loss : 0.5574, train acc: 0.8214, valid loss : 0.4361, valid acc : 0.8571
2024-06-23 20:01:52 - train.py[line:132] - INFO: epoch : 51, train loss : 0.5263, train acc: 0.8286, valid loss : 0.4385, valid acc : 0.8643
2024-06-23 20:01:52 - train.py[line:132] - INFO: epoch : 52, train loss : 0.6119, train acc: 0.8071, valid loss : 0.4341, valid acc : 0.8571
2024-06-23 20:01:52 - train.py[line:132] - INFO: epoch : 53, train loss : 0.5117, train acc: 0.8000, valid loss : 0.4288, valid acc : 0.8429
2024-06-23 20:01:52 - train.py[line:132] - INFO: epoch : 54, train loss : 0.5241, train acc: 0.8143, valid loss : 0.4201, valid acc : 0.8429
2024-06-23 20:01:52 - train.py[line:132] - INFO: epoch : 55, train loss : 0.4895, train acc: 0.8429, valid loss : 0.4081, valid acc : 0.8643
2024-06-23 20:01:52 - train.py[line:132] - INFO: epoch : 56, train loss : 0.5242, train acc: 0.8000, valid loss : 0.3982, valid acc : 0.8786
2024-06-23 20:01:52 - train.py[line:132] - INFO: epoch : 57, train loss : 0.4515, train acc: 0.8500, valid loss : 0.3942, valid acc : 0.8857
2024-06-23 20:01:52 - train.py[line:132] - INFO: epoch : 58, train loss : 0.5321, train acc: 0.7643, valid loss : 0.3882, valid acc : 0.8857
2024-06-23 20:01:52 - train.py[line:132] - INFO: epoch : 59, train loss : 0.4550, train acc: 0.8714, valid loss : 0.3706, valid acc : 0.8857
2024-06-23 20:01:52 - train.py[line:132] - INFO: epoch : 60, train loss : 0.5079, train acc: 0.8286, valid loss : 0.3654, valid acc : 0.9000
2024-06-23 20:01:52 - train.py[line:132] - INFO: epoch : 61, train loss : 0.4778, train acc: 0.8286, valid loss : 0.3573, valid acc : 0.9000
2024-06-23 20:01:52 - train.py[line:132] - INFO: epoch : 62, train loss : 0.5355, train acc: 0.7929, valid loss : 0.3514, valid acc : 0.8929
2024-06-23 20:01:52 - train.py[line:132] - INFO: epoch : 63, train loss : 0.4881, train acc: 0.8071, valid loss : 0.3536, valid acc : 0.9000
2024-06-23 20:01:52 - train.py[line:132] - INFO: epoch : 64, train loss : 0.4813, train acc: 0.8214, valid loss : 0.3632, valid acc : 0.9071
2024-06-23 20:01:52 - train.py[line:132] - INFO: epoch : 65, train loss : 0.4538, train acc: 0.8571, valid loss : 0.3581, valid acc : 0.9000
2024-06-23 20:01:52 - train.py[line:132] - INFO: epoch : 66, train loss : 0.5350, train acc: 0.8286, valid loss : 0.3440, valid acc : 0.9071
2024-06-23 20:01:52 - train.py[line:132] - INFO: epoch : 67, train loss : 0.5259, train acc: 0.8143, valid loss : 0.3563, valid acc : 0.8714
2024-06-23 20:01:52 - train.py[line:132] - INFO: epoch : 68, train loss : 0.5200, train acc: 0.8071, valid loss : 0.3737, valid acc : 0.8643
2024-06-23 20:01:52 - train.py[line:132] - INFO: epoch : 69, train loss : 0.5354, train acc: 0.7714, valid loss : 0.3712, valid acc : 0.8786
2024-06-23 20:01:52 - train.py[line:132] - INFO: epoch : 70, train loss : 0.4765, train acc: 0.8357, valid loss : 0.3901, valid acc : 0.8929
2024-06-23 20:01:52 - train.py[line:132] - INFO: epoch : 71, train loss : 0.4758, train acc: 0.8357, valid loss : 0.4098, valid acc : 0.9000
2024-06-23 20:01:52 - train.py[line:132] - INFO: epoch : 72, train loss : 0.4761, train acc: 0.8786, valid loss : 0.3938, valid acc : 0.9000
2024-06-23 20:01:52 - train.py[line:132] - INFO: epoch : 73, train loss : 0.4597, train acc: 0.9000, valid loss : 0.3459, valid acc : 0.9000
2024-06-23 20:01:52 - train.py[line:132] - INFO: epoch : 74, train loss : 0.4278, train acc: 0.8571, valid loss : 0.3254, valid acc : 0.8929
2024-06-23 20:01:52 - train.py[line:132] - INFO: epoch : 75, train loss : 0.4110, train acc: 0.8571, valid loss : 0.3218, valid acc : 0.8786
2024-06-23 20:01:52 - train.py[line:132] - INFO: epoch : 76, train loss : 0.4532, train acc: 0.7857, valid loss : 0.3180, valid acc : 0.8786
2024-06-23 20:01:52 - train.py[line:132] - INFO: epoch : 77, train loss : 0.3647, train acc: 0.8429, valid loss : 0.3130, valid acc : 0.8857
2024-06-23 20:01:52 - train.py[line:132] - INFO: epoch : 78, train loss : 0.4164, train acc: 0.8429, valid loss : 0.3163, valid acc : 0.8929
2024-06-23 20:01:52 - train.py[line:132] - INFO: epoch : 79, train loss : 0.3700, train acc: 0.8500, valid loss : 0.3415, valid acc : 0.8929
2024-06-23 20:01:52 - train.py[line:132] - INFO: epoch : 80, train loss : 0.4462, train acc: 0.8357, valid loss : 0.3537, valid acc : 0.8929
2024-06-23 20:01:52 - train.py[line:132] - INFO: epoch : 81, train loss : 0.5195, train acc: 0.8500, valid loss : 0.3129, valid acc : 0.8929
2024-06-23 20:01:52 - train.py[line:132] - INFO: epoch : 82, train loss : 0.3584, train acc: 0.8786, valid loss : 0.3096, valid acc : 0.8929
2024-06-23 20:01:52 - train.py[line:132] - INFO: epoch : 83, train loss : 0.4449, train acc: 0.8000, valid loss : 0.3292, valid acc : 0.8714
2024-06-23 20:01:52 - train.py[line:132] - INFO: epoch : 84, train loss : 0.4670, train acc: 0.8357, valid loss : 0.3164, valid acc : 0.8786
2024-06-23 20:01:52 - train.py[line:132] - INFO: epoch : 85, train loss : 0.4178, train acc: 0.8357, valid loss : 0.2949, valid acc : 0.9071
2024-06-23 20:01:53 - train.py[line:132] - INFO: epoch : 86, train loss : 0.3815, train acc: 0.8786, valid loss : 0.3072, valid acc : 0.9143
2024-06-23 20:01:53 - train.py[line:132] - INFO: epoch : 87, train loss : 0.4277, train acc: 0.8500, valid loss : 0.3208, valid acc : 0.9071
2024-06-23 20:01:53 - train.py[line:132] - INFO: epoch : 88, train loss : 0.3880, train acc: 0.8857, valid loss : 0.3083, valid acc : 0.9071
2024-06-23 20:01:53 - train.py[line:132] - INFO: epoch : 89, train loss : 0.4458, train acc: 0.8643, valid loss : 0.2927, valid acc : 0.9071
2024-06-23 20:01:53 - train.py[line:132] - INFO: epoch : 90, train loss : 0.3704, train acc: 0.8857, valid loss : 0.2921, valid acc : 0.8857
2024-06-23 20:01:53 - train.py[line:132] - INFO: epoch : 91, train loss : 0.3757, train acc: 0.8357, valid loss : 0.2890, valid acc : 0.8857
2024-06-23 20:01:53 - train.py[line:132] - INFO: epoch : 92, train loss : 0.4107, train acc: 0.8500, valid loss : 0.2792, valid acc : 0.8929
2024-06-23 20:01:53 - train.py[line:132] - INFO: epoch : 93, train loss : 0.3755, train acc: 0.8643, valid loss : 0.2705, valid acc : 0.9000
2024-06-23 20:01:53 - train.py[line:132] - INFO: epoch : 94, train loss : 0.3350, train acc: 0.9000, valid loss : 0.2780, valid acc : 0.9071
2024-06-23 20:01:53 - train.py[line:132] - INFO: epoch : 95, train loss : 0.4183, train acc: 0.8714, valid loss : 0.2795, valid acc : 0.9071
2024-06-23 20:01:53 - train.py[line:132] - INFO: epoch : 96, train loss : 0.3254, train acc: 0.8929, valid loss : 0.2697, valid acc : 0.9071
2024-06-23 20:01:53 - train.py[line:132] - INFO: epoch : 97, train loss : 0.3700, train acc: 0.8857, valid loss : 0.2568, valid acc : 0.9000
2024-06-23 20:01:53 - train.py[line:132] - INFO: epoch : 98, train loss : 0.4020, train acc: 0.8786, valid loss : 0.2570, valid acc : 0.9000
2024-06-23 20:01:53 - train.py[line:132] - INFO: epoch : 99, train loss : 0.4096, train acc: 0.8429, valid loss : 0.2707, valid acc : 0.8857
2024-06-23 20:01:53 - train.py[line:132] - INFO: epoch : 100, train loss : 0.3085, train acc: 0.8857, valid loss : 0.2629, valid acc : 0.8857
2024-06-23 20:01:53 - train.py[line:135] - INFO: Training Time of Neural Network: 0.05145723025004069 min.
2024-06-23 20:01:53 - train.py[line:149] - INFO: {'tp': 0.314, 'fp': 0.1, 'tn': 0.571, 'fn': 0.014}
2024-06-23 20:01:53 - train.py[line:152] - INFO: Saving Model.
2024-06-23 20:01:53 - train.py[line:154] - INFO: Model saved in path output/temp/model/job-light.pkl
2024-08-08 16:09:03 - featureNew.py[line:276] - INFO: Start loading pickle of train...
2024-08-08 16:09:13 - featureNew.py[line:278] - INFO: Pickle of train loaded, filling nan...
2024-08-08 16:09:14 - featureNew.py[line:286] - INFO: Data num=200000 label1 num=30.16%
2024-08-08 16:09:14 - featureNew.py[line:298] - INFO: Dropping label and id, train raw data shape: (200000, 1177)
2024-08-08 16:09:14 - featureNew.py[line:304] - INFO: train generating wide feats...
2024-08-08 16:09:15 - featureNew.py[line:319] - INFO: train of data shape: (200000, 51)
2024-08-08 16:09:15 - featureNew.py[line:351] - INFO: train col_sel data shape: (200000, 25)
2024-08-08 16:09:18 - featureNew.py[line:367] - INFO: train deep data shape: (200000, 560)
2024-08-08 16:09:20 - featureNew.py[line:379] - INFO: train sql data shape: (200000, 50)
2024-08-08 16:09:25 - featureNew.py[line:408] - INFO: train co data shape: (200000, 45)
2024-08-08 16:09:26 - featureNew.py[line:276] - INFO: Start loading pickle of valid...
2024-08-08 16:09:26 - featureNew.py[line:278] - INFO: Pickle of valid loaded, filling nan...
2024-08-08 16:09:26 - featureNew.py[line:286] - INFO: Data num=140 label1 num=32.86%
2024-08-08 16:09:26 - featureNew.py[line:298] - INFO: Dropping label and id, valid raw data shape: (140, 1177)
2024-08-08 16:09:26 - featureNew.py[line:304] - INFO: valid generating wide feats...
2024-08-08 16:09:26 - featureNew.py[line:319] - INFO: valid of data shape: (140, 51)
2024-08-08 16:09:26 - featureNew.py[line:351] - INFO: valid col_sel data shape: (140, 25)
2024-08-08 16:09:26 - featureNew.py[line:367] - INFO: valid deep data shape: (140, 560)
2024-08-08 16:09:26 - featureNew.py[line:379] - INFO: valid sql data shape: (140, 50)
2024-08-08 16:09:26 - featureNew.py[line:408] - INFO: valid co data shape: (140, 45)
2024-08-08 16:09:26 - train.py[line:106] - INFO: Model input: {'wide': 76, 'deep': 560, 'sql': 50, 'co': 45, 'class0': 139683.997631073, 'class1': 60316.002368927}
2024-08-08 16:09:26 - train.py[line:117] - INFO: Model established: LDSSTransformer2(
  (transformer_encoder): Encoder(
    (dropout): Dropout(p=0.0, inplace=False)
    (layers): Sequential(
      (encoder_layer_0): EncoderBlock(
        (ln_1): LayerNorm((42,), eps=1e-06, elementwise_affine=True)
        (self_attention): MultiheadAttention(
          (out_proj): NonDynamicallyQuantizableLinear(in_features=42, out_features=42, bias=True)
        )
        (dropout): Dropout(p=0.0, inplace=False)
        (ln_2): LayerNorm((42,), eps=1e-06, elementwise_affine=True)
        (mlp): MLPBlock(
          (0): Linear(in_features=42, out_features=43, bias=True)
          (1): GELU(approximate='none')
          (2): Dropout(p=0.0, inplace=False)
          (3): Linear(in_features=43, out_features=42, bias=True)
          (4): Dropout(p=0.0, inplace=False)
        )
      )
      (encoder_layer_1): EncoderBlock(
        (ln_1): LayerNorm((42,), eps=1e-06, elementwise_affine=True)
        (self_attention): MultiheadAttention(
          (out_proj): NonDynamicallyQuantizableLinear(in_features=42, out_features=42, bias=True)
        )
        (dropout): Dropout(p=0.0, inplace=False)
        (ln_2): LayerNorm((42,), eps=1e-06, elementwise_affine=True)
        (mlp): MLPBlock(
          (0): Linear(in_features=42, out_features=43, bias=True)
          (1): GELU(approximate='none')
          (2): Dropout(p=0.0, inplace=False)
          (3): Linear(in_features=43, out_features=42, bias=True)
          (4): Dropout(p=0.0, inplace=False)
        )
      )
      (encoder_layer_2): EncoderBlock(
        (ln_1): LayerNorm((42,), eps=1e-06, elementwise_affine=True)
        (self_attention): MultiheadAttention(
          (out_proj): NonDynamicallyQuantizableLinear(in_features=42, out_features=42, bias=True)
        )
        (dropout): Dropout(p=0.0, inplace=False)
        (ln_2): LayerNorm((42,), eps=1e-06, elementwise_affine=True)
        (mlp): MLPBlock(
          (0): Linear(in_features=42, out_features=43, bias=True)
          (1): GELU(approximate='none')
          (2): Dropout(p=0.0, inplace=False)
          (3): Linear(in_features=43, out_features=42, bias=True)
          (4): Dropout(p=0.0, inplace=False)
        )
      )
      (encoder_layer_3): EncoderBlock(
        (ln_1): LayerNorm((42,), eps=1e-06, elementwise_affine=True)
        (self_attention): MultiheadAttention(
          (out_proj): NonDynamicallyQuantizableLinear(in_features=42, out_features=42, bias=True)
        )
        (dropout): Dropout(p=0.0, inplace=False)
        (ln_2): LayerNorm((42,), eps=1e-06, elementwise_affine=True)
        (mlp): MLPBlock(
          (0): Linear(in_features=42, out_features=43, bias=True)
          (1): GELU(approximate='none')
          (2): Dropout(p=0.0, inplace=False)
          (3): Linear(in_features=43, out_features=42, bias=True)
          (4): Dropout(p=0.0, inplace=False)
        )
      )
      (encoder_layer_4): EncoderBlock(
        (ln_1): LayerNorm((42,), eps=1e-06, elementwise_affine=True)
        (self_attention): MultiheadAttention(
          (out_proj): NonDynamicallyQuantizableLinear(in_features=42, out_features=42, bias=True)
        )
        (dropout): Dropout(p=0.0, inplace=False)
        (ln_2): LayerNorm((42,), eps=1e-06, elementwise_affine=True)
        (mlp): MLPBlock(
          (0): Linear(in_features=42, out_features=43, bias=True)
          (1): GELU(approximate='none')
          (2): Dropout(p=0.0, inplace=False)
          (3): Linear(in_features=43, out_features=42, bias=True)
          (4): Dropout(p=0.0, inplace=False)
        )
      )
      (encoder_layer_5): EncoderBlock(
        (ln_1): LayerNorm((42,), eps=1e-06, elementwise_affine=True)
        (self_attention): MultiheadAttention(
          (out_proj): NonDynamicallyQuantizableLinear(in_features=42, out_features=42, bias=True)
        )
        (dropout): Dropout(p=0.0, inplace=False)
        (ln_2): LayerNorm((42,), eps=1e-06, elementwise_affine=True)
        (mlp): MLPBlock(
          (0): Linear(in_features=42, out_features=43, bias=True)
          (1): GELU(approximate='none')
          (2): Dropout(p=0.0, inplace=False)
          (3): Linear(in_features=43, out_features=42, bias=True)
          (4): Dropout(p=0.0, inplace=False)
        )
      )
    )
    (ln): LayerNorm((42,), eps=1e-06, elementwise_affine=True)
  )
  (dropout): Dropout(p=0.3, inplace=False)
  (sigmoid): Sigmoid()
  (relu): ReLU()
  (fcco): Linear(in_features=45, out_features=42, bias=True)
  (fcsql): Linear(in_features=50, out_features=42, bias=True)
  (fc1): Linear(in_features=560, out_features=42, bias=True)
  (fwide): Linear(in_features=76, out_features=42, bias=True)
  (fc_final): Linear(in_features=42, out_features=1, bias=True)
)
2024-08-08 16:09:26 - train.py[line:125] - INFO: Loss Weights: tensor([1.0000, 2.3159])
2024-08-08 16:09:26 - train.py[line:127] - INFO: Using BCELoss as loss function.
2024-08-08 16:09:26 - train.py[line:129] - INFO: Using Adam as optimization function.
2024-08-08 16:09:26 - train.py[line:132] - INFO: Begin the training of model.
2024-08-08 16:09:33 - train.py[line:136] - INFO: epoch : 1, train loss : 0.9082, train acc: 0.6170, valid loss : 0.8840, valid acc : 0.6214
2024-08-08 16:09:39 - train.py[line:136] - INFO: epoch : 2, train loss : 0.8774, train acc: 0.6320, valid loss : 0.8733, valid acc : 0.6000
2024-08-08 16:09:44 - train.py[line:136] - INFO: epoch : 3, train loss : 0.8624, train acc: 0.6365, valid loss : 0.8782, valid acc : 0.6000
2024-08-08 16:09:49 - train.py[line:136] - INFO: epoch : 4, train loss : 0.8537, train acc: 0.6424, valid loss : 0.8867, valid acc : 0.5929
2024-08-08 16:09:54 - train.py[line:136] - INFO: epoch : 5, train loss : 0.8466, train acc: 0.6485, valid loss : 0.8885, valid acc : 0.5714
2024-08-08 16:10:00 - train.py[line:136] - INFO: epoch : 6, train loss : 0.8407, train acc: 0.6492, valid loss : 0.8869, valid acc : 0.5929
2024-08-08 16:10:06 - train.py[line:136] - INFO: epoch : 7, train loss : 0.8352, train acc: 0.6536, valid loss : 0.8711, valid acc : 0.6000
2024-08-08 16:10:11 - train.py[line:136] - INFO: epoch : 8, train loss : 0.8300, train acc: 0.6535, valid loss : 0.8917, valid acc : 0.5714
2024-08-08 16:10:16 - train.py[line:136] - INFO: epoch : 9, train loss : 0.8264, train acc: 0.6563, valid loss : 0.8815, valid acc : 0.5571
2024-08-08 16:10:21 - train.py[line:136] - INFO: epoch : 10, train loss : 0.8220, train acc: 0.6575, valid loss : 0.8717, valid acc : 0.5786
2024-08-08 16:10:26 - train.py[line:136] - INFO: epoch : 11, train loss : 0.8180, train acc: 0.6588, valid loss : 0.8697, valid acc : 0.5500
2024-08-08 16:10:31 - train.py[line:136] - INFO: epoch : 12, train loss : 0.8168, train acc: 0.6596, valid loss : 0.8830, valid acc : 0.5500
2024-08-08 16:10:36 - train.py[line:136] - INFO: epoch : 13, train loss : 0.8133, train acc: 0.6599, valid loss : 0.8700, valid acc : 0.5929
2024-08-08 16:10:41 - train.py[line:136] - INFO: epoch : 14, train loss : 0.8120, train acc: 0.6613, valid loss : 0.8731, valid acc : 0.5714
2024-08-08 16:10:46 - train.py[line:136] - INFO: epoch : 15, train loss : 0.8093, train acc: 0.6618, valid loss : 0.8669, valid acc : 0.6000
2024-08-08 16:10:51 - train.py[line:136] - INFO: epoch : 16, train loss : 0.8089, train acc: 0.6616, valid loss : 0.8792, valid acc : 0.5714
2024-08-08 16:10:56 - train.py[line:136] - INFO: epoch : 17, train loss : 0.8047, train acc: 0.6638, valid loss : 0.8771, valid acc : 0.5857
2024-08-08 16:11:02 - train.py[line:136] - INFO: epoch : 18, train loss : 0.8037, train acc: 0.6652, valid loss : 0.8759, valid acc : 0.6071
2024-08-08 16:11:07 - train.py[line:136] - INFO: epoch : 19, train loss : 0.8017, train acc: 0.6667, valid loss : 0.8711, valid acc : 0.5857
2024-08-08 16:11:12 - train.py[line:136] - INFO: epoch : 20, train loss : 0.8003, train acc: 0.6666, valid loss : 0.8747, valid acc : 0.5857
2024-08-08 16:11:17 - train.py[line:136] - INFO: epoch : 21, train loss : 0.8001, train acc: 0.6666, valid loss : 0.8515, valid acc : 0.5786
2024-08-08 16:11:22 - train.py[line:136] - INFO: epoch : 22, train loss : 0.7974, train acc: 0.6671, valid loss : 0.8586, valid acc : 0.5857
2024-08-08 16:11:27 - train.py[line:136] - INFO: epoch : 23, train loss : 0.7970, train acc: 0.6660, valid loss : 0.8577, valid acc : 0.6000
2024-08-08 16:11:32 - train.py[line:136] - INFO: epoch : 24, train loss : 0.7959, train acc: 0.6686, valid loss : 0.8597, valid acc : 0.6357
2024-08-08 16:11:37 - train.py[line:136] - INFO: epoch : 25, train loss : 0.7950, train acc: 0.6693, valid loss : 0.8405, valid acc : 0.6071
2024-08-08 16:11:42 - train.py[line:136] - INFO: epoch : 26, train loss : 0.7937, train acc: 0.6693, valid loss : 0.8531, valid acc : 0.5857
2024-08-08 16:11:48 - train.py[line:136] - INFO: epoch : 27, train loss : 0.7916, train acc: 0.6703, valid loss : 0.8491, valid acc : 0.6286
2024-08-08 16:11:53 - train.py[line:136] - INFO: epoch : 28, train loss : 0.7918, train acc: 0.6704, valid loss : 0.8531, valid acc : 0.6000
2024-08-08 16:11:59 - train.py[line:136] - INFO: epoch : 29, train loss : 0.7902, train acc: 0.6712, valid loss : 0.8553, valid acc : 0.6214
2024-08-08 16:12:04 - train.py[line:136] - INFO: epoch : 30, train loss : 0.7887, train acc: 0.6721, valid loss : 0.8457, valid acc : 0.6143
2024-08-08 16:12:09 - train.py[line:136] - INFO: epoch : 31, train loss : 0.7894, train acc: 0.6705, valid loss : 0.8349, valid acc : 0.6643
2024-08-08 16:12:14 - train.py[line:136] - INFO: epoch : 32, train loss : 0.7873, train acc: 0.6719, valid loss : 0.8416, valid acc : 0.6071
2024-08-08 16:12:20 - train.py[line:136] - INFO: epoch : 33, train loss : 0.7863, train acc: 0.6723, valid loss : 0.8374, valid acc : 0.6357
2024-08-08 16:12:24 - train.py[line:136] - INFO: epoch : 34, train loss : 0.7854, train acc: 0.6727, valid loss : 0.8428, valid acc : 0.6000
2024-08-08 16:12:30 - train.py[line:136] - INFO: epoch : 35, train loss : 0.7850, train acc: 0.6748, valid loss : 0.8424, valid acc : 0.6071
2024-08-08 16:12:35 - train.py[line:136] - INFO: epoch : 36, train loss : 0.7844, train acc: 0.6741, valid loss : 0.8357, valid acc : 0.6357
2024-08-08 16:12:40 - train.py[line:136] - INFO: epoch : 37, train loss : 0.7844, train acc: 0.6745, valid loss : 0.8384, valid acc : 0.6143
2024-08-08 16:12:45 - train.py[line:136] - INFO: epoch : 38, train loss : 0.7827, train acc: 0.6744, valid loss : 0.8088, valid acc : 0.6357
2024-08-08 16:12:50 - train.py[line:136] - INFO: epoch : 39, train loss : 0.7819, train acc: 0.6752, valid loss : 0.8315, valid acc : 0.6500
2024-08-08 16:12:56 - train.py[line:136] - INFO: epoch : 40, train loss : 0.7812, train acc: 0.6767, valid loss : 0.8281, valid acc : 0.6286
2024-08-08 16:13:01 - train.py[line:136] - INFO: epoch : 41, train loss : 0.7812, train acc: 0.6761, valid loss : 0.8252, valid acc : 0.6214
2024-08-08 16:13:05 - train.py[line:136] - INFO: epoch : 42, train loss : 0.7797, train acc: 0.6763, valid loss : 0.8321, valid acc : 0.6286
2024-08-08 16:13:10 - train.py[line:136] - INFO: epoch : 43, train loss : 0.7801, train acc: 0.6751, valid loss : 0.8489, valid acc : 0.6143
2024-08-08 16:13:16 - train.py[line:136] - INFO: epoch : 44, train loss : 0.7786, train acc: 0.6777, valid loss : 0.8458, valid acc : 0.6000
2024-08-08 16:13:21 - train.py[line:136] - INFO: epoch : 45, train loss : 0.7785, train acc: 0.6755, valid loss : 0.8393, valid acc : 0.6071
2024-08-08 16:13:26 - train.py[line:136] - INFO: epoch : 46, train loss : 0.7778, train acc: 0.6755, valid loss : 0.8400, valid acc : 0.5857
2024-08-08 16:13:31 - train.py[line:136] - INFO: epoch : 47, train loss : 0.7765, train acc: 0.6785, valid loss : 0.8247, valid acc : 0.6500
2024-08-08 16:13:36 - train.py[line:136] - INFO: epoch : 48, train loss : 0.7775, train acc: 0.6765, valid loss : 0.8264, valid acc : 0.6214
2024-08-08 16:13:41 - train.py[line:136] - INFO: epoch : 49, train loss : 0.7755, train acc: 0.6778, valid loss : 0.8482, valid acc : 0.6286
2024-08-08 16:13:46 - train.py[line:136] - INFO: epoch : 50, train loss : 0.7761, train acc: 0.6776, valid loss : 0.8289, valid acc : 0.6286
2024-08-08 16:13:50 - train.py[line:136] - INFO: epoch : 51, train loss : 0.7748, train acc: 0.6786, valid loss : 0.8520, valid acc : 0.5929
2024-08-08 16:13:55 - train.py[line:136] - INFO: epoch : 52, train loss : 0.7737, train acc: 0.6782, valid loss : 0.8607, valid acc : 0.5786
2024-08-08 16:13:59 - train.py[line:136] - INFO: epoch : 53, train loss : 0.7731, train acc: 0.6779, valid loss : 0.8488, valid acc : 0.6214
2024-08-08 16:14:05 - train.py[line:136] - INFO: epoch : 54, train loss : 0.7746, train acc: 0.6779, valid loss : 0.8456, valid acc : 0.5929
2024-08-08 16:14:10 - train.py[line:136] - INFO: epoch : 55, train loss : 0.7730, train acc: 0.6776, valid loss : 0.8632, valid acc : 0.6000
2024-08-08 16:14:15 - train.py[line:136] - INFO: epoch : 56, train loss : 0.7718, train acc: 0.6784, valid loss : 0.8350, valid acc : 0.6000
2024-08-08 16:14:20 - train.py[line:136] - INFO: epoch : 57, train loss : 0.7714, train acc: 0.6778, valid loss : 0.8297, valid acc : 0.6286
2024-08-08 16:14:25 - train.py[line:136] - INFO: epoch : 58, train loss : 0.7719, train acc: 0.6793, valid loss : 0.8119, valid acc : 0.6357
2024-08-08 16:14:30 - train.py[line:136] - INFO: epoch : 59, train loss : 0.7712, train acc: 0.6798, valid loss : 0.8043, valid acc : 0.6500
2024-08-08 16:14:35 - train.py[line:136] - INFO: epoch : 60, train loss : 0.7703, train acc: 0.6805, valid loss : 0.8298, valid acc : 0.6143
2024-08-08 16:14:40 - train.py[line:136] - INFO: epoch : 61, train loss : 0.7698, train acc: 0.6800, valid loss : 0.8312, valid acc : 0.6429
2024-08-08 16:14:46 - train.py[line:136] - INFO: epoch : 62, train loss : 0.7699, train acc: 0.6800, valid loss : 0.8165, valid acc : 0.6500
2024-08-08 16:14:51 - train.py[line:136] - INFO: epoch : 63, train loss : 0.7691, train acc: 0.6805, valid loss : 0.8514, valid acc : 0.6143
2024-08-08 16:14:56 - train.py[line:136] - INFO: epoch : 64, train loss : 0.7694, train acc: 0.6809, valid loss : 0.8368, valid acc : 0.6357
2024-08-08 16:15:01 - train.py[line:136] - INFO: epoch : 65, train loss : 0.7689, train acc: 0.6804, valid loss : 0.8328, valid acc : 0.6571
2024-08-08 16:15:07 - train.py[line:136] - INFO: epoch : 66, train loss : 0.7682, train acc: 0.6810, valid loss : 0.8902, valid acc : 0.5786
2024-08-08 16:15:12 - train.py[line:136] - INFO: epoch : 67, train loss : 0.7681, train acc: 0.6812, valid loss : 0.8423, valid acc : 0.6357
2024-08-08 16:15:16 - train.py[line:136] - INFO: epoch : 68, train loss : 0.7676, train acc: 0.6821, valid loss : 0.8246, valid acc : 0.6071
2024-08-08 16:15:21 - train.py[line:136] - INFO: epoch : 69, train loss : 0.7671, train acc: 0.6815, valid loss : 0.8561, valid acc : 0.6214
2024-08-08 16:15:26 - train.py[line:136] - INFO: epoch : 70, train loss : 0.7668, train acc: 0.6820, valid loss : 0.8196, valid acc : 0.6357
2024-08-08 16:15:31 - train.py[line:136] - INFO: epoch : 71, train loss : 0.7656, train acc: 0.6815, valid loss : 0.8193, valid acc : 0.6357
2024-08-08 16:15:36 - train.py[line:136] - INFO: epoch : 72, train loss : 0.7651, train acc: 0.6827, valid loss : 0.8342, valid acc : 0.6143
2024-08-08 16:15:40 - train.py[line:136] - INFO: epoch : 73, train loss : 0.7658, train acc: 0.6830, valid loss : 0.8592, valid acc : 0.6214
2024-08-08 16:15:45 - train.py[line:136] - INFO: epoch : 74, train loss : 0.7649, train acc: 0.6822, valid loss : 0.8542, valid acc : 0.6357
2024-08-08 16:15:50 - train.py[line:136] - INFO: epoch : 75, train loss : 0.7645, train acc: 0.6826, valid loss : 0.8233, valid acc : 0.5929
2024-08-08 16:15:54 - train.py[line:136] - INFO: epoch : 76, train loss : 0.7641, train acc: 0.6835, valid loss : 0.8405, valid acc : 0.6000
2024-08-08 16:16:00 - train.py[line:136] - INFO: epoch : 77, train loss : 0.7650, train acc: 0.6825, valid loss : 0.8239, valid acc : 0.6071
2024-08-08 16:16:05 - train.py[line:136] - INFO: epoch : 78, train loss : 0.7640, train acc: 0.6834, valid loss : 0.8206, valid acc : 0.6357
2024-08-08 16:16:10 - train.py[line:136] - INFO: epoch : 79, train loss : 0.7624, train acc: 0.6830, valid loss : 0.8197, valid acc : 0.6214
2024-08-08 16:16:15 - train.py[line:136] - INFO: epoch : 80, train loss : 0.7632, train acc: 0.6834, valid loss : 0.8306, valid acc : 0.6214
2024-08-08 16:16:21 - train.py[line:136] - INFO: epoch : 81, train loss : 0.7631, train acc: 0.6841, valid loss : 0.8254, valid acc : 0.6357
2024-08-08 16:16:26 - train.py[line:136] - INFO: epoch : 82, train loss : 0.7614, train acc: 0.6853, valid loss : 0.8016, valid acc : 0.6429
2024-08-08 16:16:31 - train.py[line:136] - INFO: epoch : 83, train loss : 0.7613, train acc: 0.6844, valid loss : 0.8365, valid acc : 0.6286
2024-08-08 16:16:36 - train.py[line:136] - INFO: epoch : 84, train loss : 0.7624, train acc: 0.6830, valid loss : 0.8492, valid acc : 0.5929
2024-08-08 16:16:42 - train.py[line:136] - INFO: epoch : 85, train loss : 0.7609, train acc: 0.6851, valid loss : 0.8800, valid acc : 0.6143
2024-08-08 16:16:47 - train.py[line:136] - INFO: epoch : 86, train loss : 0.7604, train acc: 0.6847, valid loss : 0.8567, valid acc : 0.6143
2024-08-08 16:16:52 - train.py[line:136] - INFO: epoch : 87, train loss : 0.7599, train acc: 0.6849, valid loss : 0.8455, valid acc : 0.6214
2024-08-08 16:16:57 - train.py[line:136] - INFO: epoch : 88, train loss : 0.7593, train acc: 0.6847, valid loss : 0.8304, valid acc : 0.6071
2024-08-08 16:17:03 - train.py[line:136] - INFO: epoch : 89, train loss : 0.7598, train acc: 0.6839, valid loss : 0.8194, valid acc : 0.6214
2024-08-08 16:17:08 - train.py[line:136] - INFO: epoch : 90, train loss : 0.7604, train acc: 0.6857, valid loss : 0.8214, valid acc : 0.6143
2024-08-08 16:17:13 - train.py[line:136] - INFO: epoch : 91, train loss : 0.7592, train acc: 0.6851, valid loss : 0.8130, valid acc : 0.6357
2024-08-08 16:17:19 - train.py[line:136] - INFO: epoch : 92, train loss : 0.7605, train acc: 0.6851, valid loss : 0.8292, valid acc : 0.6143
2024-08-08 16:17:24 - train.py[line:136] - INFO: epoch : 93, train loss : 0.7594, train acc: 0.6856, valid loss : 0.8275, valid acc : 0.6143
2024-08-08 16:17:30 - train.py[line:136] - INFO: epoch : 94, train loss : 0.7577, train acc: 0.6860, valid loss : 0.8098, valid acc : 0.6357
2024-08-08 16:17:35 - train.py[line:136] - INFO: epoch : 95, train loss : 0.7577, train acc: 0.6864, valid loss : 0.8158, valid acc : 0.6500
2024-08-08 16:17:40 - train.py[line:136] - INFO: epoch : 96, train loss : 0.7579, train acc: 0.6870, valid loss : 0.8169, valid acc : 0.6071
2024-08-08 16:17:44 - train.py[line:136] - INFO: epoch : 97, train loss : 0.7593, train acc: 0.6861, valid loss : 0.8182, valid acc : 0.6000
2024-08-08 16:17:49 - train.py[line:136] - INFO: epoch : 98, train loss : 0.7558, train acc: 0.6864, valid loss : 0.8138, valid acc : 0.6071
2024-08-08 16:17:54 - train.py[line:136] - INFO: epoch : 99, train loss : 0.7570, train acc: 0.6868, valid loss : 0.8324, valid acc : 0.6286
2024-08-08 16:17:59 - train.py[line:136] - INFO: epoch : 100, train loss : 0.7567, train acc: 0.6868, valid loss : 0.8426, valid acc : 0.6071
2024-08-08 16:17:59 - train.py[line:139] - INFO: Training Time of Neural Network: 8.547780044873555 min.
2024-08-08 16:17:59 - train.py[line:153] - INFO: {'tp': 0.271, 'fp': 0.336, 'tn': 0.336, 'fn': 0.057}
2024-08-08 16:17:59 - train.py[line:156] - INFO: Saving Model.
2024-08-08 16:17:59 - train.py[line:158] - INFO: Model saved in path output/temp/model/job-light.pkl
2024-08-08 16:18:43 - featureNew.py[line:276] - INFO: Start loading pickle of train...
2024-08-08 16:18:44 - featureNew.py[line:278] - INFO: Pickle of train loaded, filling nan...
2024-08-08 16:18:45 - featureNew.py[line:286] - INFO: Data num=200000 label1 num=30.16%
2024-08-08 16:18:45 - featureNew.py[line:298] - INFO: Dropping label and id, train raw data shape: (200000, 1177)
2024-08-08 16:18:45 - featureNew.py[line:304] - INFO: train generating wide feats...
2024-08-08 16:18:46 - featureNew.py[line:319] - INFO: train of data shape: (200000, 51)
2024-08-08 16:18:46 - featureNew.py[line:351] - INFO: train col_sel data shape: (200000, 25)
2024-08-08 16:18:49 - featureNew.py[line:367] - INFO: train deep data shape: (200000, 560)
2024-08-08 16:18:51 - featureNew.py[line:379] - INFO: train sql data shape: (200000, 50)
2024-08-08 16:18:56 - featureNew.py[line:408] - INFO: train co data shape: (200000, 45)
2024-08-08 16:18:57 - featureNew.py[line:276] - INFO: Start loading pickle of valid...
2024-08-08 16:18:57 - featureNew.py[line:278] - INFO: Pickle of valid loaded, filling nan...
2024-08-08 16:18:57 - featureNew.py[line:286] - INFO: Data num=140 label1 num=32.86%
2024-08-08 16:18:57 - featureNew.py[line:298] - INFO: Dropping label and id, valid raw data shape: (140, 1177)
2024-08-08 16:18:57 - featureNew.py[line:304] - INFO: valid generating wide feats...
2024-08-08 16:18:57 - featureNew.py[line:319] - INFO: valid of data shape: (140, 51)
2024-08-08 16:18:58 - featureNew.py[line:351] - INFO: valid col_sel data shape: (140, 25)
2024-08-08 16:18:58 - featureNew.py[line:367] - INFO: valid deep data shape: (140, 560)
2024-08-08 16:18:58 - featureNew.py[line:379] - INFO: valid sql data shape: (140, 50)
2024-08-08 16:18:58 - featureNew.py[line:408] - INFO: valid co data shape: (140, 45)
2024-08-08 16:18:58 - train.py[line:106] - INFO: Model input: {'wide': 76, 'deep': 560, 'sql': 50, 'co': 45, 'class0': 139683.997631073, 'class1': 60316.002368927}
2024-08-08 16:18:58 - train.py[line:117] - INFO: Model established: WideDeepNew(
  (dropout): Dropout(p=0.3, inplace=False)
  (sigmoid): Sigmoid()
  (relu): ReLU()
  (fcco): Linear(in_features=45, out_features=16, bias=True)
  (fcsql): Linear(in_features=50, out_features=8, bias=True)
  (fc1): Linear(in_features=560, out_features=256, bias=True)
  (fc2): Linear(in_features=256, out_features=256, bias=True)
  (fc3): Linear(in_features=256, out_features=40, bias=True)
  (fc_final): Linear(in_features=140, out_features=1, bias=True)
)
2024-08-08 16:18:58 - train.py[line:125] - INFO: Loss Weights: tensor([1.0000, 2.3159])
2024-08-08 16:18:58 - train.py[line:127] - INFO: Using BCELoss as loss function.
2024-08-08 16:18:58 - train.py[line:129] - INFO: Using Adam as optimization function.
2024-08-08 16:18:58 - train.py[line:132] - INFO: Begin the training of model.
2024-08-08 16:19:01 - train.py[line:136] - INFO: epoch : 1, train loss : 0.9340, train acc: 0.6134, valid loss : 0.9500, valid acc : 0.6214
2024-08-08 16:19:04 - train.py[line:136] - INFO: epoch : 2, train loss : 0.9081, train acc: 0.6393, valid loss : 0.9438, valid acc : 0.5714
2024-08-08 16:19:06 - train.py[line:136] - INFO: epoch : 3, train loss : 0.9009, train acc: 0.6394, valid loss : 0.9600, valid acc : 0.5857
2024-08-08 16:19:09 - train.py[line:136] - INFO: epoch : 4, train loss : 0.8970, train acc: 0.6421, valid loss : 0.9736, valid acc : 0.5929
2024-08-08 16:19:12 - train.py[line:136] - INFO: epoch : 5, train loss : 0.8942, train acc: 0.6426, valid loss : 1.0100, valid acc : 0.5929
2024-08-08 16:19:14 - train.py[line:136] - INFO: epoch : 6, train loss : 0.8918, train acc: 0.6451, valid loss : 1.0198, valid acc : 0.5857
2024-08-08 16:19:17 - train.py[line:136] - INFO: epoch : 7, train loss : 0.8899, train acc: 0.6457, valid loss : 1.0365, valid acc : 0.5714
2024-08-08 16:19:19 - train.py[line:136] - INFO: epoch : 8, train loss : 0.8892, train acc: 0.6458, valid loss : 1.0457, valid acc : 0.5714
2024-08-08 16:19:22 - train.py[line:136] - INFO: epoch : 9, train loss : 0.8883, train acc: 0.6457, valid loss : 1.0601, valid acc : 0.5500
2024-08-08 16:19:24 - train.py[line:136] - INFO: epoch : 10, train loss : 0.8867, train acc: 0.6465, valid loss : 1.0870, valid acc : 0.5929
2024-08-08 16:19:27 - train.py[line:136] - INFO: epoch : 11, train loss : 0.8859, train acc: 0.6485, valid loss : 1.1672, valid acc : 0.5643
2024-08-08 16:19:29 - train.py[line:136] - INFO: epoch : 12, train loss : 0.8854, train acc: 0.6478, valid loss : 1.1401, valid acc : 0.5500
2024-08-08 16:19:32 - train.py[line:136] - INFO: epoch : 13, train loss : 0.8848, train acc: 0.6480, valid loss : 1.1464, valid acc : 0.5571
2024-08-08 16:19:34 - train.py[line:136] - INFO: epoch : 14, train loss : 0.8841, train acc: 0.6493, valid loss : 1.1949, valid acc : 0.5857
2024-08-08 16:19:37 - train.py[line:136] - INFO: epoch : 15, train loss : 0.8841, train acc: 0.6502, valid loss : 1.2202, valid acc : 0.5786
2024-08-08 16:19:40 - train.py[line:136] - INFO: epoch : 16, train loss : 0.8833, train acc: 0.6491, valid loss : 1.2696, valid acc : 0.5429
2024-08-08 16:19:42 - train.py[line:136] - INFO: epoch : 17, train loss : 0.8829, train acc: 0.6508, valid loss : 1.2920, valid acc : 0.5786
2024-08-08 16:19:44 - train.py[line:136] - INFO: epoch : 18, train loss : 0.8822, train acc: 0.6516, valid loss : 1.3367, valid acc : 0.5714
2024-08-08 16:19:47 - train.py[line:136] - INFO: epoch : 19, train loss : 0.8820, train acc: 0.6508, valid loss : 1.3691, valid acc : 0.5214
2024-08-08 16:19:49 - train.py[line:136] - INFO: epoch : 20, train loss : 0.8811, train acc: 0.6520, valid loss : 1.3738, valid acc : 0.5357
2024-08-08 16:19:52 - train.py[line:136] - INFO: epoch : 21, train loss : 0.8810, train acc: 0.6529, valid loss : 1.4189, valid acc : 0.5357
2024-08-08 16:19:54 - train.py[line:136] - INFO: epoch : 22, train loss : 0.8801, train acc: 0.6531, valid loss : 1.4448, valid acc : 0.5357
2024-08-08 16:19:57 - train.py[line:136] - INFO: epoch : 23, train loss : 0.8798, train acc: 0.6542, valid loss : 1.4407, valid acc : 0.5286
2024-08-08 16:19:59 - train.py[line:136] - INFO: epoch : 24, train loss : 0.8800, train acc: 0.6511, valid loss : 1.4340, valid acc : 0.5357
2024-08-08 16:20:02 - train.py[line:136] - INFO: epoch : 25, train loss : 0.8797, train acc: 0.6537, valid loss : 1.5204, valid acc : 0.5643
2024-08-08 16:20:05 - train.py[line:136] - INFO: epoch : 26, train loss : 0.8795, train acc: 0.6528, valid loss : 1.5771, valid acc : 0.5429
2024-08-08 16:20:08 - train.py[line:136] - INFO: epoch : 27, train loss : 0.8787, train acc: 0.6542, valid loss : 1.4676, valid acc : 0.5143
2024-08-08 16:20:10 - train.py[line:136] - INFO: epoch : 28, train loss : 0.8781, train acc: 0.6534, valid loss : 1.5705, valid acc : 0.5571
2024-08-08 16:20:13 - train.py[line:136] - INFO: epoch : 29, train loss : 0.8786, train acc: 0.6531, valid loss : 1.5555, valid acc : 0.5429
2024-08-08 16:20:15 - train.py[line:136] - INFO: epoch : 30, train loss : 0.8780, train acc: 0.6522, valid loss : 1.6673, valid acc : 0.5929
2024-08-08 16:20:18 - train.py[line:136] - INFO: epoch : 31, train loss : 0.8779, train acc: 0.6553, valid loss : 1.6203, valid acc : 0.5929
2024-08-08 16:20:20 - train.py[line:136] - INFO: epoch : 32, train loss : 0.8771, train acc: 0.6549, valid loss : 1.6088, valid acc : 0.5786
2024-08-08 16:20:23 - train.py[line:136] - INFO: epoch : 33, train loss : 0.8774, train acc: 0.6534, valid loss : 1.6184, valid acc : 0.5714
2024-08-08 16:20:26 - train.py[line:136] - INFO: epoch : 34, train loss : 0.8773, train acc: 0.6540, valid loss : 1.6718, valid acc : 0.6000
2024-08-08 16:20:28 - train.py[line:136] - INFO: epoch : 35, train loss : 0.8765, train acc: 0.6562, valid loss : 1.6703, valid acc : 0.6000
2024-08-08 16:20:31 - train.py[line:136] - INFO: epoch : 36, train loss : 0.8763, train acc: 0.6555, valid loss : 1.6738, valid acc : 0.5714
2024-08-08 16:20:33 - train.py[line:136] - INFO: epoch : 37, train loss : 0.8758, train acc: 0.6549, valid loss : 1.6940, valid acc : 0.5929
2024-08-08 16:20:36 - train.py[line:136] - INFO: epoch : 38, train loss : 0.8759, train acc: 0.6546, valid loss : 1.6533, valid acc : 0.5929
2024-08-08 16:20:38 - train.py[line:136] - INFO: epoch : 39, train loss : 0.8755, train acc: 0.6562, valid loss : 1.6901, valid acc : 0.5571
2024-08-08 16:20:41 - train.py[line:136] - INFO: epoch : 40, train loss : 0.8758, train acc: 0.6553, valid loss : 1.7065, valid acc : 0.5786
2024-08-08 16:20:44 - train.py[line:136] - INFO: epoch : 41, train loss : 0.8748, train acc: 0.6555, valid loss : 1.7288, valid acc : 0.5643
2024-08-08 16:20:46 - train.py[line:136] - INFO: epoch : 42, train loss : 0.8749, train acc: 0.6558, valid loss : 1.6851, valid acc : 0.5714
2024-08-08 16:20:49 - train.py[line:136] - INFO: epoch : 43, train loss : 0.8743, train acc: 0.6568, valid loss : 1.7090, valid acc : 0.5786
2024-08-08 16:20:51 - train.py[line:136] - INFO: epoch : 44, train loss : 0.8740, train acc: 0.6558, valid loss : 1.7183, valid acc : 0.5786
2024-08-08 16:20:54 - train.py[line:136] - INFO: epoch : 45, train loss : 0.8744, train acc: 0.6560, valid loss : 1.6822, valid acc : 0.5714
2024-08-08 16:20:56 - train.py[line:136] - INFO: epoch : 46, train loss : 0.8735, train acc: 0.6564, valid loss : 1.7268, valid acc : 0.5929
2024-08-08 16:20:59 - train.py[line:136] - INFO: epoch : 47, train loss : 0.8738, train acc: 0.6561, valid loss : 1.7313, valid acc : 0.5571
2024-08-08 16:21:02 - train.py[line:136] - INFO: epoch : 48, train loss : 0.8736, train acc: 0.6555, valid loss : 1.7705, valid acc : 0.5714
2024-08-08 16:21:05 - train.py[line:136] - INFO: epoch : 49, train loss : 0.8728, train acc: 0.6563, valid loss : 1.7548, valid acc : 0.5500
2024-08-08 16:21:07 - train.py[line:136] - INFO: epoch : 50, train loss : 0.8736, train acc: 0.6564, valid loss : 1.7953, valid acc : 0.5714
2024-08-08 16:21:10 - train.py[line:136] - INFO: epoch : 51, train loss : 0.8734, train acc: 0.6560, valid loss : 1.7774, valid acc : 0.5500
2024-08-08 16:21:12 - train.py[line:136] - INFO: epoch : 52, train loss : 0.8732, train acc: 0.6559, valid loss : 1.7639, valid acc : 0.5857
2024-08-08 16:21:15 - train.py[line:136] - INFO: epoch : 53, train loss : 0.8727, train acc: 0.6577, valid loss : 1.8066, valid acc : 0.5857
2024-08-08 16:21:17 - train.py[line:136] - INFO: epoch : 54, train loss : 0.8725, train acc: 0.6559, valid loss : 1.8569, valid acc : 0.6071
2024-08-08 16:21:20 - train.py[line:136] - INFO: epoch : 55, train loss : 0.8722, train acc: 0.6575, valid loss : 1.8976, valid acc : 0.5643
2024-08-08 16:21:22 - train.py[line:136] - INFO: epoch : 56, train loss : 0.8726, train acc: 0.6565, valid loss : 1.9033, valid acc : 0.5643
2024-08-08 16:21:25 - train.py[line:136] - INFO: epoch : 57, train loss : 0.8719, train acc: 0.6562, valid loss : 1.9032, valid acc : 0.5929
2024-08-08 16:21:27 - train.py[line:136] - INFO: epoch : 58, train loss : 0.8724, train acc: 0.6552, valid loss : 1.8899, valid acc : 0.5643
2024-08-08 16:21:30 - train.py[line:136] - INFO: epoch : 59, train loss : 0.8716, train acc: 0.6575, valid loss : 1.9358, valid acc : 0.5857
2024-08-08 16:21:33 - train.py[line:136] - INFO: epoch : 60, train loss : 0.8715, train acc: 0.6575, valid loss : 1.9231, valid acc : 0.5786
2024-08-08 16:21:35 - train.py[line:136] - INFO: epoch : 61, train loss : 0.8718, train acc: 0.6566, valid loss : 1.8866, valid acc : 0.5714
2024-08-08 16:21:37 - train.py[line:136] - INFO: epoch : 62, train loss : 0.8712, train acc: 0.6574, valid loss : 1.8911, valid acc : 0.5643
2024-08-08 16:21:40 - train.py[line:136] - INFO: epoch : 63, train loss : 0.8710, train acc: 0.6569, valid loss : 1.9407, valid acc : 0.5786
2024-08-08 16:21:43 - train.py[line:136] - INFO: epoch : 64, train loss : 0.8713, train acc: 0.6569, valid loss : 1.9362, valid acc : 0.5714
2024-08-08 16:21:45 - train.py[line:136] - INFO: epoch : 65, train loss : 0.8713, train acc: 0.6575, valid loss : 1.9013, valid acc : 0.5786
2024-08-08 16:21:48 - train.py[line:136] - INFO: epoch : 66, train loss : 0.8711, train acc: 0.6576, valid loss : 1.9133, valid acc : 0.5714
2024-08-08 16:21:51 - train.py[line:136] - INFO: epoch : 67, train loss : 0.8707, train acc: 0.6571, valid loss : 1.8779, valid acc : 0.5714
2024-08-08 16:21:53 - train.py[line:136] - INFO: epoch : 68, train loss : 0.8706, train acc: 0.6577, valid loss : 1.9174, valid acc : 0.5643
2024-08-08 16:21:56 - train.py[line:136] - INFO: epoch : 69, train loss : 0.8704, train acc: 0.6574, valid loss : 1.9217, valid acc : 0.5786
2024-08-08 16:21:59 - train.py[line:136] - INFO: epoch : 70, train loss : 0.8708, train acc: 0.6577, valid loss : 1.9576, valid acc : 0.5643
2024-08-08 16:22:01 - train.py[line:136] - INFO: epoch : 71, train loss : 0.8699, train acc: 0.6576, valid loss : 1.8757, valid acc : 0.5714
2024-08-08 16:22:04 - train.py[line:136] - INFO: epoch : 72, train loss : 0.8700, train acc: 0.6572, valid loss : 1.9379, valid acc : 0.5571
2024-08-08 16:22:06 - train.py[line:136] - INFO: epoch : 73, train loss : 0.8695, train acc: 0.6580, valid loss : 1.9045, valid acc : 0.5714
2024-08-08 16:22:09 - train.py[line:136] - INFO: epoch : 74, train loss : 0.8698, train acc: 0.6576, valid loss : 1.9780, valid acc : 0.5643
2024-08-08 16:22:12 - train.py[line:136] - INFO: epoch : 75, train loss : 0.8694, train acc: 0.6586, valid loss : 1.9686, valid acc : 0.5714
2024-08-08 16:22:15 - train.py[line:136] - INFO: epoch : 76, train loss : 0.8691, train acc: 0.6579, valid loss : 1.9762, valid acc : 0.5786
2024-08-08 16:22:18 - train.py[line:136] - INFO: epoch : 77, train loss : 0.8697, train acc: 0.6577, valid loss : 1.9392, valid acc : 0.5571
2024-08-08 16:22:20 - train.py[line:136] - INFO: epoch : 78, train loss : 0.8696, train acc: 0.6575, valid loss : 1.9275, valid acc : 0.5643
2024-08-08 16:22:23 - train.py[line:136] - INFO: epoch : 79, train loss : 0.8693, train acc: 0.6584, valid loss : 1.9339, valid acc : 0.5786
2024-08-08 16:22:25 - train.py[line:136] - INFO: epoch : 80, train loss : 0.8695, train acc: 0.6582, valid loss : 1.9816, valid acc : 0.5786
2024-08-08 16:22:28 - train.py[line:136] - INFO: epoch : 81, train loss : 0.8691, train acc: 0.6583, valid loss : 1.9979, valid acc : 0.5786
2024-08-08 16:22:30 - train.py[line:136] - INFO: epoch : 82, train loss : 0.8683, train acc: 0.6592, valid loss : 2.0295, valid acc : 0.5571
2024-08-08 16:22:33 - train.py[line:136] - INFO: epoch : 83, train loss : 0.8693, train acc: 0.6580, valid loss : 2.0642, valid acc : 0.5857
2024-08-08 16:22:35 - train.py[line:136] - INFO: epoch : 84, train loss : 0.8690, train acc: 0.6573, valid loss : 2.0343, valid acc : 0.5714
2024-08-08 16:22:38 - train.py[line:136] - INFO: epoch : 85, train loss : 0.8687, train acc: 0.6584, valid loss : 2.0335, valid acc : 0.5857
2024-08-08 16:22:40 - train.py[line:136] - INFO: epoch : 86, train loss : 0.8690, train acc: 0.6573, valid loss : 2.0367, valid acc : 0.5714
2024-08-08 16:22:43 - train.py[line:136] - INFO: epoch : 87, train loss : 0.8693, train acc: 0.6572, valid loss : 2.0493, valid acc : 0.5786
2024-08-08 16:22:45 - train.py[line:136] - INFO: epoch : 88, train loss : 0.8686, train acc: 0.6589, valid loss : 2.0631, valid acc : 0.5714
2024-08-08 16:22:48 - train.py[line:136] - INFO: epoch : 89, train loss : 0.8690, train acc: 0.6577, valid loss : 2.0640, valid acc : 0.5429
2024-08-08 16:22:50 - train.py[line:136] - INFO: epoch : 90, train loss : 0.8689, train acc: 0.6589, valid loss : 2.0349, valid acc : 0.5429
2024-08-08 16:22:53 - train.py[line:136] - INFO: epoch : 91, train loss : 0.8681, train acc: 0.6578, valid loss : 2.0808, valid acc : 0.5857
2024-08-08 16:22:56 - train.py[line:136] - INFO: epoch : 92, train loss : 0.8679, train acc: 0.6582, valid loss : 2.1250, valid acc : 0.5929
2024-08-08 16:22:59 - train.py[line:136] - INFO: epoch : 93, train loss : 0.8675, train acc: 0.6584, valid loss : 2.1786, valid acc : 0.5857
2024-08-08 16:23:01 - train.py[line:136] - INFO: epoch : 94, train loss : 0.8684, train acc: 0.6584, valid loss : 2.0795, valid acc : 0.5857
2024-08-08 16:23:04 - train.py[line:136] - INFO: epoch : 95, train loss : 0.8688, train acc: 0.6585, valid loss : 2.0689, valid acc : 0.5786
2024-08-08 16:23:07 - train.py[line:136] - INFO: epoch : 96, train loss : 0.8679, train acc: 0.6585, valid loss : 2.1081, valid acc : 0.5786
2024-08-08 16:23:09 - train.py[line:136] - INFO: epoch : 97, train loss : 0.8682, train acc: 0.6584, valid loss : 2.0747, valid acc : 0.5857
2024-08-08 16:23:12 - train.py[line:136] - INFO: epoch : 98, train loss : 0.8669, train acc: 0.6582, valid loss : 2.1183, valid acc : 0.5714
2024-08-08 16:23:15 - train.py[line:136] - INFO: epoch : 99, train loss : 0.8677, train acc: 0.6582, valid loss : 2.0629, valid acc : 0.5786
2024-08-08 16:23:17 - train.py[line:136] - INFO: epoch : 100, train loss : 0.8677, train acc: 0.6586, valid loss : 2.0960, valid acc : 0.5714
2024-08-08 16:23:17 - train.py[line:139] - INFO: Training Time of Neural Network: 4.326977097988129 min.
2024-08-08 16:23:17 - train.py[line:153] - INFO: {'tp': 0.257, 'fp': 0.357, 'tn': 0.314, 'fn': 0.071}
2024-08-08 16:23:17 - train.py[line:156] - INFO: Saving Model.
2024-08-08 16:23:17 - train.py[line:158] - INFO: Model saved in path output/temp/model/job-light.pkl
2024-08-08 16:25:12 - featureNew.py[line:276] - INFO: Start loading pickle of train...
2024-08-08 16:25:12 - featureNew.py[line:278] - INFO: Pickle of train loaded, filling nan...
2024-08-08 16:25:12 - featureNew.py[line:286] - INFO: Data num=10000 label1 num=29.64%
2024-08-08 16:25:12 - featureNew.py[line:298] - INFO: Dropping label and id, train raw data shape: (10000, 1177)
2024-08-08 16:25:12 - featureNew.py[line:304] - INFO: train generating wide feats...
2024-08-08 16:25:12 - featureNew.py[line:319] - INFO: train of data shape: (10000, 51)
2024-08-08 16:25:12 - featureNew.py[line:351] - INFO: train col_sel data shape: (10000, 25)
2024-08-08 16:25:12 - featureNew.py[line:367] - INFO: train deep data shape: (10000, 560)
2024-08-08 16:25:12 - featureNew.py[line:379] - INFO: train sql data shape: (10000, 50)
2024-08-08 16:25:13 - featureNew.py[line:408] - INFO: train co data shape: (10000, 45)
2024-08-08 16:25:14 - featureNew.py[line:276] - INFO: Start loading pickle of valid...
2024-08-08 16:25:14 - featureNew.py[line:278] - INFO: Pickle of valid loaded, filling nan...
2024-08-08 16:25:14 - featureNew.py[line:286] - INFO: Data num=140 label1 num=32.86%
2024-08-08 16:25:14 - featureNew.py[line:298] - INFO: Dropping label and id, valid raw data shape: (140, 1177)
2024-08-08 16:25:14 - featureNew.py[line:304] - INFO: valid generating wide feats...
2024-08-08 16:25:14 - featureNew.py[line:319] - INFO: valid of data shape: (140, 51)
2024-08-08 16:25:14 - featureNew.py[line:351] - INFO: valid col_sel data shape: (140, 25)
2024-08-08 16:25:14 - featureNew.py[line:367] - INFO: valid deep data shape: (140, 560)
2024-08-08 16:25:14 - featureNew.py[line:379] - INFO: valid sql data shape: (140, 50)
2024-08-08 16:25:14 - featureNew.py[line:408] - INFO: valid co data shape: (140, 45)
2024-08-08 16:25:14 - train.py[line:106] - INFO: Model input: {'wide': 76, 'deep': 560, 'sql': 50, 'co': 45, 'class0': 7035.999894142151, 'class1': 2964.000105857849}
2025-04-16 21:31:31 - featureNew.py[line:276] - INFO: Start loading pickle of train...
2025-04-16 21:31:31 - featureNew.py[line:278] - INFO: Pickle of train loaded, filling nan...
2025-04-16 21:31:31 - featureNew.py[line:286] - INFO: Data num=140 label1 num=32.86%
2025-04-16 21:31:31 - featureNew.py[line:298] - INFO: Dropping label and id, train raw data shape: (140, 1177)
2025-04-16 21:31:31 - featureNew.py[line:304] - INFO: train generating wide feats...
2025-04-16 21:31:31 - featureNew.py[line:319] - INFO: train of data shape: (140, 51)
2025-04-16 21:31:32 - featureNew.py[line:351] - INFO: train col_sel data shape: (140, 25)
2025-04-16 21:31:32 - featureNew.py[line:367] - INFO: train deep data shape: (140, 560)
2025-04-16 21:31:32 - featureNew.py[line:379] - INFO: train sql data shape: (140, 50)
2025-04-16 21:31:32 - featureNew.py[line:408] - INFO: train co data shape: (140, 45)
2025-04-16 21:31:32 - featureNew.py[line:276] - INFO: Start loading pickle of valid...
2025-04-16 21:31:32 - featureNew.py[line:278] - INFO: Pickle of valid loaded, filling nan...
2025-04-16 21:31:33 - featureNew.py[line:286] - INFO: Data num=140 label1 num=32.86%
2025-04-16 21:31:33 - featureNew.py[line:298] - INFO: Dropping label and id, valid raw data shape: (140, 1177)
2025-04-16 21:31:33 - featureNew.py[line:304] - INFO: valid generating wide feats...
2025-04-16 21:31:33 - featureNew.py[line:319] - INFO: valid of data shape: (140, 51)
2025-04-16 21:31:33 - featureNew.py[line:351] - INFO: valid col_sel data shape: (140, 25)
2025-04-16 21:31:34 - featureNew.py[line:367] - INFO: valid deep data shape: (140, 560)
2025-04-16 21:31:34 - featureNew.py[line:379] - INFO: valid sql data shape: (140, 50)
2025-04-16 21:31:34 - featureNew.py[line:408] - INFO: valid co data shape: (140, 45)
2025-04-16 21:31:34 - train.py[line:106] - INFO: Model input: {'wide': 76, 'deep': 560, 'sql': 50, 'co': 45, 'class0': 93.99999856948853, 'class1': 46.000001430511475}
2025-04-16 21:31:34 - train.py[line:118] - INFO: Model established: LDSSTransformer2(
  (transformer_encoder): Encoder(
    (dropout): Dropout(p=0.0, inplace=False)
    (layers): Sequential(
      (encoder_layer_0): EncoderBlock(
        (ln_1): LayerNorm((42,), eps=1e-06, elementwise_affine=True)
        (self_attention): MultiheadAttention(
          (out_proj): NonDynamicallyQuantizableLinear(in_features=42, out_features=42, bias=True)
        )
        (dropout): Dropout(p=0.0, inplace=False)
        (ln_2): LayerNorm((42,), eps=1e-06, elementwise_affine=True)
        (mlp): MLPBlock(
          (0): Linear(in_features=42, out_features=43, bias=True)
          (1): GELU(approximate='none')
          (2): Dropout(p=0.0, inplace=False)
          (3): Linear(in_features=43, out_features=42, bias=True)
          (4): Dropout(p=0.0, inplace=False)
        )
      )
      (encoder_layer_1): EncoderBlock(
        (ln_1): LayerNorm((42,), eps=1e-06, elementwise_affine=True)
        (self_attention): MultiheadAttention(
          (out_proj): NonDynamicallyQuantizableLinear(in_features=42, out_features=42, bias=True)
        )
        (dropout): Dropout(p=0.0, inplace=False)
        (ln_2): LayerNorm((42,), eps=1e-06, elementwise_affine=True)
        (mlp): MLPBlock(
          (0): Linear(in_features=42, out_features=43, bias=True)
          (1): GELU(approximate='none')
          (2): Dropout(p=0.0, inplace=False)
          (3): Linear(in_features=43, out_features=42, bias=True)
          (4): Dropout(p=0.0, inplace=False)
        )
      )
      (encoder_layer_2): EncoderBlock(
        (ln_1): LayerNorm((42,), eps=1e-06, elementwise_affine=True)
        (self_attention): MultiheadAttention(
          (out_proj): NonDynamicallyQuantizableLinear(in_features=42, out_features=42, bias=True)
        )
        (dropout): Dropout(p=0.0, inplace=False)
        (ln_2): LayerNorm((42,), eps=1e-06, elementwise_affine=True)
        (mlp): MLPBlock(
          (0): Linear(in_features=42, out_features=43, bias=True)
          (1): GELU(approximate='none')
          (2): Dropout(p=0.0, inplace=False)
          (3): Linear(in_features=43, out_features=42, bias=True)
          (4): Dropout(p=0.0, inplace=False)
        )
      )
      (encoder_layer_3): EncoderBlock(
        (ln_1): LayerNorm((42,), eps=1e-06, elementwise_affine=True)
        (self_attention): MultiheadAttention(
          (out_proj): NonDynamicallyQuantizableLinear(in_features=42, out_features=42, bias=True)
        )
        (dropout): Dropout(p=0.0, inplace=False)
        (ln_2): LayerNorm((42,), eps=1e-06, elementwise_affine=True)
        (mlp): MLPBlock(
          (0): Linear(in_features=42, out_features=43, bias=True)
          (1): GELU(approximate='none')
          (2): Dropout(p=0.0, inplace=False)
          (3): Linear(in_features=43, out_features=42, bias=True)
          (4): Dropout(p=0.0, inplace=False)
        )
      )
      (encoder_layer_4): EncoderBlock(
        (ln_1): LayerNorm((42,), eps=1e-06, elementwise_affine=True)
        (self_attention): MultiheadAttention(
          (out_proj): NonDynamicallyQuantizableLinear(in_features=42, out_features=42, bias=True)
        )
        (dropout): Dropout(p=0.0, inplace=False)
        (ln_2): LayerNorm((42,), eps=1e-06, elementwise_affine=True)
        (mlp): MLPBlock(
          (0): Linear(in_features=42, out_features=43, bias=True)
          (1): GELU(approximate='none')
          (2): Dropout(p=0.0, inplace=False)
          (3): Linear(in_features=43, out_features=42, bias=True)
          (4): Dropout(p=0.0, inplace=False)
        )
      )
      (encoder_layer_5): EncoderBlock(
        (ln_1): LayerNorm((42,), eps=1e-06, elementwise_affine=True)
        (self_attention): MultiheadAttention(
          (out_proj): NonDynamicallyQuantizableLinear(in_features=42, out_features=42, bias=True)
        )
        (dropout): Dropout(p=0.0, inplace=False)
        (ln_2): LayerNorm((42,), eps=1e-06, elementwise_affine=True)
        (mlp): MLPBlock(
          (0): Linear(in_features=42, out_features=43, bias=True)
          (1): GELU(approximate='none')
          (2): Dropout(p=0.0, inplace=False)
          (3): Linear(in_features=43, out_features=42, bias=True)
          (4): Dropout(p=0.0, inplace=False)
        )
      )
    )
    (ln): LayerNorm((42,), eps=1e-06, elementwise_affine=True)
  )
  (dropout): Dropout(p=0.3, inplace=False)
  (sigmoid): Sigmoid()
  (relu): ReLU()
  (fcco): Linear(in_features=45, out_features=42, bias=True)
  (fcsql): Linear(in_features=50, out_features=42, bias=True)
  (fc1): Linear(in_features=560, out_features=42, bias=True)
  (fwide): Linear(in_features=76, out_features=42, bias=True)
  (fc_final): Linear(in_features=42, out_features=1, bias=True)
)
2025-04-16 21:31:34 - train.py[line:126] - INFO: Loss Weights: tensor([1.0000, 2.0435])
2025-04-16 21:31:34 - train.py[line:128] - INFO: Using BCELoss as loss function.
2025-04-16 21:31:34 - train.py[line:130] - INFO: Using Adam as optimization function.
2025-04-16 21:31:34 - train.py[line:133] - INFO: Begin the training of model.
2025-04-16 21:31:34 - train.py[line:137] - INFO: epoch : 1, train loss : 1.0126, train acc: 0.3429, valid loss : 0.9202, valid acc : 0.6643
2025-04-16 21:31:34 - train.py[line:137] - INFO: epoch : 2, train loss : 0.9216, train acc: 0.6071, valid loss : 0.9108, valid acc : 0.6786
2025-04-16 21:31:34 - train.py[line:137] - INFO: epoch : 3, train loss : 0.9197, train acc: 0.6786, valid loss : 0.8828, valid acc : 0.7357
2025-04-16 21:31:34 - train.py[line:137] - INFO: epoch : 4, train loss : 0.8975, train acc: 0.6714, valid loss : 0.8589, valid acc : 0.6643
2025-04-16 21:31:34 - train.py[line:137] - INFO: epoch : 5, train loss : 0.8848, train acc: 0.6071, valid loss : 0.8513, valid acc : 0.5929
2025-04-16 21:31:34 - train.py[line:137] - INFO: epoch : 6, train loss : 0.8901, train acc: 0.5143, valid loss : 0.8366, valid acc : 0.6000
2025-04-16 21:31:34 - train.py[line:137] - INFO: epoch : 7, train loss : 0.8565, train acc: 0.5786, valid loss : 0.8118, valid acc : 0.6643
2025-04-16 21:31:34 - train.py[line:137] - INFO: epoch : 8, train loss : 0.8439, train acc: 0.6286, valid loss : 0.7956, valid acc : 0.7643
2025-04-16 21:31:34 - train.py[line:137] - INFO: epoch : 9, train loss : 0.8398, train acc: 0.7071, valid loss : 0.7954, valid acc : 0.7500
2025-04-16 21:31:34 - train.py[line:137] - INFO: epoch : 10, train loss : 0.8059, train acc: 0.7643, valid loss : 0.7802, valid acc : 0.7500
2025-04-16 21:31:34 - train.py[line:137] - INFO: epoch : 11, train loss : 0.7668, train acc: 0.7929, valid loss : 0.7553, valid acc : 0.7857
2025-04-16 21:31:34 - train.py[line:137] - INFO: epoch : 12, train loss : 0.8579, train acc: 0.6786, valid loss : 0.7361, valid acc : 0.7857
2025-04-16 21:31:34 - train.py[line:137] - INFO: epoch : 13, train loss : 0.8203, train acc: 0.7143, valid loss : 0.7319, valid acc : 0.7214
2025-04-16 21:31:34 - train.py[line:137] - INFO: epoch : 14, train loss : 0.7962, train acc: 0.6500, valid loss : 0.7235, valid acc : 0.7643
2025-04-16 21:31:34 - train.py[line:137] - INFO: epoch : 15, train loss : 0.7834, train acc: 0.6643, valid loss : 0.7138, valid acc : 0.7857
2025-04-16 21:31:35 - train.py[line:137] - INFO: epoch : 16, train loss : 0.7211, train acc: 0.7429, valid loss : 0.7072, valid acc : 0.8000
2025-04-16 21:31:35 - train.py[line:137] - INFO: epoch : 17, train loss : 0.7436, train acc: 0.7643, valid loss : 0.6985, valid acc : 0.8000
2025-04-16 21:31:35 - train.py[line:137] - INFO: epoch : 18, train loss : 0.7091, train acc: 0.7857, valid loss : 0.6941, valid acc : 0.7714
2025-04-16 21:31:35 - train.py[line:137] - INFO: epoch : 19, train loss : 0.7411, train acc: 0.7357, valid loss : 0.6930, valid acc : 0.7571
2025-04-16 21:31:35 - train.py[line:137] - INFO: epoch : 20, train loss : 0.6797, train acc: 0.7500, valid loss : 0.6864, valid acc : 0.7643
2025-04-16 21:31:35 - train.py[line:137] - INFO: epoch : 21, train loss : 0.7531, train acc: 0.7286, valid loss : 0.6782, valid acc : 0.7786
2025-04-16 21:31:35 - train.py[line:137] - INFO: epoch : 22, train loss : 0.6759, train acc: 0.7714, valid loss : 0.6696, valid acc : 0.7857
2025-04-16 21:31:35 - train.py[line:137] - INFO: epoch : 23, train loss : 0.7457, train acc: 0.7143, valid loss : 0.6593, valid acc : 0.7857
2025-04-16 21:31:35 - train.py[line:137] - INFO: epoch : 24, train loss : 0.7754, train acc: 0.7214, valid loss : 0.6488, valid acc : 0.7786
2025-04-16 21:31:35 - train.py[line:137] - INFO: epoch : 25, train loss : 0.6747, train acc: 0.7929, valid loss : 0.6432, valid acc : 0.7714
2025-04-16 21:31:35 - train.py[line:137] - INFO: epoch : 26, train loss : 0.6532, train acc: 0.7429, valid loss : 0.6305, valid acc : 0.7857
2025-04-16 21:31:35 - train.py[line:137] - INFO: epoch : 27, train loss : 0.6888, train acc: 0.7429, valid loss : 0.6178, valid acc : 0.7857
2025-04-16 21:31:35 - train.py[line:137] - INFO: epoch : 28, train loss : 0.6823, train acc: 0.7786, valid loss : 0.6096, valid acc : 0.8000
2025-04-16 21:31:35 - train.py[line:137] - INFO: epoch : 29, train loss : 0.6724, train acc: 0.7714, valid loss : 0.6048, valid acc : 0.8071
2025-04-16 21:31:35 - train.py[line:137] - INFO: epoch : 30, train loss : 0.6787, train acc: 0.7857, valid loss : 0.5979, valid acc : 0.7929
2025-04-16 21:31:35 - train.py[line:137] - INFO: epoch : 31, train loss : 0.6953, train acc: 0.7643, valid loss : 0.5886, valid acc : 0.7929
2025-04-16 21:31:35 - train.py[line:137] - INFO: epoch : 32, train loss : 0.7101, train acc: 0.7500, valid loss : 0.5833, valid acc : 0.8071
2025-04-16 21:31:35 - train.py[line:137] - INFO: epoch : 33, train loss : 0.6043, train acc: 0.8000, valid loss : 0.5809, valid acc : 0.8071
2025-04-16 21:31:35 - train.py[line:137] - INFO: epoch : 34, train loss : 0.6475, train acc: 0.7571, valid loss : 0.5728, valid acc : 0.8071
2025-04-16 21:31:35 - train.py[line:137] - INFO: epoch : 35, train loss : 0.6712, train acc: 0.7357, valid loss : 0.5600, valid acc : 0.8286
2025-04-16 21:31:35 - train.py[line:137] - INFO: epoch : 36, train loss : 0.6190, train acc: 0.7643, valid loss : 0.5550, valid acc : 0.8357
2025-04-16 21:31:35 - train.py[line:137] - INFO: epoch : 37, train loss : 0.6290, train acc: 0.8143, valid loss : 0.5514, valid acc : 0.8429
2025-04-16 21:31:35 - train.py[line:137] - INFO: epoch : 38, train loss : 0.5835, train acc: 0.8357, valid loss : 0.5402, valid acc : 0.8357
2025-04-16 21:31:35 - train.py[line:137] - INFO: epoch : 39, train loss : 0.6092, train acc: 0.8071, valid loss : 0.5307, valid acc : 0.8214
2025-04-16 21:31:35 - train.py[line:137] - INFO: epoch : 40, train loss : 0.6454, train acc: 0.7786, valid loss : 0.5317, valid acc : 0.7857
2025-04-16 21:31:35 - train.py[line:137] - INFO: epoch : 41, train loss : 0.6297, train acc: 0.7857, valid loss : 0.5361, valid acc : 0.7929
2025-04-16 21:31:35 - train.py[line:137] - INFO: epoch : 42, train loss : 0.6313, train acc: 0.7643, valid loss : 0.5286, valid acc : 0.7929
2025-04-16 21:31:35 - train.py[line:137] - INFO: epoch : 43, train loss : 0.5707, train acc: 0.7929, valid loss : 0.5182, valid acc : 0.8071
2025-04-16 21:31:35 - train.py[line:137] - INFO: epoch : 44, train loss : 0.5800, train acc: 0.7571, valid loss : 0.5116, valid acc : 0.8214
2025-04-16 21:31:35 - train.py[line:137] - INFO: epoch : 45, train loss : 0.5576, train acc: 0.8143, valid loss : 0.5092, valid acc : 0.8357
2025-04-16 21:31:35 - train.py[line:137] - INFO: epoch : 46, train loss : 0.6380, train acc: 0.7857, valid loss : 0.5146, valid acc : 0.8500
2025-04-16 21:31:35 - train.py[line:137] - INFO: epoch : 47, train loss : 0.5793, train acc: 0.7929, valid loss : 0.5048, valid acc : 0.8429
2025-04-16 21:31:35 - train.py[line:137] - INFO: epoch : 48, train loss : 0.5649, train acc: 0.7929, valid loss : 0.4904, valid acc : 0.8357
2025-04-16 21:31:35 - train.py[line:137] - INFO: epoch : 49, train loss : 0.5573, train acc: 0.8143, valid loss : 0.4825, valid acc : 0.8286
2025-04-16 21:31:35 - train.py[line:137] - INFO: epoch : 50, train loss : 0.5670, train acc: 0.7857, valid loss : 0.4809, valid acc : 0.8357
2025-04-16 21:31:35 - train.py[line:137] - INFO: epoch : 51, train loss : 0.5856, train acc: 0.7714, valid loss : 0.4750, valid acc : 0.8357
2025-04-16 21:31:35 - train.py[line:137] - INFO: epoch : 52, train loss : 0.5842, train acc: 0.7643, valid loss : 0.4631, valid acc : 0.8357
2025-04-16 21:31:36 - train.py[line:137] - INFO: epoch : 53, train loss : 0.5601, train acc: 0.7786, valid loss : 0.4604, valid acc : 0.8429
2025-04-16 21:31:36 - train.py[line:137] - INFO: epoch : 54, train loss : 0.5556, train acc: 0.8143, valid loss : 0.4681, valid acc : 0.8500
2025-04-16 21:31:36 - train.py[line:137] - INFO: epoch : 55, train loss : 0.4883, train acc: 0.8143, valid loss : 0.4542, valid acc : 0.8500
2025-04-16 21:31:36 - train.py[line:137] - INFO: epoch : 56, train loss : 0.5422, train acc: 0.8143, valid loss : 0.4328, valid acc : 0.8643
2025-04-16 21:31:36 - train.py[line:137] - INFO: epoch : 57, train loss : 0.5245, train acc: 0.8571, valid loss : 0.4169, valid acc : 0.8500
2025-04-16 21:31:36 - train.py[line:137] - INFO: epoch : 58, train loss : 0.5923, train acc: 0.7929, valid loss : 0.4140, valid acc : 0.8429
2025-04-16 21:31:36 - train.py[line:137] - INFO: epoch : 59, train loss : 0.5409, train acc: 0.8143, valid loss : 0.4205, valid acc : 0.8643
2025-04-16 21:31:36 - train.py[line:137] - INFO: epoch : 60, train loss : 0.5520, train acc: 0.7714, valid loss : 0.4121, valid acc : 0.8643
2025-04-16 21:31:36 - train.py[line:137] - INFO: epoch : 61, train loss : 0.4555, train acc: 0.8429, valid loss : 0.4016, valid acc : 0.8500
2025-04-16 21:31:36 - train.py[line:137] - INFO: epoch : 62, train loss : 0.5188, train acc: 0.8143, valid loss : 0.4053, valid acc : 0.8357
2025-04-16 21:31:36 - train.py[line:137] - INFO: epoch : 63, train loss : 0.4901, train acc: 0.8071, valid loss : 0.4134, valid acc : 0.8571
2025-04-16 21:31:36 - train.py[line:137] - INFO: epoch : 64, train loss : 0.5466, train acc: 0.8143, valid loss : 0.4112, valid acc : 0.8571
2025-04-16 21:31:36 - train.py[line:137] - INFO: epoch : 65, train loss : 0.5540, train acc: 0.8000, valid loss : 0.4040, valid acc : 0.8571
2025-04-16 21:31:36 - train.py[line:137] - INFO: epoch : 66, train loss : 0.4716, train acc: 0.8429, valid loss : 0.3919, valid acc : 0.8714
2025-04-16 21:31:36 - train.py[line:137] - INFO: epoch : 67, train loss : 0.5288, train acc: 0.8071, valid loss : 0.3769, valid acc : 0.8714
2025-04-16 21:31:36 - train.py[line:137] - INFO: epoch : 68, train loss : 0.4814, train acc: 0.8429, valid loss : 0.3737, valid acc : 0.8786
2025-04-16 21:31:36 - train.py[line:137] - INFO: epoch : 69, train loss : 0.4590, train acc: 0.8429, valid loss : 0.3739, valid acc : 0.8786
2025-04-16 21:31:36 - train.py[line:137] - INFO: epoch : 70, train loss : 0.5088, train acc: 0.7857, valid loss : 0.3646, valid acc : 0.8786
2025-04-16 21:31:36 - train.py[line:137] - INFO: epoch : 71, train loss : 0.4651, train acc: 0.8143, valid loss : 0.3484, valid acc : 0.8929
2025-04-16 21:31:36 - train.py[line:137] - INFO: epoch : 72, train loss : 0.5408, train acc: 0.8143, valid loss : 0.3470, valid acc : 0.8929
2025-04-16 21:31:36 - train.py[line:137] - INFO: epoch : 73, train loss : 0.4761, train acc: 0.8357, valid loss : 0.3400, valid acc : 0.8929
2025-04-16 21:31:36 - train.py[line:137] - INFO: epoch : 74, train loss : 0.4584, train acc: 0.8357, valid loss : 0.3310, valid acc : 0.8929
2025-04-16 21:31:36 - train.py[line:137] - INFO: epoch : 75, train loss : 0.5160, train acc: 0.8143, valid loss : 0.3345, valid acc : 0.8929
2025-04-16 21:31:36 - train.py[line:137] - INFO: epoch : 76, train loss : 0.4366, train acc: 0.8571, valid loss : 0.3516, valid acc : 0.8643
2025-04-16 21:31:36 - train.py[line:137] - INFO: epoch : 77, train loss : 0.4367, train acc: 0.8214, valid loss : 0.3286, valid acc : 0.8857
2025-04-16 21:31:36 - train.py[line:137] - INFO: epoch : 78, train loss : 0.5432, train acc: 0.8000, valid loss : 0.3277, valid acc : 0.8714
2025-04-16 21:31:36 - train.py[line:137] - INFO: epoch : 79, train loss : 0.4432, train acc: 0.8571, valid loss : 0.3413, valid acc : 0.8857
2025-04-16 21:31:36 - train.py[line:137] - INFO: epoch : 80, train loss : 0.4632, train acc: 0.8571, valid loss : 0.3334, valid acc : 0.8857
2025-04-16 21:31:36 - train.py[line:137] - INFO: epoch : 81, train loss : 0.4573, train acc: 0.8571, valid loss : 0.3252, valid acc : 0.8857
2025-04-16 21:31:36 - train.py[line:137] - INFO: epoch : 82, train loss : 0.4140, train acc: 0.8357, valid loss : 0.3319, valid acc : 0.8857
2025-04-16 21:31:36 - train.py[line:137] - INFO: epoch : 83, train loss : 0.4354, train acc: 0.8214, valid loss : 0.3370, valid acc : 0.8714
2025-04-16 21:31:36 - train.py[line:137] - INFO: epoch : 84, train loss : 0.4239, train acc: 0.8286, valid loss : 0.3327, valid acc : 0.8643
2025-04-16 21:31:36 - train.py[line:137] - INFO: epoch : 85, train loss : 0.4304, train acc: 0.8214, valid loss : 0.3288, valid acc : 0.8786
2025-04-16 21:31:36 - train.py[line:137] - INFO: epoch : 86, train loss : 0.4699, train acc: 0.8357, valid loss : 0.3401, valid acc : 0.8643
2025-04-16 21:31:36 - train.py[line:137] - INFO: epoch : 87, train loss : 0.4220, train acc: 0.8500, valid loss : 0.3510, valid acc : 0.8643
2025-04-16 21:31:36 - train.py[line:137] - INFO: epoch : 88, train loss : 0.3908, train acc: 0.8929, valid loss : 0.3372, valid acc : 0.8643
2025-04-16 21:31:36 - train.py[line:137] - INFO: epoch : 89, train loss : 0.4819, train acc: 0.8286, valid loss : 0.3249, valid acc : 0.8643
2025-04-16 21:31:36 - train.py[line:137] - INFO: epoch : 90, train loss : 0.4197, train acc: 0.8357, valid loss : 0.3205, valid acc : 0.8714
2025-04-16 21:31:37 - train.py[line:137] - INFO: epoch : 91, train loss : 0.4197, train acc: 0.8286, valid loss : 0.3107, valid acc : 0.8786
2025-04-16 21:31:37 - train.py[line:137] - INFO: epoch : 92, train loss : 0.3852, train acc: 0.8286, valid loss : 0.3022, valid acc : 0.8929
2025-04-16 21:31:37 - train.py[line:137] - INFO: epoch : 93, train loss : 0.3597, train acc: 0.8714, valid loss : 0.3023, valid acc : 0.9000
2025-04-16 21:31:37 - train.py[line:137] - INFO: epoch : 94, train loss : 0.4183, train acc: 0.8857, valid loss : 0.3097, valid acc : 0.9143
2025-04-16 21:31:37 - train.py[line:137] - INFO: epoch : 95, train loss : 0.3727, train acc: 0.8857, valid loss : 0.3029, valid acc : 0.9214
2025-04-16 21:31:37 - train.py[line:137] - INFO: epoch : 96, train loss : 0.4231, train acc: 0.8714, valid loss : 0.2825, valid acc : 0.9000
2025-04-16 21:31:37 - train.py[line:137] - INFO: epoch : 97, train loss : 0.3030, train acc: 0.9143, valid loss : 0.2758, valid acc : 0.8857
2025-04-16 21:31:37 - train.py[line:137] - INFO: epoch : 98, train loss : 0.4002, train acc: 0.8429, valid loss : 0.2761, valid acc : 0.8857
2025-04-16 21:31:37 - train.py[line:137] - INFO: epoch : 99, train loss : 0.4200, train acc: 0.8286, valid loss : 0.2808, valid acc : 0.8786
2025-04-16 21:31:37 - train.py[line:137] - INFO: epoch : 100, train loss : 0.3785, train acc: 0.8500, valid loss : 0.2763, valid acc : 0.8786
2025-04-16 21:31:37 - train.py[line:140] - INFO: Training Time of Neural Network: 0.051348249117533364 min.
2025-04-16 21:31:37 - train.py[line:154] - INFO: {'tp': 0.329, 'fp': 0.121, 'tn': 0.55, 'fn': 0.0}
2025-04-16 21:31:37 - train.py[line:157] - INFO: Saving Model.
2025-04-16 21:31:37 - train.py[line:159] - INFO: Model saved in path output/temp/model/job-light.pkl
2025-04-16 21:32:31 - featureNew.py[line:276] - INFO: Start loading pickle of train...
2025-04-16 21:32:33 - featureNew.py[line:278] - INFO: Pickle of train loaded, filling nan...
2025-04-16 21:33:39 - featureNew.py[line:286] - INFO: Data num=140 label1 num=32.86%
2025-04-16 21:34:00 - featureNew.py[line:298] - INFO: Dropping label and id, train raw data shape: (140, 1177)
2025-04-16 21:34:00 - featureNew.py[line:304] - INFO: train generating wide feats...
2025-04-16 21:34:00 - featureNew.py[line:319] - INFO: train of data shape: (140, 51)
2025-04-16 21:34:01 - featureNew.py[line:351] - INFO: train col_sel data shape: (140, 25)
2025-04-16 21:34:01 - featureNew.py[line:367] - INFO: train deep data shape: (140, 560)
2025-04-16 21:34:01 - featureNew.py[line:379] - INFO: train sql data shape: (140, 50)
2025-04-16 21:34:01 - featureNew.py[line:408] - INFO: train co data shape: (140, 45)
2025-04-16 21:37:21 - featureNew.py[line:276] - INFO: Start loading pickle of valid...
2025-04-16 21:37:22 - featureNew.py[line:278] - INFO: Pickle of valid loaded, filling nan...
2025-04-16 21:37:35 - featureNew.py[line:286] - INFO: Data num=140 label1 num=32.86%
2025-04-16 21:37:35 - featureNew.py[line:298] - INFO: Dropping label and id, valid raw data shape: (140, 1177)
2025-04-16 21:37:35 - featureNew.py[line:304] - INFO: valid generating wide feats...
2025-04-16 21:37:35 - featureNew.py[line:319] - INFO: valid of data shape: (140, 51)
2025-04-16 21:37:36 - featureNew.py[line:351] - INFO: valid col_sel data shape: (140, 25)
2025-04-16 21:37:36 - featureNew.py[line:367] - INFO: valid deep data shape: (140, 560)
2025-04-16 21:37:36 - featureNew.py[line:379] - INFO: valid sql data shape: (140, 50)
2025-04-16 21:37:36 - featureNew.py[line:408] - INFO: valid co data shape: (140, 45)
2025-04-16 21:37:41 - train.py[line:106] - INFO: Model input: {'wide': 76, 'deep': 560, 'sql': 50, 'co': 45, 'class0': 93.99999856948853, 'class1': 46.000001430511475}
2025-04-16 21:38:11 - train.py[line:118] - INFO: Model established: LDSSTransformer2(
  (transformer_encoder): Encoder(
    (dropout): Dropout(p=0.0, inplace=False)
    (layers): Sequential(
      (encoder_layer_0): EncoderBlock(
        (ln_1): LayerNorm((42,), eps=1e-06, elementwise_affine=True)
        (self_attention): MultiheadAttention(
          (out_proj): NonDynamicallyQuantizableLinear(in_features=42, out_features=42, bias=True)
        )
        (dropout): Dropout(p=0.0, inplace=False)
        (ln_2): LayerNorm((42,), eps=1e-06, elementwise_affine=True)
        (mlp): MLPBlock(
          (0): Linear(in_features=42, out_features=43, bias=True)
          (1): GELU(approximate='none')
          (2): Dropout(p=0.0, inplace=False)
          (3): Linear(in_features=43, out_features=42, bias=True)
          (4): Dropout(p=0.0, inplace=False)
        )
      )
      (encoder_layer_1): EncoderBlock(
        (ln_1): LayerNorm((42,), eps=1e-06, elementwise_affine=True)
        (self_attention): MultiheadAttention(
          (out_proj): NonDynamicallyQuantizableLinear(in_features=42, out_features=42, bias=True)
        )
        (dropout): Dropout(p=0.0, inplace=False)
        (ln_2): LayerNorm((42,), eps=1e-06, elementwise_affine=True)
        (mlp): MLPBlock(
          (0): Linear(in_features=42, out_features=43, bias=True)
          (1): GELU(approximate='none')
          (2): Dropout(p=0.0, inplace=False)
          (3): Linear(in_features=43, out_features=42, bias=True)
          (4): Dropout(p=0.0, inplace=False)
        )
      )
      (encoder_layer_2): EncoderBlock(
        (ln_1): LayerNorm((42,), eps=1e-06, elementwise_affine=True)
        (self_attention): MultiheadAttention(
          (out_proj): NonDynamicallyQuantizableLinear(in_features=42, out_features=42, bias=True)
        )
        (dropout): Dropout(p=0.0, inplace=False)
        (ln_2): LayerNorm((42,), eps=1e-06, elementwise_affine=True)
        (mlp): MLPBlock(
          (0): Linear(in_features=42, out_features=43, bias=True)
          (1): GELU(approximate='none')
          (2): Dropout(p=0.0, inplace=False)
          (3): Linear(in_features=43, out_features=42, bias=True)
          (4): Dropout(p=0.0, inplace=False)
        )
      )
      (encoder_layer_3): EncoderBlock(
        (ln_1): LayerNorm((42,), eps=1e-06, elementwise_affine=True)
        (self_attention): MultiheadAttention(
          (out_proj): NonDynamicallyQuantizableLinear(in_features=42, out_features=42, bias=True)
        )
        (dropout): Dropout(p=0.0, inplace=False)
        (ln_2): LayerNorm((42,), eps=1e-06, elementwise_affine=True)
        (mlp): MLPBlock(
          (0): Linear(in_features=42, out_features=43, bias=True)
          (1): GELU(approximate='none')
          (2): Dropout(p=0.0, inplace=False)
          (3): Linear(in_features=43, out_features=42, bias=True)
          (4): Dropout(p=0.0, inplace=False)
        )
      )
      (encoder_layer_4): EncoderBlock(
        (ln_1): LayerNorm((42,), eps=1e-06, elementwise_affine=True)
        (self_attention): MultiheadAttention(
          (out_proj): NonDynamicallyQuantizableLinear(in_features=42, out_features=42, bias=True)
        )
        (dropout): Dropout(p=0.0, inplace=False)
        (ln_2): LayerNorm((42,), eps=1e-06, elementwise_affine=True)
        (mlp): MLPBlock(
          (0): Linear(in_features=42, out_features=43, bias=True)
          (1): GELU(approximate='none')
          (2): Dropout(p=0.0, inplace=False)
          (3): Linear(in_features=43, out_features=42, bias=True)
          (4): Dropout(p=0.0, inplace=False)
        )
      )
      (encoder_layer_5): EncoderBlock(
        (ln_1): LayerNorm((42,), eps=1e-06, elementwise_affine=True)
        (self_attention): MultiheadAttention(
          (out_proj): NonDynamicallyQuantizableLinear(in_features=42, out_features=42, bias=True)
        )
        (dropout): Dropout(p=0.0, inplace=False)
        (ln_2): LayerNorm((42,), eps=1e-06, elementwise_affine=True)
        (mlp): MLPBlock(
          (0): Linear(in_features=42, out_features=43, bias=True)
          (1): GELU(approximate='none')
          (2): Dropout(p=0.0, inplace=False)
          (3): Linear(in_features=43, out_features=42, bias=True)
          (4): Dropout(p=0.0, inplace=False)
        )
      )
    )
    (ln): LayerNorm((42,), eps=1e-06, elementwise_affine=True)
  )
  (dropout): Dropout(p=0.3, inplace=False)
  (sigmoid): Sigmoid()
  (relu): ReLU()
  (fcco): Linear(in_features=45, out_features=42, bias=True)
  (fcsql): Linear(in_features=50, out_features=42, bias=True)
  (fc1): Linear(in_features=560, out_features=42, bias=True)
  (fwide): Linear(in_features=76, out_features=42, bias=True)
  (fc_final): Linear(in_features=42, out_features=1, bias=True)
)
2025-04-16 21:38:11 - train.py[line:126] - INFO: Loss Weights: tensor([1.0000, 2.0435])
2025-04-16 21:38:11 - train.py[line:128] - INFO: Using BCELoss as loss function.
2025-04-16 21:38:11 - train.py[line:130] - INFO: Using Adam as optimization function.
2025-04-16 21:38:11 - train.py[line:133] - INFO: Begin the training of model.
2025-04-16 21:56:11 - featureNew.py[line:276] - INFO: Start loading pickle of train...
2025-04-16 21:56:11 - featureNew.py[line:278] - INFO: Pickle of train loaded, filling nan...
2025-04-16 21:56:11 - featureNew.py[line:286] - INFO: Data num=140 label1 num=32.86%
2025-04-16 21:56:11 - featureNew.py[line:298] - INFO: Dropping label and id, train raw data shape: (140, 1177)
2025-04-16 21:56:11 - featureNew.py[line:304] - INFO: train generating wide feats...
2025-04-16 21:56:11 - featureNew.py[line:319] - INFO: train of data shape: (140, 51)
2025-04-16 21:56:11 - featureNew.py[line:351] - INFO: train col_sel data shape: (140, 25)
2025-04-16 21:56:12 - featureNew.py[line:367] - INFO: train deep data shape: (140, 560)
2025-04-16 21:56:12 - featureNew.py[line:379] - INFO: train sql data shape: (140, 50)
2025-04-16 21:56:12 - featureNew.py[line:408] - INFO: train co data shape: (140, 45)
2025-04-16 21:56:12 - featureNew.py[line:276] - INFO: Start loading pickle of valid...
2025-04-16 21:56:12 - featureNew.py[line:278] - INFO: Pickle of valid loaded, filling nan...
2025-04-16 21:56:12 - featureNew.py[line:286] - INFO: Data num=140 label1 num=32.86%
2025-04-16 21:56:12 - featureNew.py[line:298] - INFO: Dropping label and id, valid raw data shape: (140, 1177)
2025-04-16 21:56:12 - featureNew.py[line:304] - INFO: valid generating wide feats...
2025-04-16 21:56:12 - featureNew.py[line:319] - INFO: valid of data shape: (140, 51)
2025-04-16 21:56:13 - featureNew.py[line:351] - INFO: valid col_sel data shape: (140, 25)
2025-04-16 21:56:13 - featureNew.py[line:367] - INFO: valid deep data shape: (140, 560)
2025-04-16 21:56:13 - featureNew.py[line:379] - INFO: valid sql data shape: (140, 50)
2025-04-16 21:56:13 - featureNew.py[line:408] - INFO: valid co data shape: (140, 45)
2025-04-16 21:56:13 - train.py[line:106] - INFO: Model input: {'wide': 76, 'deep': 560, 'sql': 50, 'co': 45, 'class0': 93.99999856948853, 'class1': 46.000001430511475}
2025-04-16 21:56:13 - train.py[line:118] - INFO: Model established: LDSSTransformer2(
  (transformer_encoder): Encoder(
    (dropout): Dropout(p=0.0, inplace=False)
    (layers): Sequential(
      (encoder_layer_0): EncoderBlock(
        (ln_1): LayerNorm((42,), eps=1e-06, elementwise_affine=True)
        (self_attention): MultiheadAttention(
          (out_proj): NonDynamicallyQuantizableLinear(in_features=42, out_features=42, bias=True)
        )
        (dropout): Dropout(p=0.0, inplace=False)
        (ln_2): LayerNorm((42,), eps=1e-06, elementwise_affine=True)
        (mlp): MLPBlock(
          (0): Linear(in_features=42, out_features=43, bias=True)
          (1): GELU(approximate='none')
          (2): Dropout(p=0.0, inplace=False)
          (3): Linear(in_features=43, out_features=42, bias=True)
          (4): Dropout(p=0.0, inplace=False)
        )
      )
      (encoder_layer_1): EncoderBlock(
        (ln_1): LayerNorm((42,), eps=1e-06, elementwise_affine=True)
        (self_attention): MultiheadAttention(
          (out_proj): NonDynamicallyQuantizableLinear(in_features=42, out_features=42, bias=True)
        )
        (dropout): Dropout(p=0.0, inplace=False)
        (ln_2): LayerNorm((42,), eps=1e-06, elementwise_affine=True)
        (mlp): MLPBlock(
          (0): Linear(in_features=42, out_features=43, bias=True)
          (1): GELU(approximate='none')
          (2): Dropout(p=0.0, inplace=False)
          (3): Linear(in_features=43, out_features=42, bias=True)
          (4): Dropout(p=0.0, inplace=False)
        )
      )
      (encoder_layer_2): EncoderBlock(
        (ln_1): LayerNorm((42,), eps=1e-06, elementwise_affine=True)
        (self_attention): MultiheadAttention(
          (out_proj): NonDynamicallyQuantizableLinear(in_features=42, out_features=42, bias=True)
        )
        (dropout): Dropout(p=0.0, inplace=False)
        (ln_2): LayerNorm((42,), eps=1e-06, elementwise_affine=True)
        (mlp): MLPBlock(
          (0): Linear(in_features=42, out_features=43, bias=True)
          (1): GELU(approximate='none')
          (2): Dropout(p=0.0, inplace=False)
          (3): Linear(in_features=43, out_features=42, bias=True)
          (4): Dropout(p=0.0, inplace=False)
        )
      )
      (encoder_layer_3): EncoderBlock(
        (ln_1): LayerNorm((42,), eps=1e-06, elementwise_affine=True)
        (self_attention): MultiheadAttention(
          (out_proj): NonDynamicallyQuantizableLinear(in_features=42, out_features=42, bias=True)
        )
        (dropout): Dropout(p=0.0, inplace=False)
        (ln_2): LayerNorm((42,), eps=1e-06, elementwise_affine=True)
        (mlp): MLPBlock(
          (0): Linear(in_features=42, out_features=43, bias=True)
          (1): GELU(approximate='none')
          (2): Dropout(p=0.0, inplace=False)
          (3): Linear(in_features=43, out_features=42, bias=True)
          (4): Dropout(p=0.0, inplace=False)
        )
      )
      (encoder_layer_4): EncoderBlock(
        (ln_1): LayerNorm((42,), eps=1e-06, elementwise_affine=True)
        (self_attention): MultiheadAttention(
          (out_proj): NonDynamicallyQuantizableLinear(in_features=42, out_features=42, bias=True)
        )
        (dropout): Dropout(p=0.0, inplace=False)
        (ln_2): LayerNorm((42,), eps=1e-06, elementwise_affine=True)
        (mlp): MLPBlock(
          (0): Linear(in_features=42, out_features=43, bias=True)
          (1): GELU(approximate='none')
          (2): Dropout(p=0.0, inplace=False)
          (3): Linear(in_features=43, out_features=42, bias=True)
          (4): Dropout(p=0.0, inplace=False)
        )
      )
      (encoder_layer_5): EncoderBlock(
        (ln_1): LayerNorm((42,), eps=1e-06, elementwise_affine=True)
        (self_attention): MultiheadAttention(
          (out_proj): NonDynamicallyQuantizableLinear(in_features=42, out_features=42, bias=True)
        )
        (dropout): Dropout(p=0.0, inplace=False)
        (ln_2): LayerNorm((42,), eps=1e-06, elementwise_affine=True)
        (mlp): MLPBlock(
          (0): Linear(in_features=42, out_features=43, bias=True)
          (1): GELU(approximate='none')
          (2): Dropout(p=0.0, inplace=False)
          (3): Linear(in_features=43, out_features=42, bias=True)
          (4): Dropout(p=0.0, inplace=False)
        )
      )
    )
    (ln): LayerNorm((42,), eps=1e-06, elementwise_affine=True)
  )
  (dropout): Dropout(p=0.3, inplace=False)
  (sigmoid): Sigmoid()
  (relu): ReLU()
  (fcco): Linear(in_features=45, out_features=42, bias=True)
  (fcsql): Linear(in_features=50, out_features=42, bias=True)
  (fc1): Linear(in_features=560, out_features=42, bias=True)
  (fwide): Linear(in_features=76, out_features=42, bias=True)
  (fc_final): Linear(in_features=42, out_features=1, bias=True)
)
2025-04-16 21:56:13 - train.py[line:126] - INFO: Loss Weights: tensor([1.0000, 2.0435])
2025-04-16 21:56:13 - train.py[line:128] - INFO: Using BCELoss as loss function.
2025-04-16 21:56:13 - train.py[line:130] - INFO: Using Adam as optimization function.
2025-04-16 21:56:13 - train.py[line:133] - INFO: Begin the training of model.
2025-04-16 21:56:13 - train.py[line:137] - INFO: epoch : 1, train loss : 1.0126, train acc: 0.3429, valid loss : 0.9202, valid acc : 0.6643
2025-04-16 21:56:14 - train.py[line:137] - INFO: epoch : 2, train loss : 0.9216, train acc: 0.6071, valid loss : 0.9108, valid acc : 0.6786
2025-04-16 21:56:14 - train.py[line:137] - INFO: epoch : 3, train loss : 0.9197, train acc: 0.6786, valid loss : 0.8828, valid acc : 0.7357
2025-04-16 21:56:14 - train.py[line:137] - INFO: epoch : 4, train loss : 0.8975, train acc: 0.6714, valid loss : 0.8589, valid acc : 0.6643
2025-04-16 21:56:14 - train.py[line:137] - INFO: epoch : 5, train loss : 0.8848, train acc: 0.6071, valid loss : 0.8513, valid acc : 0.5929
2025-04-16 21:56:14 - train.py[line:137] - INFO: epoch : 6, train loss : 0.8901, train acc: 0.5143, valid loss : 0.8366, valid acc : 0.6000
2025-04-16 21:56:14 - train.py[line:137] - INFO: epoch : 7, train loss : 0.8565, train acc: 0.5786, valid loss : 0.8118, valid acc : 0.6643
2025-04-16 21:56:14 - train.py[line:137] - INFO: epoch : 8, train loss : 0.8439, train acc: 0.6286, valid loss : 0.7956, valid acc : 0.7643
2025-04-16 21:56:14 - train.py[line:137] - INFO: epoch : 9, train loss : 0.8398, train acc: 0.7071, valid loss : 0.7954, valid acc : 0.7500
2025-04-16 21:56:14 - train.py[line:137] - INFO: epoch : 10, train loss : 0.8059, train acc: 0.7643, valid loss : 0.7802, valid acc : 0.7500
2025-04-16 21:56:14 - train.py[line:137] - INFO: epoch : 11, train loss : 0.7668, train acc: 0.7929, valid loss : 0.7553, valid acc : 0.7857
2025-04-16 21:56:14 - train.py[line:137] - INFO: epoch : 12, train loss : 0.8579, train acc: 0.6786, valid loss : 0.7361, valid acc : 0.7857
2025-04-16 21:56:14 - train.py[line:137] - INFO: epoch : 13, train loss : 0.8203, train acc: 0.7143, valid loss : 0.7319, valid acc : 0.7214
2025-04-16 21:56:14 - train.py[line:137] - INFO: epoch : 14, train loss : 0.7962, train acc: 0.6500, valid loss : 0.7235, valid acc : 0.7643
2025-04-16 21:56:14 - train.py[line:137] - INFO: epoch : 15, train loss : 0.7834, train acc: 0.6643, valid loss : 0.7138, valid acc : 0.7857
2025-04-16 21:56:14 - train.py[line:137] - INFO: epoch : 16, train loss : 0.7211, train acc: 0.7429, valid loss : 0.7072, valid acc : 0.8000
2025-04-16 21:56:14 - train.py[line:137] - INFO: epoch : 17, train loss : 0.7436, train acc: 0.7643, valid loss : 0.6985, valid acc : 0.8000
2025-04-16 21:56:14 - train.py[line:137] - INFO: epoch : 18, train loss : 0.7091, train acc: 0.7857, valid loss : 0.6941, valid acc : 0.7714
2025-04-16 21:56:14 - train.py[line:137] - INFO: epoch : 19, train loss : 0.7411, train acc: 0.7357, valid loss : 0.6930, valid acc : 0.7571
2025-04-16 21:56:14 - train.py[line:137] - INFO: epoch : 20, train loss : 0.6797, train acc: 0.7500, valid loss : 0.6864, valid acc : 0.7643
2025-04-16 21:56:14 - train.py[line:137] - INFO: epoch : 21, train loss : 0.7531, train acc: 0.7286, valid loss : 0.6782, valid acc : 0.7786
2025-04-16 21:56:14 - train.py[line:137] - INFO: epoch : 22, train loss : 0.6759, train acc: 0.7714, valid loss : 0.6696, valid acc : 0.7857
2025-04-16 21:56:14 - train.py[line:137] - INFO: epoch : 23, train loss : 0.7457, train acc: 0.7143, valid loss : 0.6593, valid acc : 0.7857
2025-04-16 21:56:14 - train.py[line:137] - INFO: epoch : 24, train loss : 0.7754, train acc: 0.7214, valid loss : 0.6488, valid acc : 0.7786
2025-04-16 21:56:14 - train.py[line:137] - INFO: epoch : 25, train loss : 0.6747, train acc: 0.7929, valid loss : 0.6432, valid acc : 0.7714
2025-04-16 21:56:14 - train.py[line:137] - INFO: epoch : 26, train loss : 0.6532, train acc: 0.7429, valid loss : 0.6305, valid acc : 0.7857
2025-04-16 21:56:14 - train.py[line:137] - INFO: epoch : 27, train loss : 0.6888, train acc: 0.7429, valid loss : 0.6178, valid acc : 0.7857
2025-04-16 21:56:14 - train.py[line:137] - INFO: epoch : 28, train loss : 0.6823, train acc: 0.7786, valid loss : 0.6096, valid acc : 0.8000
2025-04-16 21:56:14 - train.py[line:137] - INFO: epoch : 29, train loss : 0.6724, train acc: 0.7714, valid loss : 0.6048, valid acc : 0.8071
2025-04-16 21:56:14 - train.py[line:137] - INFO: epoch : 30, train loss : 0.6787, train acc: 0.7857, valid loss : 0.5979, valid acc : 0.7929
2025-04-16 21:56:14 - train.py[line:137] - INFO: epoch : 31, train loss : 0.6953, train acc: 0.7643, valid loss : 0.5886, valid acc : 0.7929
2025-04-16 21:56:14 - train.py[line:137] - INFO: epoch : 32, train loss : 0.7101, train acc: 0.7500, valid loss : 0.5833, valid acc : 0.8071
2025-04-16 21:56:14 - train.py[line:137] - INFO: epoch : 33, train loss : 0.6043, train acc: 0.8000, valid loss : 0.5809, valid acc : 0.8071
2025-04-16 21:56:14 - train.py[line:137] - INFO: epoch : 34, train loss : 0.6475, train acc: 0.7571, valid loss : 0.5728, valid acc : 0.8071
2025-04-16 21:56:15 - train.py[line:137] - INFO: epoch : 35, train loss : 0.6712, train acc: 0.7357, valid loss : 0.5600, valid acc : 0.8286
2025-04-16 21:56:15 - train.py[line:137] - INFO: epoch : 36, train loss : 0.6190, train acc: 0.7643, valid loss : 0.5550, valid acc : 0.8357
2025-04-16 21:56:15 - train.py[line:137] - INFO: epoch : 37, train loss : 0.6290, train acc: 0.8143, valid loss : 0.5514, valid acc : 0.8429
2025-04-16 21:56:15 - train.py[line:137] - INFO: epoch : 38, train loss : 0.5835, train acc: 0.8357, valid loss : 0.5402, valid acc : 0.8357
2025-04-16 21:56:15 - train.py[line:137] - INFO: epoch : 39, train loss : 0.6092, train acc: 0.8071, valid loss : 0.5307, valid acc : 0.8214
2025-04-16 21:56:15 - train.py[line:137] - INFO: epoch : 40, train loss : 0.6454, train acc: 0.7786, valid loss : 0.5317, valid acc : 0.7857
2025-04-16 21:56:15 - train.py[line:137] - INFO: epoch : 41, train loss : 0.6297, train acc: 0.7857, valid loss : 0.5361, valid acc : 0.7929
2025-04-16 21:56:15 - train.py[line:137] - INFO: epoch : 42, train loss : 0.6313, train acc: 0.7643, valid loss : 0.5286, valid acc : 0.7929
2025-04-16 21:56:15 - train.py[line:137] - INFO: epoch : 43, train loss : 0.5707, train acc: 0.7929, valid loss : 0.5182, valid acc : 0.8071
2025-04-16 21:56:15 - train.py[line:137] - INFO: epoch : 44, train loss : 0.5800, train acc: 0.7571, valid loss : 0.5116, valid acc : 0.8214
2025-04-16 21:56:15 - train.py[line:137] - INFO: epoch : 45, train loss : 0.5576, train acc: 0.8143, valid loss : 0.5092, valid acc : 0.8357
2025-04-16 21:56:15 - train.py[line:137] - INFO: epoch : 46, train loss : 0.6380, train acc: 0.7857, valid loss : 0.5146, valid acc : 0.8500
2025-04-16 21:56:15 - train.py[line:137] - INFO: epoch : 47, train loss : 0.5793, train acc: 0.7929, valid loss : 0.5048, valid acc : 0.8429
2025-04-16 21:56:15 - train.py[line:137] - INFO: epoch : 48, train loss : 0.5649, train acc: 0.7929, valid loss : 0.4904, valid acc : 0.8357
2025-04-16 21:56:15 - train.py[line:137] - INFO: epoch : 49, train loss : 0.5573, train acc: 0.8143, valid loss : 0.4825, valid acc : 0.8286
2025-04-16 21:56:15 - train.py[line:137] - INFO: epoch : 50, train loss : 0.5670, train acc: 0.7857, valid loss : 0.4809, valid acc : 0.8357
2025-04-16 21:56:15 - train.py[line:137] - INFO: epoch : 51, train loss : 0.5856, train acc: 0.7714, valid loss : 0.4750, valid acc : 0.8357
2025-04-16 21:56:15 - train.py[line:137] - INFO: epoch : 52, train loss : 0.5842, train acc: 0.7643, valid loss : 0.4631, valid acc : 0.8357
2025-04-16 21:56:15 - train.py[line:137] - INFO: epoch : 53, train loss : 0.5601, train acc: 0.7786, valid loss : 0.4604, valid acc : 0.8429
2025-04-16 21:56:15 - train.py[line:137] - INFO: epoch : 54, train loss : 0.5556, train acc: 0.8143, valid loss : 0.4681, valid acc : 0.8500
2025-04-16 21:56:15 - train.py[line:137] - INFO: epoch : 55, train loss : 0.4883, train acc: 0.8143, valid loss : 0.4542, valid acc : 0.8500
2025-04-16 21:56:15 - train.py[line:137] - INFO: epoch : 56, train loss : 0.5422, train acc: 0.8143, valid loss : 0.4328, valid acc : 0.8643
2025-04-16 21:56:15 - train.py[line:137] - INFO: epoch : 57, train loss : 0.5245, train acc: 0.8571, valid loss : 0.4169, valid acc : 0.8500
2025-04-16 21:56:15 - train.py[line:137] - INFO: epoch : 58, train loss : 0.5923, train acc: 0.7929, valid loss : 0.4140, valid acc : 0.8429
2025-04-16 21:56:15 - train.py[line:137] - INFO: epoch : 59, train loss : 0.5409, train acc: 0.8143, valid loss : 0.4205, valid acc : 0.8643
2025-04-16 21:56:15 - train.py[line:137] - INFO: epoch : 60, train loss : 0.5520, train acc: 0.7714, valid loss : 0.4121, valid acc : 0.8643
2025-04-16 21:56:15 - train.py[line:137] - INFO: epoch : 61, train loss : 0.4555, train acc: 0.8429, valid loss : 0.4016, valid acc : 0.8500
2025-04-16 21:56:16 - train.py[line:137] - INFO: epoch : 62, train loss : 0.5188, train acc: 0.8143, valid loss : 0.4053, valid acc : 0.8357
2025-04-16 21:56:16 - train.py[line:137] - INFO: epoch : 63, train loss : 0.4901, train acc: 0.8071, valid loss : 0.4134, valid acc : 0.8571
2025-04-16 21:56:16 - train.py[line:137] - INFO: epoch : 64, train loss : 0.5466, train acc: 0.8143, valid loss : 0.4112, valid acc : 0.8571
2025-04-16 21:56:16 - train.py[line:137] - INFO: epoch : 65, train loss : 0.5540, train acc: 0.8000, valid loss : 0.4040, valid acc : 0.8571
2025-04-16 21:56:16 - train.py[line:137] - INFO: epoch : 66, train loss : 0.4716, train acc: 0.8429, valid loss : 0.3919, valid acc : 0.8714
2025-04-16 21:56:16 - train.py[line:137] - INFO: epoch : 67, train loss : 0.5288, train acc: 0.8071, valid loss : 0.3769, valid acc : 0.8714
2025-04-16 21:56:16 - train.py[line:137] - INFO: epoch : 68, train loss : 0.4814, train acc: 0.8429, valid loss : 0.3737, valid acc : 0.8786
2025-04-16 21:56:16 - train.py[line:137] - INFO: epoch : 69, train loss : 0.4590, train acc: 0.8429, valid loss : 0.3739, valid acc : 0.8786
2025-04-16 21:56:16 - train.py[line:137] - INFO: epoch : 70, train loss : 0.5088, train acc: 0.7857, valid loss : 0.3646, valid acc : 0.8786
2025-04-16 21:56:16 - train.py[line:137] - INFO: epoch : 71, train loss : 0.4651, train acc: 0.8143, valid loss : 0.3484, valid acc : 0.8929
2025-04-16 21:56:16 - train.py[line:137] - INFO: epoch : 72, train loss : 0.5408, train acc: 0.8143, valid loss : 0.3470, valid acc : 0.8929
2025-04-16 21:56:16 - train.py[line:137] - INFO: epoch : 73, train loss : 0.4761, train acc: 0.8357, valid loss : 0.3400, valid acc : 0.8929
2025-04-16 21:56:16 - train.py[line:137] - INFO: epoch : 74, train loss : 0.4584, train acc: 0.8357, valid loss : 0.3310, valid acc : 0.8929
2025-04-16 21:56:16 - train.py[line:137] - INFO: epoch : 75, train loss : 0.5160, train acc: 0.8143, valid loss : 0.3345, valid acc : 0.8929
2025-04-16 21:56:16 - train.py[line:137] - INFO: epoch : 76, train loss : 0.4366, train acc: 0.8571, valid loss : 0.3516, valid acc : 0.8643
2025-04-16 21:56:16 - train.py[line:137] - INFO: epoch : 77, train loss : 0.4367, train acc: 0.8214, valid loss : 0.3286, valid acc : 0.8857
2025-04-16 21:56:16 - train.py[line:137] - INFO: epoch : 78, train loss : 0.5432, train acc: 0.8000, valid loss : 0.3277, valid acc : 0.8714
2025-04-16 21:56:16 - train.py[line:137] - INFO: epoch : 79, train loss : 0.4432, train acc: 0.8571, valid loss : 0.3413, valid acc : 0.8857
2025-04-16 21:56:16 - train.py[line:137] - INFO: epoch : 80, train loss : 0.4632, train acc: 0.8571, valid loss : 0.3334, valid acc : 0.8857
2025-04-16 21:56:16 - train.py[line:137] - INFO: epoch : 81, train loss : 0.4573, train acc: 0.8571, valid loss : 0.3252, valid acc : 0.8857
2025-04-16 21:56:16 - train.py[line:137] - INFO: epoch : 82, train loss : 0.4140, train acc: 0.8357, valid loss : 0.3319, valid acc : 0.8857
2025-04-16 21:56:16 - train.py[line:137] - INFO: epoch : 83, train loss : 0.4354, train acc: 0.8214, valid loss : 0.3370, valid acc : 0.8714
2025-04-16 21:56:16 - train.py[line:137] - INFO: epoch : 84, train loss : 0.4239, train acc: 0.8286, valid loss : 0.3327, valid acc : 0.8643
2025-04-16 21:56:16 - train.py[line:137] - INFO: epoch : 85, train loss : 0.4304, train acc: 0.8214, valid loss : 0.3288, valid acc : 0.8786
2025-04-16 21:56:16 - train.py[line:137] - INFO: epoch : 86, train loss : 0.4699, train acc: 0.8357, valid loss : 0.3401, valid acc : 0.8643
2025-04-16 21:56:16 - train.py[line:137] - INFO: epoch : 87, train loss : 0.4220, train acc: 0.8500, valid loss : 0.3510, valid acc : 0.8643
2025-04-16 21:56:16 - train.py[line:137] - INFO: epoch : 88, train loss : 0.3908, train acc: 0.8929, valid loss : 0.3372, valid acc : 0.8643
2025-04-16 21:56:16 - train.py[line:137] - INFO: epoch : 89, train loss : 0.4819, train acc: 0.8286, valid loss : 0.3249, valid acc : 0.8643
2025-04-16 21:56:16 - train.py[line:137] - INFO: epoch : 90, train loss : 0.4197, train acc: 0.8357, valid loss : 0.3205, valid acc : 0.8714
2025-04-16 21:56:16 - train.py[line:137] - INFO: epoch : 91, train loss : 0.4197, train acc: 0.8286, valid loss : 0.3107, valid acc : 0.8786
2025-04-16 21:56:17 - train.py[line:137] - INFO: epoch : 92, train loss : 0.3852, train acc: 0.8286, valid loss : 0.3022, valid acc : 0.8929
2025-04-16 21:56:17 - train.py[line:137] - INFO: epoch : 93, train loss : 0.3597, train acc: 0.8714, valid loss : 0.3023, valid acc : 0.9000
2025-04-16 21:56:17 - train.py[line:137] - INFO: epoch : 94, train loss : 0.4183, train acc: 0.8857, valid loss : 0.3097, valid acc : 0.9143
2025-04-16 21:56:17 - train.py[line:137] - INFO: epoch : 95, train loss : 0.3727, train acc: 0.8857, valid loss : 0.3029, valid acc : 0.9214
2025-04-16 21:56:17 - train.py[line:137] - INFO: epoch : 96, train loss : 0.4231, train acc: 0.8714, valid loss : 0.2825, valid acc : 0.9000
2025-04-16 21:56:17 - train.py[line:137] - INFO: epoch : 97, train loss : 0.3030, train acc: 0.9143, valid loss : 0.2758, valid acc : 0.8857
2025-04-16 21:56:17 - train.py[line:137] - INFO: epoch : 98, train loss : 0.4002, train acc: 0.8429, valid loss : 0.2761, valid acc : 0.8857
2025-04-16 21:56:17 - train.py[line:137] - INFO: epoch : 99, train loss : 0.4200, train acc: 0.8286, valid loss : 0.2808, valid acc : 0.8786
2025-04-16 21:56:17 - train.py[line:137] - INFO: epoch : 100, train loss : 0.3785, train acc: 0.8500, valid loss : 0.2763, valid acc : 0.8786
2025-04-16 21:56:17 - train.py[line:140] - INFO: Training Time of Neural Network: 0.05938653151194254 min.
2025-04-16 21:56:17 - train.py[line:154] - INFO: {'tp': 0.329, 'fp': 0.121, 'tn': 0.55, 'fn': 0.0}
2025-04-16 21:56:17 - train.py[line:157] - INFO: Saving Model.
2025-04-16 21:56:17 - train.py[line:159] - INFO: Model saved in path output/temp/model/job-light.pkl
2025-04-16 22:03:38 - featureNew.py[line:276] - INFO: Start loading pickle of train...
2025-04-16 22:03:38 - featureNew.py[line:278] - INFO: Pickle of train loaded, filling nan...
2025-04-16 22:03:38 - featureNew.py[line:286] - INFO: Data num=140 label1 num=32.86%
2025-04-16 22:03:38 - featureNew.py[line:298] - INFO: Dropping label and id, train raw data shape: (140, 1177)
2025-04-16 22:03:38 - featureNew.py[line:304] - INFO: train generating wide feats...
2025-04-16 22:03:38 - featureNew.py[line:319] - INFO: train of data shape: (140, 51)
2025-04-16 22:03:39 - featureNew.py[line:351] - INFO: train col_sel data shape: (140, 25)
2025-04-16 22:03:39 - featureNew.py[line:367] - INFO: train deep data shape: (140, 560)
2025-04-16 22:03:39 - featureNew.py[line:379] - INFO: train sql data shape: (140, 50)
2025-04-16 22:03:39 - featureNew.py[line:408] - INFO: train co data shape: (140, 45)
2025-04-16 22:03:39 - featureNew.py[line:276] - INFO: Start loading pickle of valid...
2025-04-16 22:03:39 - featureNew.py[line:278] - INFO: Pickle of valid loaded, filling nan...
2025-04-16 22:03:39 - featureNew.py[line:286] - INFO: Data num=140 label1 num=32.86%
2025-04-16 22:03:39 - featureNew.py[line:298] - INFO: Dropping label and id, valid raw data shape: (140, 1177)
2025-04-16 22:03:39 - featureNew.py[line:304] - INFO: valid generating wide feats...
2025-04-16 22:03:39 - featureNew.py[line:319] - INFO: valid of data shape: (140, 51)
2025-04-16 22:03:40 - featureNew.py[line:351] - INFO: valid col_sel data shape: (140, 25)
2025-04-16 22:03:40 - featureNew.py[line:367] - INFO: valid deep data shape: (140, 560)
2025-04-16 22:03:40 - featureNew.py[line:379] - INFO: valid sql data shape: (140, 50)
2025-04-16 22:03:40 - featureNew.py[line:408] - INFO: valid co data shape: (140, 45)
2025-04-16 22:03:40 - train.py[line:106] - INFO: Model input: {'wide': 76, 'deep': 560, 'sql': 50, 'co': 45, 'class0': 93.99999856948853, 'class1': 46.000001430511475}
2025-04-16 22:03:40 - train.py[line:118] - INFO: Model established: LDSSTransformer2(
  (transformer_encoder): Encoder(
    (dropout): Dropout(p=0.0, inplace=False)
    (layers): Sequential(
      (encoder_layer_0): EncoderBlock(
        (ln_1): LayerNorm((42,), eps=1e-06, elementwise_affine=True)
        (self_attention): MultiheadAttention(
          (out_proj): NonDynamicallyQuantizableLinear(in_features=42, out_features=42, bias=True)
        )
        (dropout): Dropout(p=0.0, inplace=False)
        (ln_2): LayerNorm((42,), eps=1e-06, elementwise_affine=True)
        (mlp): MLPBlock(
          (0): Linear(in_features=42, out_features=43, bias=True)
          (1): GELU(approximate='none')
          (2): Dropout(p=0.0, inplace=False)
          (3): Linear(in_features=43, out_features=42, bias=True)
          (4): Dropout(p=0.0, inplace=False)
        )
      )
      (encoder_layer_1): EncoderBlock(
        (ln_1): LayerNorm((42,), eps=1e-06, elementwise_affine=True)
        (self_attention): MultiheadAttention(
          (out_proj): NonDynamicallyQuantizableLinear(in_features=42, out_features=42, bias=True)
        )
        (dropout): Dropout(p=0.0, inplace=False)
        (ln_2): LayerNorm((42,), eps=1e-06, elementwise_affine=True)
        (mlp): MLPBlock(
          (0): Linear(in_features=42, out_features=43, bias=True)
          (1): GELU(approximate='none')
          (2): Dropout(p=0.0, inplace=False)
          (3): Linear(in_features=43, out_features=42, bias=True)
          (4): Dropout(p=0.0, inplace=False)
        )
      )
      (encoder_layer_2): EncoderBlock(
        (ln_1): LayerNorm((42,), eps=1e-06, elementwise_affine=True)
        (self_attention): MultiheadAttention(
          (out_proj): NonDynamicallyQuantizableLinear(in_features=42, out_features=42, bias=True)
        )
        (dropout): Dropout(p=0.0, inplace=False)
        (ln_2): LayerNorm((42,), eps=1e-06, elementwise_affine=True)
        (mlp): MLPBlock(
          (0): Linear(in_features=42, out_features=43, bias=True)
          (1): GELU(approximate='none')
          (2): Dropout(p=0.0, inplace=False)
          (3): Linear(in_features=43, out_features=42, bias=True)
          (4): Dropout(p=0.0, inplace=False)
        )
      )
      (encoder_layer_3): EncoderBlock(
        (ln_1): LayerNorm((42,), eps=1e-06, elementwise_affine=True)
        (self_attention): MultiheadAttention(
          (out_proj): NonDynamicallyQuantizableLinear(in_features=42, out_features=42, bias=True)
        )
        (dropout): Dropout(p=0.0, inplace=False)
        (ln_2): LayerNorm((42,), eps=1e-06, elementwise_affine=True)
        (mlp): MLPBlock(
          (0): Linear(in_features=42, out_features=43, bias=True)
          (1): GELU(approximate='none')
          (2): Dropout(p=0.0, inplace=False)
          (3): Linear(in_features=43, out_features=42, bias=True)
          (4): Dropout(p=0.0, inplace=False)
        )
      )
      (encoder_layer_4): EncoderBlock(
        (ln_1): LayerNorm((42,), eps=1e-06, elementwise_affine=True)
        (self_attention): MultiheadAttention(
          (out_proj): NonDynamicallyQuantizableLinear(in_features=42, out_features=42, bias=True)
        )
        (dropout): Dropout(p=0.0, inplace=False)
        (ln_2): LayerNorm((42,), eps=1e-06, elementwise_affine=True)
        (mlp): MLPBlock(
          (0): Linear(in_features=42, out_features=43, bias=True)
          (1): GELU(approximate='none')
          (2): Dropout(p=0.0, inplace=False)
          (3): Linear(in_features=43, out_features=42, bias=True)
          (4): Dropout(p=0.0, inplace=False)
        )
      )
      (encoder_layer_5): EncoderBlock(
        (ln_1): LayerNorm((42,), eps=1e-06, elementwise_affine=True)
        (self_attention): MultiheadAttention(
          (out_proj): NonDynamicallyQuantizableLinear(in_features=42, out_features=42, bias=True)
        )
        (dropout): Dropout(p=0.0, inplace=False)
        (ln_2): LayerNorm((42,), eps=1e-06, elementwise_affine=True)
        (mlp): MLPBlock(
          (0): Linear(in_features=42, out_features=43, bias=True)
          (1): GELU(approximate='none')
          (2): Dropout(p=0.0, inplace=False)
          (3): Linear(in_features=43, out_features=42, bias=True)
          (4): Dropout(p=0.0, inplace=False)
        )
      )
    )
    (ln): LayerNorm((42,), eps=1e-06, elementwise_affine=True)
  )
  (dropout): Dropout(p=0.3, inplace=False)
  (sigmoid): Sigmoid()
  (relu): ReLU()
  (fcco): Linear(in_features=45, out_features=42, bias=True)
  (fcsql): Linear(in_features=50, out_features=42, bias=True)
  (fc1): Linear(in_features=560, out_features=42, bias=True)
  (fwide): Linear(in_features=76, out_features=42, bias=True)
  (fc_final): Linear(in_features=42, out_features=1, bias=True)
)
2025-04-16 22:03:40 - train.py[line:126] - INFO: Loss Weights: tensor([1.0000, 2.0435])
2025-04-16 22:03:40 - train.py[line:128] - INFO: Using BCELoss as loss function.
2025-04-16 22:03:40 - train.py[line:130] - INFO: Using Adam as optimization function.
2025-04-16 22:03:40 - train.py[line:133] - INFO: Begin the training of model.
2025-04-16 22:03:41 - train.py[line:137] - INFO: epoch : 1, train loss : 1.0126, train acc: 0.3429, valid loss : 0.9202, valid acc : 0.6643
2025-04-16 22:03:41 - train.py[line:137] - INFO: epoch : 2, train loss : 0.9216, train acc: 0.6071, valid loss : 0.9108, valid acc : 0.6786
2025-04-16 22:03:41 - train.py[line:137] - INFO: epoch : 3, train loss : 0.9197, train acc: 0.6786, valid loss : 0.8828, valid acc : 0.7357
2025-04-16 22:03:41 - train.py[line:137] - INFO: epoch : 4, train loss : 0.8975, train acc: 0.6714, valid loss : 0.8589, valid acc : 0.6643
2025-04-16 22:03:41 - train.py[line:137] - INFO: epoch : 5, train loss : 0.8848, train acc: 0.6071, valid loss : 0.8513, valid acc : 0.5929
2025-04-16 22:03:41 - train.py[line:137] - INFO: epoch : 6, train loss : 0.8901, train acc: 0.5143, valid loss : 0.8366, valid acc : 0.6000
2025-04-16 22:03:41 - train.py[line:137] - INFO: epoch : 7, train loss : 0.8565, train acc: 0.5786, valid loss : 0.8118, valid acc : 0.6643
2025-04-16 22:03:41 - train.py[line:137] - INFO: epoch : 8, train loss : 0.8439, train acc: 0.6286, valid loss : 0.7956, valid acc : 0.7643
2025-04-16 22:03:41 - train.py[line:137] - INFO: epoch : 9, train loss : 0.8398, train acc: 0.7071, valid loss : 0.7954, valid acc : 0.7500
2025-04-16 22:03:41 - train.py[line:137] - INFO: epoch : 10, train loss : 0.8059, train acc: 0.7643, valid loss : 0.7802, valid acc : 0.7500
2025-04-16 22:03:41 - train.py[line:137] - INFO: epoch : 11, train loss : 0.7668, train acc: 0.7929, valid loss : 0.7553, valid acc : 0.7857
2025-04-16 22:03:41 - train.py[line:137] - INFO: epoch : 12, train loss : 0.8579, train acc: 0.6786, valid loss : 0.7361, valid acc : 0.7857
2025-04-16 22:03:41 - train.py[line:137] - INFO: epoch : 13, train loss : 0.8203, train acc: 0.7143, valid loss : 0.7319, valid acc : 0.7214
2025-04-16 22:03:41 - train.py[line:137] - INFO: epoch : 14, train loss : 0.7962, train acc: 0.6500, valid loss : 0.7235, valid acc : 0.7643
2025-04-16 22:03:41 - train.py[line:137] - INFO: epoch : 15, train loss : 0.7834, train acc: 0.6643, valid loss : 0.7138, valid acc : 0.7857
2025-04-16 22:03:41 - train.py[line:137] - INFO: epoch : 16, train loss : 0.7211, train acc: 0.7429, valid loss : 0.7072, valid acc : 0.8000
2025-04-16 22:03:41 - train.py[line:137] - INFO: epoch : 17, train loss : 0.7436, train acc: 0.7643, valid loss : 0.6985, valid acc : 0.8000
2025-04-16 22:03:41 - train.py[line:137] - INFO: epoch : 18, train loss : 0.7091, train acc: 0.7857, valid loss : 0.6941, valid acc : 0.7714
2025-04-16 22:03:41 - train.py[line:137] - INFO: epoch : 19, train loss : 0.7411, train acc: 0.7357, valid loss : 0.6930, valid acc : 0.7571
2025-04-16 22:03:41 - train.py[line:137] - INFO: epoch : 20, train loss : 0.6797, train acc: 0.7500, valid loss : 0.6864, valid acc : 0.7643
2025-04-16 22:03:41 - train.py[line:137] - INFO: epoch : 21, train loss : 0.7531, train acc: 0.7286, valid loss : 0.6782, valid acc : 0.7786
2025-04-16 22:03:41 - train.py[line:137] - INFO: epoch : 22, train loss : 0.6759, train acc: 0.7714, valid loss : 0.6696, valid acc : 0.7857
2025-04-16 22:03:41 - train.py[line:137] - INFO: epoch : 23, train loss : 0.7457, train acc: 0.7143, valid loss : 0.6593, valid acc : 0.7857
2025-04-16 22:03:41 - train.py[line:137] - INFO: epoch : 24, train loss : 0.7754, train acc: 0.7214, valid loss : 0.6488, valid acc : 0.7786
2025-04-16 22:03:41 - train.py[line:137] - INFO: epoch : 25, train loss : 0.6747, train acc: 0.7929, valid loss : 0.6432, valid acc : 0.7714
2025-04-16 22:03:41 - train.py[line:137] - INFO: epoch : 26, train loss : 0.6532, train acc: 0.7429, valid loss : 0.6305, valid acc : 0.7857
2025-04-16 22:03:41 - train.py[line:137] - INFO: epoch : 27, train loss : 0.6888, train acc: 0.7429, valid loss : 0.6178, valid acc : 0.7857
2025-04-16 22:03:41 - train.py[line:137] - INFO: epoch : 28, train loss : 0.6823, train acc: 0.7786, valid loss : 0.6096, valid acc : 0.8000
2025-04-16 22:03:41 - train.py[line:137] - INFO: epoch : 29, train loss : 0.6724, train acc: 0.7714, valid loss : 0.6048, valid acc : 0.8071
2025-04-16 22:03:41 - train.py[line:137] - INFO: epoch : 30, train loss : 0.6787, train acc: 0.7857, valid loss : 0.5979, valid acc : 0.7929
2025-04-16 22:03:41 - train.py[line:137] - INFO: epoch : 31, train loss : 0.6953, train acc: 0.7643, valid loss : 0.5886, valid acc : 0.7929
2025-04-16 22:03:42 - train.py[line:137] - INFO: epoch : 32, train loss : 0.7101, train acc: 0.7500, valid loss : 0.5833, valid acc : 0.8071
2025-04-16 22:03:42 - train.py[line:137] - INFO: epoch : 33, train loss : 0.6043, train acc: 0.8000, valid loss : 0.5809, valid acc : 0.8071
2025-04-16 22:03:42 - train.py[line:137] - INFO: epoch : 34, train loss : 0.6475, train acc: 0.7571, valid loss : 0.5728, valid acc : 0.8071
2025-04-16 22:03:42 - train.py[line:137] - INFO: epoch : 35, train loss : 0.6712, train acc: 0.7357, valid loss : 0.5600, valid acc : 0.8286
2025-04-16 22:03:42 - train.py[line:137] - INFO: epoch : 36, train loss : 0.6190, train acc: 0.7643, valid loss : 0.5550, valid acc : 0.8357
2025-04-16 22:03:42 - train.py[line:137] - INFO: epoch : 37, train loss : 0.6290, train acc: 0.8143, valid loss : 0.5514, valid acc : 0.8429
2025-04-16 22:03:42 - train.py[line:137] - INFO: epoch : 38, train loss : 0.5835, train acc: 0.8357, valid loss : 0.5402, valid acc : 0.8357
2025-04-16 22:03:42 - train.py[line:137] - INFO: epoch : 39, train loss : 0.6092, train acc: 0.8071, valid loss : 0.5307, valid acc : 0.8214
2025-04-16 22:03:42 - train.py[line:137] - INFO: epoch : 40, train loss : 0.6454, train acc: 0.7786, valid loss : 0.5317, valid acc : 0.7857
2025-04-16 22:03:42 - train.py[line:137] - INFO: epoch : 41, train loss : 0.6297, train acc: 0.7857, valid loss : 0.5361, valid acc : 0.7929
2025-04-16 22:03:42 - train.py[line:137] - INFO: epoch : 42, train loss : 0.6313, train acc: 0.7643, valid loss : 0.5286, valid acc : 0.7929
2025-04-16 22:03:42 - train.py[line:137] - INFO: epoch : 43, train loss : 0.5707, train acc: 0.7929, valid loss : 0.5182, valid acc : 0.8071
2025-04-16 22:03:42 - train.py[line:137] - INFO: epoch : 44, train loss : 0.5800, train acc: 0.7571, valid loss : 0.5116, valid acc : 0.8214
2025-04-16 22:03:42 - train.py[line:137] - INFO: epoch : 45, train loss : 0.5576, train acc: 0.8143, valid loss : 0.5092, valid acc : 0.8357
2025-04-16 22:03:42 - train.py[line:137] - INFO: epoch : 46, train loss : 0.6380, train acc: 0.7857, valid loss : 0.5146, valid acc : 0.8500
2025-04-16 22:03:42 - train.py[line:137] - INFO: epoch : 47, train loss : 0.5793, train acc: 0.7929, valid loss : 0.5048, valid acc : 0.8429
2025-04-16 22:03:42 - train.py[line:137] - INFO: epoch : 48, train loss : 0.5649, train acc: 0.7929, valid loss : 0.4904, valid acc : 0.8357
2025-04-16 22:03:42 - train.py[line:137] - INFO: epoch : 49, train loss : 0.5573, train acc: 0.8143, valid loss : 0.4825, valid acc : 0.8286
2025-04-16 22:03:42 - train.py[line:137] - INFO: epoch : 50, train loss : 0.5670, train acc: 0.7857, valid loss : 0.4809, valid acc : 0.8357
2025-04-16 22:03:42 - train.py[line:137] - INFO: epoch : 51, train loss : 0.5856, train acc: 0.7714, valid loss : 0.4750, valid acc : 0.8357
2025-04-16 22:03:42 - train.py[line:137] - INFO: epoch : 52, train loss : 0.5842, train acc: 0.7643, valid loss : 0.4631, valid acc : 0.8357
2025-04-16 22:03:42 - train.py[line:137] - INFO: epoch : 53, train loss : 0.5601, train acc: 0.7786, valid loss : 0.4604, valid acc : 0.8429
2025-04-16 22:03:42 - train.py[line:137] - INFO: epoch : 54, train loss : 0.5556, train acc: 0.8143, valid loss : 0.4681, valid acc : 0.8500
2025-04-16 22:03:42 - train.py[line:137] - INFO: epoch : 55, train loss : 0.4883, train acc: 0.8143, valid loss : 0.4542, valid acc : 0.8500
2025-04-16 22:03:42 - train.py[line:137] - INFO: epoch : 56, train loss : 0.5422, train acc: 0.8143, valid loss : 0.4328, valid acc : 0.8643
2025-04-16 22:03:42 - train.py[line:137] - INFO: epoch : 57, train loss : 0.5245, train acc: 0.8571, valid loss : 0.4169, valid acc : 0.8500
2025-04-16 22:03:42 - train.py[line:137] - INFO: epoch : 58, train loss : 0.5923, train acc: 0.7929, valid loss : 0.4140, valid acc : 0.8429
2025-04-16 22:03:42 - train.py[line:137] - INFO: epoch : 59, train loss : 0.5409, train acc: 0.8143, valid loss : 0.4205, valid acc : 0.8643
2025-04-16 22:03:42 - train.py[line:137] - INFO: epoch : 60, train loss : 0.5520, train acc: 0.7714, valid loss : 0.4121, valid acc : 0.8643
2025-04-16 22:03:42 - train.py[line:137] - INFO: epoch : 61, train loss : 0.4555, train acc: 0.8429, valid loss : 0.4016, valid acc : 0.8500
2025-04-16 22:03:42 - train.py[line:137] - INFO: epoch : 62, train loss : 0.5188, train acc: 0.8143, valid loss : 0.4053, valid acc : 0.8357
2025-04-16 22:03:42 - train.py[line:137] - INFO: epoch : 63, train loss : 0.4901, train acc: 0.8071, valid loss : 0.4134, valid acc : 0.8571
2025-04-16 22:03:42 - train.py[line:137] - INFO: epoch : 64, train loss : 0.5466, train acc: 0.8143, valid loss : 0.4112, valid acc : 0.8571
2025-04-16 22:03:42 - train.py[line:137] - INFO: epoch : 65, train loss : 0.5540, train acc: 0.8000, valid loss : 0.4040, valid acc : 0.8571
2025-04-16 22:03:42 - train.py[line:137] - INFO: epoch : 66, train loss : 0.4716, train acc: 0.8429, valid loss : 0.3919, valid acc : 0.8714
2025-04-16 22:03:42 - train.py[line:137] - INFO: epoch : 67, train loss : 0.5288, train acc: 0.8071, valid loss : 0.3769, valid acc : 0.8714
2025-04-16 22:03:42 - train.py[line:137] - INFO: epoch : 68, train loss : 0.4814, train acc: 0.8429, valid loss : 0.3737, valid acc : 0.8786
2025-04-16 22:03:43 - train.py[line:137] - INFO: epoch : 69, train loss : 0.4590, train acc: 0.8429, valid loss : 0.3739, valid acc : 0.8786
2025-04-16 22:03:43 - train.py[line:137] - INFO: epoch : 70, train loss : 0.5088, train acc: 0.7857, valid loss : 0.3646, valid acc : 0.8786
2025-04-16 22:03:43 - train.py[line:137] - INFO: epoch : 71, train loss : 0.4651, train acc: 0.8143, valid loss : 0.3484, valid acc : 0.8929
2025-04-16 22:03:43 - train.py[line:137] - INFO: epoch : 72, train loss : 0.5408, train acc: 0.8143, valid loss : 0.3470, valid acc : 0.8929
2025-04-16 22:03:43 - train.py[line:137] - INFO: epoch : 73, train loss : 0.4761, train acc: 0.8357, valid loss : 0.3400, valid acc : 0.8929
2025-04-16 22:03:43 - train.py[line:137] - INFO: epoch : 74, train loss : 0.4584, train acc: 0.8357, valid loss : 0.3310, valid acc : 0.8929
2025-04-16 22:03:43 - train.py[line:137] - INFO: epoch : 75, train loss : 0.5160, train acc: 0.8143, valid loss : 0.3345, valid acc : 0.8929
2025-04-16 22:03:43 - train.py[line:137] - INFO: epoch : 76, train loss : 0.4366, train acc: 0.8571, valid loss : 0.3516, valid acc : 0.8643
2025-04-16 22:03:43 - train.py[line:137] - INFO: epoch : 77, train loss : 0.4367, train acc: 0.8214, valid loss : 0.3286, valid acc : 0.8857
2025-04-16 22:03:43 - train.py[line:137] - INFO: epoch : 78, train loss : 0.5432, train acc: 0.8000, valid loss : 0.3277, valid acc : 0.8714
2025-04-16 22:03:43 - train.py[line:137] - INFO: epoch : 79, train loss : 0.4432, train acc: 0.8571, valid loss : 0.3413, valid acc : 0.8857
2025-04-16 22:04:37 - featureNew.py[line:276] - INFO: Start loading pickle of train...
2025-04-16 22:04:38 - featureNew.py[line:278] - INFO: Pickle of train loaded, filling nan...
2025-04-16 22:05:25 - featureNew.py[line:286] - INFO: Data num=140 label1 num=32.86%
2025-04-16 22:05:25 - featureNew.py[line:298] - INFO: Dropping label and id, train raw data shape: (140, 1177)
2025-04-16 22:05:25 - featureNew.py[line:304] - INFO: train generating wide feats...
2025-09-10 21:43:41 - featureNew.py[line:276] - INFO: Start loading pickle of train...
2025-09-10 21:43:48 - featureNew.py[line:278] - INFO: Pickle of train loaded, filling nan...
2025-09-10 21:43:49 - featureNew.py[line:286] - INFO: Data num=200000 label1 num=30.16%
2025-09-10 21:43:49 - featureNew.py[line:298] - INFO: Dropping label and id, train raw data shape: (200000, 1177)
2025-09-10 21:43:49 - featureNew.py[line:304] - INFO: train generating wide feats...
2025-09-10 21:43:50 - featureNew.py[line:319] - INFO: train of data shape: (200000, 51)
2025-09-10 21:43:51 - featureNew.py[line:351] - INFO: train col_sel data shape: (200000, 25)
2025-09-10 21:43:53 - featureNew.py[line:367] - INFO: train deep data shape: (200000, 560)
2025-09-10 21:44:31 - featureNew.py[line:379] - INFO: train sql data shape: (200000, 50)
2025-09-10 21:46:26 - featureNew.py[line:408] - INFO: train co data shape: (200000, 45)
2025-09-10 21:46:26 - featureNew.py[line:276] - INFO: Start loading pickle of valid...
2025-09-10 21:46:26 - featureNew.py[line:278] - INFO: Pickle of valid loaded, filling nan...
2025-09-10 21:46:26 - featureNew.py[line:286] - INFO: Data num=140 label1 num=32.86%
2025-09-10 21:46:26 - featureNew.py[line:298] - INFO: Dropping label and id, valid raw data shape: (140, 1177)
2025-09-10 21:46:26 - featureNew.py[line:304] - INFO: valid generating wide feats...
2025-09-10 21:46:26 - featureNew.py[line:319] - INFO: valid of data shape: (140, 51)
2025-09-10 21:46:27 - featureNew.py[line:351] - INFO: valid col_sel data shape: (140, 25)
2025-09-10 21:46:27 - featureNew.py[line:367] - INFO: valid deep data shape: (140, 560)
2025-09-10 21:46:27 - featureNew.py[line:379] - INFO: valid sql data shape: (140, 50)
2025-09-10 21:46:27 - featureNew.py[line:408] - INFO: valid co data shape: (140, 45)
2025-09-10 21:46:27 - train.py[line:106] - INFO: Model input: {'wide': 76, 'deep': 560, 'sql': 50, 'co': 45, 'class0': 139683.997631073, 'class1': 60316.002368927}
2025-09-10 21:46:27 - train.py[line:118] - INFO: Model established: LDSSTransformer2(
  (transformer_encoder): Encoder(
    (dropout): Dropout(p=0.0, inplace=False)
    (layers): Sequential(
      (encoder_layer_0): EncoderBlock(
        (ln_1): LayerNorm((42,), eps=1e-06, elementwise_affine=True)
        (self_attention): MultiheadAttention(
          (out_proj): NonDynamicallyQuantizableLinear(in_features=42, out_features=42, bias=True)
        )
        (dropout): Dropout(p=0.0, inplace=False)
        (ln_2): LayerNorm((42,), eps=1e-06, elementwise_affine=True)
        (mlp): MLPBlock(
          (0): Linear(in_features=42, out_features=43, bias=True)
          (1): GELU(approximate='none')
          (2): Dropout(p=0.0, inplace=False)
          (3): Linear(in_features=43, out_features=42, bias=True)
          (4): Dropout(p=0.0, inplace=False)
        )
      )
      (encoder_layer_1): EncoderBlock(
        (ln_1): LayerNorm((42,), eps=1e-06, elementwise_affine=True)
        (self_attention): MultiheadAttention(
          (out_proj): NonDynamicallyQuantizableLinear(in_features=42, out_features=42, bias=True)
        )
        (dropout): Dropout(p=0.0, inplace=False)
        (ln_2): LayerNorm((42,), eps=1e-06, elementwise_affine=True)
        (mlp): MLPBlock(
          (0): Linear(in_features=42, out_features=43, bias=True)
          (1): GELU(approximate='none')
          (2): Dropout(p=0.0, inplace=False)
          (3): Linear(in_features=43, out_features=42, bias=True)
          (4): Dropout(p=0.0, inplace=False)
        )
      )
      (encoder_layer_2): EncoderBlock(
        (ln_1): LayerNorm((42,), eps=1e-06, elementwise_affine=True)
        (self_attention): MultiheadAttention(
          (out_proj): NonDynamicallyQuantizableLinear(in_features=42, out_features=42, bias=True)
        )
        (dropout): Dropout(p=0.0, inplace=False)
        (ln_2): LayerNorm((42,), eps=1e-06, elementwise_affine=True)
        (mlp): MLPBlock(
          (0): Linear(in_features=42, out_features=43, bias=True)
          (1): GELU(approximate='none')
          (2): Dropout(p=0.0, inplace=False)
          (3): Linear(in_features=43, out_features=42, bias=True)
          (4): Dropout(p=0.0, inplace=False)
        )
      )
      (encoder_layer_3): EncoderBlock(
        (ln_1): LayerNorm((42,), eps=1e-06, elementwise_affine=True)
        (self_attention): MultiheadAttention(
          (out_proj): NonDynamicallyQuantizableLinear(in_features=42, out_features=42, bias=True)
        )
        (dropout): Dropout(p=0.0, inplace=False)
        (ln_2): LayerNorm((42,), eps=1e-06, elementwise_affine=True)
        (mlp): MLPBlock(
          (0): Linear(in_features=42, out_features=43, bias=True)
          (1): GELU(approximate='none')
          (2): Dropout(p=0.0, inplace=False)
          (3): Linear(in_features=43, out_features=42, bias=True)
          (4): Dropout(p=0.0, inplace=False)
        )
      )
      (encoder_layer_4): EncoderBlock(
        (ln_1): LayerNorm((42,), eps=1e-06, elementwise_affine=True)
        (self_attention): MultiheadAttention(
          (out_proj): NonDynamicallyQuantizableLinear(in_features=42, out_features=42, bias=True)
        )
        (dropout): Dropout(p=0.0, inplace=False)
        (ln_2): LayerNorm((42,), eps=1e-06, elementwise_affine=True)
        (mlp): MLPBlock(
          (0): Linear(in_features=42, out_features=43, bias=True)
          (1): GELU(approximate='none')
          (2): Dropout(p=0.0, inplace=False)
          (3): Linear(in_features=43, out_features=42, bias=True)
          (4): Dropout(p=0.0, inplace=False)
        )
      )
      (encoder_layer_5): EncoderBlock(
        (ln_1): LayerNorm((42,), eps=1e-06, elementwise_affine=True)
        (self_attention): MultiheadAttention(
          (out_proj): NonDynamicallyQuantizableLinear(in_features=42, out_features=42, bias=True)
        )
        (dropout): Dropout(p=0.0, inplace=False)
        (ln_2): LayerNorm((42,), eps=1e-06, elementwise_affine=True)
        (mlp): MLPBlock(
          (0): Linear(in_features=42, out_features=43, bias=True)
          (1): GELU(approximate='none')
          (2): Dropout(p=0.0, inplace=False)
          (3): Linear(in_features=43, out_features=42, bias=True)
          (4): Dropout(p=0.0, inplace=False)
        )
      )
    )
    (ln): LayerNorm((42,), eps=1e-06, elementwise_affine=True)
  )
  (dropout): Dropout(p=0.3, inplace=False)
  (sigmoid): Sigmoid()
  (relu): ReLU()
  (fcco): Linear(in_features=45, out_features=42, bias=True)
  (fcsql): Linear(in_features=50, out_features=42, bias=True)
  (fc1): Linear(in_features=560, out_features=42, bias=True)
  (fwide): Linear(in_features=76, out_features=42, bias=True)
  (fc_final): Linear(in_features=42, out_features=1, bias=True)
)
2025-09-10 21:46:27 - train.py[line:126] - INFO: Loss Weights: tensor([1.0000, 2.3159])
2025-09-10 21:46:27 - train.py[line:128] - INFO: Using BCELoss as loss function.
2025-09-10 21:46:27 - train.py[line:130] - INFO: Using Adam as optimization function.
2025-09-10 21:46:27 - train.py[line:133] - INFO: Begin the training of model.
2025-09-10 21:46:33 - train.py[line:137] - INFO: epoch : 1, train loss : 0.9082, train acc: 0.6170, valid loss : 0.8840, valid acc : 0.6214
2025-09-10 21:46:38 - train.py[line:137] - INFO: epoch : 2, train loss : 0.8774, train acc: 0.6320, valid loss : 0.8733, valid acc : 0.6000
2025-09-10 21:46:43 - train.py[line:137] - INFO: epoch : 3, train loss : 0.8624, train acc: 0.6365, valid loss : 0.8782, valid acc : 0.6000
2025-09-10 21:46:48 - train.py[line:137] - INFO: epoch : 4, train loss : 0.8537, train acc: 0.6424, valid loss : 0.8867, valid acc : 0.5929
2025-09-10 21:46:53 - train.py[line:137] - INFO: epoch : 5, train loss : 0.8466, train acc: 0.6485, valid loss : 0.8885, valid acc : 0.5714
2025-09-10 21:46:58 - train.py[line:137] - INFO: epoch : 6, train loss : 0.8407, train acc: 0.6492, valid loss : 0.8869, valid acc : 0.5929
2025-09-10 21:47:03 - train.py[line:137] - INFO: epoch : 7, train loss : 0.8352, train acc: 0.6536, valid loss : 0.8711, valid acc : 0.6000
2025-09-10 21:47:09 - train.py[line:137] - INFO: epoch : 8, train loss : 0.8300, train acc: 0.6535, valid loss : 0.8917, valid acc : 0.5714
2025-09-10 21:47:14 - train.py[line:137] - INFO: epoch : 9, train loss : 0.8264, train acc: 0.6563, valid loss : 0.8815, valid acc : 0.5571
2025-09-10 21:47:19 - train.py[line:137] - INFO: epoch : 10, train loss : 0.8220, train acc: 0.6575, valid loss : 0.8717, valid acc : 0.5786
2025-09-10 21:47:24 - train.py[line:137] - INFO: epoch : 11, train loss : 0.8180, train acc: 0.6588, valid loss : 0.8697, valid acc : 0.5500
2025-09-10 21:47:30 - train.py[line:137] - INFO: epoch : 12, train loss : 0.8168, train acc: 0.6596, valid loss : 0.8830, valid acc : 0.5500
2025-09-10 21:47:35 - train.py[line:137] - INFO: epoch : 13, train loss : 0.8133, train acc: 0.6599, valid loss : 0.8700, valid acc : 0.5929
2025-09-10 21:47:41 - train.py[line:137] - INFO: epoch : 14, train loss : 0.8120, train acc: 0.6613, valid loss : 0.8731, valid acc : 0.5714
2025-09-10 21:47:46 - train.py[line:137] - INFO: epoch : 15, train loss : 0.8093, train acc: 0.6618, valid loss : 0.8669, valid acc : 0.6000
2025-09-10 21:47:52 - train.py[line:137] - INFO: epoch : 16, train loss : 0.8089, train acc: 0.6616, valid loss : 0.8792, valid acc : 0.5714
2025-09-10 21:47:58 - train.py[line:137] - INFO: epoch : 17, train loss : 0.8047, train acc: 0.6638, valid loss : 0.8771, valid acc : 0.5857
2025-09-10 21:48:03 - train.py[line:137] - INFO: epoch : 18, train loss : 0.8037, train acc: 0.6652, valid loss : 0.8759, valid acc : 0.6071
2025-09-10 21:48:08 - train.py[line:137] - INFO: epoch : 19, train loss : 0.8017, train acc: 0.6667, valid loss : 0.8711, valid acc : 0.5857
2025-09-10 21:48:14 - train.py[line:137] - INFO: epoch : 20, train loss : 0.8003, train acc: 0.6666, valid loss : 0.8747, valid acc : 0.5857
2025-09-10 21:48:19 - train.py[line:137] - INFO: epoch : 21, train loss : 0.8001, train acc: 0.6666, valid loss : 0.8515, valid acc : 0.5786
2025-09-10 21:48:24 - train.py[line:137] - INFO: epoch : 22, train loss : 0.7974, train acc: 0.6671, valid loss : 0.8586, valid acc : 0.5857
2025-09-10 21:48:30 - train.py[line:137] - INFO: epoch : 23, train loss : 0.7970, train acc: 0.6660, valid loss : 0.8577, valid acc : 0.6000
2025-09-10 21:48:35 - train.py[line:137] - INFO: epoch : 24, train loss : 0.7959, train acc: 0.6686, valid loss : 0.8597, valid acc : 0.6357
2025-09-10 21:48:41 - train.py[line:137] - INFO: epoch : 25, train loss : 0.7950, train acc: 0.6693, valid loss : 0.8405, valid acc : 0.6071
2025-09-10 21:48:46 - train.py[line:137] - INFO: epoch : 26, train loss : 0.7937, train acc: 0.6693, valid loss : 0.8531, valid acc : 0.5857
2025-09-10 21:48:52 - train.py[line:137] - INFO: epoch : 27, train loss : 0.7916, train acc: 0.6703, valid loss : 0.8491, valid acc : 0.6286
2025-09-10 21:48:57 - train.py[line:137] - INFO: epoch : 28, train loss : 0.7918, train acc: 0.6704, valid loss : 0.8531, valid acc : 0.6000
2025-09-10 21:49:03 - train.py[line:137] - INFO: epoch : 29, train loss : 0.7902, train acc: 0.6712, valid loss : 0.8553, valid acc : 0.6214
2025-09-10 21:49:08 - train.py[line:137] - INFO: epoch : 30, train loss : 0.7887, train acc: 0.6721, valid loss : 0.8457, valid acc : 0.6143
2025-09-10 21:49:13 - train.py[line:137] - INFO: epoch : 31, train loss : 0.7894, train acc: 0.6705, valid loss : 0.8349, valid acc : 0.6643
2025-09-10 21:49:18 - train.py[line:137] - INFO: epoch : 32, train loss : 0.7873, train acc: 0.6719, valid loss : 0.8416, valid acc : 0.6071
2025-09-10 21:49:23 - train.py[line:137] - INFO: epoch : 33, train loss : 0.7863, train acc: 0.6723, valid loss : 0.8374, valid acc : 0.6357
2025-09-10 21:49:28 - train.py[line:137] - INFO: epoch : 34, train loss : 0.7854, train acc: 0.6727, valid loss : 0.8428, valid acc : 0.6000
2025-09-10 21:49:33 - train.py[line:137] - INFO: epoch : 35, train loss : 0.7850, train acc: 0.6748, valid loss : 0.8424, valid acc : 0.6071
2025-09-10 21:49:38 - train.py[line:137] - INFO: epoch : 36, train loss : 0.7844, train acc: 0.6741, valid loss : 0.8357, valid acc : 0.6357
2025-09-10 21:49:43 - train.py[line:137] - INFO: epoch : 37, train loss : 0.7844, train acc: 0.6745, valid loss : 0.8384, valid acc : 0.6143
2025-09-10 21:49:48 - train.py[line:137] - INFO: epoch : 38, train loss : 0.7827, train acc: 0.6744, valid loss : 0.8088, valid acc : 0.6357
2025-09-10 21:49:54 - train.py[line:137] - INFO: epoch : 39, train loss : 0.7819, train acc: 0.6752, valid loss : 0.8315, valid acc : 0.6500
2025-09-10 21:49:59 - train.py[line:137] - INFO: epoch : 40, train loss : 0.7812, train acc: 0.6767, valid loss : 0.8281, valid acc : 0.6286
2025-09-10 21:50:04 - train.py[line:137] - INFO: epoch : 41, train loss : 0.7812, train acc: 0.6761, valid loss : 0.8252, valid acc : 0.6214
2025-09-10 21:50:09 - train.py[line:137] - INFO: epoch : 42, train loss : 0.7797, train acc: 0.6763, valid loss : 0.8321, valid acc : 0.6286
2025-09-10 21:50:14 - train.py[line:137] - INFO: epoch : 43, train loss : 0.7801, train acc: 0.6751, valid loss : 0.8489, valid acc : 0.6143
2025-09-10 21:50:20 - train.py[line:137] - INFO: epoch : 44, train loss : 0.7786, train acc: 0.6777, valid loss : 0.8458, valid acc : 0.6000
2025-09-10 21:50:25 - train.py[line:137] - INFO: epoch : 45, train loss : 0.7785, train acc: 0.6755, valid loss : 0.8393, valid acc : 0.6071
2025-09-10 21:50:30 - train.py[line:137] - INFO: epoch : 46, train loss : 0.7778, train acc: 0.6755, valid loss : 0.8400, valid acc : 0.5857
2025-09-10 21:50:35 - train.py[line:137] - INFO: epoch : 47, train loss : 0.7765, train acc: 0.6785, valid loss : 0.8247, valid acc : 0.6500
2025-09-10 21:50:40 - train.py[line:137] - INFO: epoch : 48, train loss : 0.7775, train acc: 0.6765, valid loss : 0.8264, valid acc : 0.6214
2025-09-10 21:50:45 - train.py[line:137] - INFO: epoch : 49, train loss : 0.7755, train acc: 0.6778, valid loss : 0.8482, valid acc : 0.6286
2025-09-10 21:50:50 - train.py[line:137] - INFO: epoch : 50, train loss : 0.7761, train acc: 0.6776, valid loss : 0.8289, valid acc : 0.6286
2025-09-10 21:50:55 - train.py[line:137] - INFO: epoch : 51, train loss : 0.7748, train acc: 0.6786, valid loss : 0.8520, valid acc : 0.5929
2025-09-10 21:51:00 - train.py[line:137] - INFO: epoch : 52, train loss : 0.7737, train acc: 0.6782, valid loss : 0.8607, valid acc : 0.5786
2025-09-10 21:51:05 - train.py[line:137] - INFO: epoch : 53, train loss : 0.7731, train acc: 0.6779, valid loss : 0.8488, valid acc : 0.6214
2025-09-10 21:51:10 - train.py[line:137] - INFO: epoch : 54, train loss : 0.7746, train acc: 0.6779, valid loss : 0.8456, valid acc : 0.5929
2025-09-10 21:51:15 - train.py[line:137] - INFO: epoch : 55, train loss : 0.7730, train acc: 0.6776, valid loss : 0.8632, valid acc : 0.6000
2025-09-10 21:51:21 - train.py[line:137] - INFO: epoch : 56, train loss : 0.7718, train acc: 0.6784, valid loss : 0.8350, valid acc : 0.6000
2025-09-10 21:51:26 - train.py[line:137] - INFO: epoch : 57, train loss : 0.7714, train acc: 0.6778, valid loss : 0.8297, valid acc : 0.6286
2025-09-10 21:51:31 - train.py[line:137] - INFO: epoch : 58, train loss : 0.7719, train acc: 0.6793, valid loss : 0.8119, valid acc : 0.6357
2025-09-10 21:51:36 - train.py[line:137] - INFO: epoch : 59, train loss : 0.7712, train acc: 0.6798, valid loss : 0.8043, valid acc : 0.6500
2025-09-10 21:51:41 - train.py[line:137] - INFO: epoch : 60, train loss : 0.7703, train acc: 0.6805, valid loss : 0.8298, valid acc : 0.6143
2025-09-10 21:51:46 - train.py[line:137] - INFO: epoch : 61, train loss : 0.7698, train acc: 0.6800, valid loss : 0.8312, valid acc : 0.6429
2025-09-10 21:51:51 - train.py[line:137] - INFO: epoch : 62, train loss : 0.7699, train acc: 0.6800, valid loss : 0.8165, valid acc : 0.6500
2025-09-10 21:51:56 - train.py[line:137] - INFO: epoch : 63, train loss : 0.7691, train acc: 0.6805, valid loss : 0.8514, valid acc : 0.6143
2025-09-10 21:52:02 - train.py[line:137] - INFO: epoch : 64, train loss : 0.7694, train acc: 0.6809, valid loss : 0.8368, valid acc : 0.6357
2025-09-10 21:52:07 - train.py[line:137] - INFO: epoch : 65, train loss : 0.7689, train acc: 0.6804, valid loss : 0.8328, valid acc : 0.6571
2025-09-10 21:52:12 - train.py[line:137] - INFO: epoch : 66, train loss : 0.7682, train acc: 0.6810, valid loss : 0.8902, valid acc : 0.5786
2025-09-10 21:52:17 - train.py[line:137] - INFO: epoch : 67, train loss : 0.7681, train acc: 0.6812, valid loss : 0.8423, valid acc : 0.6357
2025-09-10 21:52:22 - train.py[line:137] - INFO: epoch : 68, train loss : 0.7676, train acc: 0.6821, valid loss : 0.8246, valid acc : 0.6071
2025-09-10 21:52:27 - train.py[line:137] - INFO: epoch : 69, train loss : 0.7671, train acc: 0.6815, valid loss : 0.8561, valid acc : 0.6214
2025-09-10 21:52:32 - train.py[line:137] - INFO: epoch : 70, train loss : 0.7668, train acc: 0.6820, valid loss : 0.8196, valid acc : 0.6357
2025-09-10 21:52:37 - train.py[line:137] - INFO: epoch : 71, train loss : 0.7656, train acc: 0.6815, valid loss : 0.8193, valid acc : 0.6357
2025-09-10 21:52:42 - train.py[line:137] - INFO: epoch : 72, train loss : 0.7651, train acc: 0.6827, valid loss : 0.8342, valid acc : 0.6143
2025-09-10 21:52:47 - train.py[line:137] - INFO: epoch : 73, train loss : 0.7658, train acc: 0.6830, valid loss : 0.8592, valid acc : 0.6214
2025-09-10 21:52:53 - train.py[line:137] - INFO: epoch : 74, train loss : 0.7649, train acc: 0.6822, valid loss : 0.8542, valid acc : 0.6357
2025-09-10 21:52:58 - train.py[line:137] - INFO: epoch : 75, train loss : 0.7645, train acc: 0.6826, valid loss : 0.8233, valid acc : 0.5929
2025-09-10 21:53:04 - train.py[line:137] - INFO: epoch : 76, train loss : 0.7641, train acc: 0.6835, valid loss : 0.8405, valid acc : 0.6000
2025-09-10 21:53:09 - train.py[line:137] - INFO: epoch : 77, train loss : 0.7650, train acc: 0.6825, valid loss : 0.8239, valid acc : 0.6071
2025-09-10 21:53:14 - train.py[line:137] - INFO: epoch : 78, train loss : 0.7640, train acc: 0.6834, valid loss : 0.8206, valid acc : 0.6357
2025-09-10 21:53:19 - train.py[line:137] - INFO: epoch : 79, train loss : 0.7624, train acc: 0.6830, valid loss : 0.8197, valid acc : 0.6214
2025-09-10 21:53:24 - train.py[line:137] - INFO: epoch : 80, train loss : 0.7632, train acc: 0.6834, valid loss : 0.8306, valid acc : 0.6214
2025-09-10 21:53:29 - train.py[line:137] - INFO: epoch : 81, train loss : 0.7631, train acc: 0.6841, valid loss : 0.8254, valid acc : 0.6357
2025-09-10 21:53:34 - train.py[line:137] - INFO: epoch : 82, train loss : 0.7614, train acc: 0.6853, valid loss : 0.8016, valid acc : 0.6429
2025-09-10 21:53:39 - train.py[line:137] - INFO: epoch : 83, train loss : 0.7613, train acc: 0.6844, valid loss : 0.8365, valid acc : 0.6286
2025-09-10 21:53:45 - train.py[line:137] - INFO: epoch : 84, train loss : 0.7624, train acc: 0.6830, valid loss : 0.8492, valid acc : 0.5929
2025-09-10 21:53:50 - train.py[line:137] - INFO: epoch : 85, train loss : 0.7609, train acc: 0.6851, valid loss : 0.8800, valid acc : 0.6143
2025-09-10 21:53:55 - train.py[line:137] - INFO: epoch : 86, train loss : 0.7604, train acc: 0.6847, valid loss : 0.8567, valid acc : 0.6143
2025-09-10 21:54:01 - train.py[line:137] - INFO: epoch : 87, train loss : 0.7599, train acc: 0.6849, valid loss : 0.8455, valid acc : 0.6214
2025-09-10 21:54:06 - train.py[line:137] - INFO: epoch : 88, train loss : 0.7593, train acc: 0.6847, valid loss : 0.8304, valid acc : 0.6071
2025-09-10 21:54:11 - train.py[line:137] - INFO: epoch : 89, train loss : 0.7598, train acc: 0.6839, valid loss : 0.8194, valid acc : 0.6214
2025-09-10 21:54:17 - train.py[line:137] - INFO: epoch : 90, train loss : 0.7604, train acc: 0.6857, valid loss : 0.8214, valid acc : 0.6143
2025-09-10 21:54:22 - train.py[line:137] - INFO: epoch : 91, train loss : 0.7592, train acc: 0.6851, valid loss : 0.8130, valid acc : 0.6357
2025-09-10 21:54:27 - train.py[line:137] - INFO: epoch : 92, train loss : 0.7605, train acc: 0.6851, valid loss : 0.8292, valid acc : 0.6143
2025-09-10 21:54:32 - train.py[line:137] - INFO: epoch : 93, train loss : 0.7594, train acc: 0.6856, valid loss : 0.8275, valid acc : 0.6143
2025-09-10 21:54:37 - train.py[line:137] - INFO: epoch : 94, train loss : 0.7577, train acc: 0.6860, valid loss : 0.8098, valid acc : 0.6357
2025-09-10 21:54:42 - train.py[line:137] - INFO: epoch : 95, train loss : 0.7577, train acc: 0.6864, valid loss : 0.8158, valid acc : 0.6500
2025-09-10 21:54:47 - train.py[line:137] - INFO: epoch : 96, train loss : 0.7579, train acc: 0.6870, valid loss : 0.8169, valid acc : 0.6071
2025-09-10 21:54:52 - train.py[line:137] - INFO: epoch : 97, train loss : 0.7593, train acc: 0.6861, valid loss : 0.8182, valid acc : 0.6000
2025-09-10 21:54:58 - train.py[line:137] - INFO: epoch : 98, train loss : 0.7558, train acc: 0.6864, valid loss : 0.8138, valid acc : 0.6071
2025-09-10 21:55:03 - train.py[line:137] - INFO: epoch : 99, train loss : 0.7570, train acc: 0.6868, valid loss : 0.8324, valid acc : 0.6286
2025-09-10 21:55:08 - train.py[line:137] - INFO: epoch : 100, train loss : 0.7567, train acc: 0.6868, valid loss : 0.8426, valid acc : 0.6071
2025-09-10 21:55:08 - train.py[line:140] - INFO: Training Time of Neural Network: 8.685218604405721 min.
2025-09-10 21:55:08 - train.py[line:154] - INFO: {'tp': 0.271, 'fp': 0.336, 'tn': 0.336, 'fn': 0.057}
2025-09-10 21:55:08 - train.py[line:157] - INFO: Saving Model.
2025-09-10 21:55:08 - train.py[line:159] - INFO: Model saved in path output/temp/model/job-light.pkl
2025-09-10 21:58:28 - featureNew.py[line:276] - INFO: Start loading pickle of train...
2025-09-10 21:58:29 - featureNew.py[line:278] - INFO: Pickle of train loaded, filling nan...
2025-09-10 21:58:30 - featureNew.py[line:286] - INFO: Data num=200000 label1 num=30.16%
2025-09-10 21:58:31 - featureNew.py[line:298] - INFO: Dropping label and id, train raw data shape: (200000, 1177)
2025-09-10 21:58:31 - featureNew.py[line:304] - INFO: train generating wide feats...
2025-09-10 21:58:32 - featureNew.py[line:319] - INFO: train of data shape: (200000, 51)
2025-09-10 21:58:32 - featureNew.py[line:351] - INFO: train col_sel data shape: (200000, 25)
2025-09-10 21:58:36 - featureNew.py[line:367] - INFO: train deep data shape: (200000, 560)
2025-09-10 21:59:15 - featureNew.py[line:379] - INFO: train sql data shape: (200000, 50)
2025-09-10 22:01:05 - featureNew.py[line:408] - INFO: train co data shape: (200000, 45)
2025-09-10 22:01:05 - featureNew.py[line:276] - INFO: Start loading pickle of valid...
2025-09-10 22:01:05 - featureNew.py[line:278] - INFO: Pickle of valid loaded, filling nan...
2025-09-10 22:01:05 - featureNew.py[line:286] - INFO: Data num=140 label1 num=32.86%
2025-09-10 22:01:05 - featureNew.py[line:298] - INFO: Dropping label and id, valid raw data shape: (140, 1177)
2025-09-10 22:01:05 - featureNew.py[line:304] - INFO: valid generating wide feats...
2025-09-10 22:01:05 - featureNew.py[line:319] - INFO: valid of data shape: (140, 51)
2025-09-10 22:01:05 - featureNew.py[line:351] - INFO: valid col_sel data shape: (140, 25)
2025-09-10 22:01:05 - featureNew.py[line:367] - INFO: valid deep data shape: (140, 560)
2025-09-10 22:01:05 - featureNew.py[line:379] - INFO: valid sql data shape: (140, 50)
2025-09-10 22:01:06 - featureNew.py[line:408] - INFO: valid co data shape: (140, 45)
2025-09-10 22:01:06 - train.py[line:106] - INFO: Model input: {'wide': 76, 'deep': 560, 'sql': 50, 'co': 45, 'class0': 139683.997631073, 'class1': 60316.002368927}
2025-09-10 22:01:44 - featureNew.py[line:276] - INFO: Start loading pickle of train...
2025-09-10 22:01:45 - featureNew.py[line:278] - INFO: Pickle of train loaded, filling nan...
2025-09-10 22:01:45 - featureNew.py[line:286] - INFO: Data num=200000 label1 num=30.16%
2025-09-10 22:01:46 - featureNew.py[line:298] - INFO: Dropping label and id, train raw data shape: (200000, 1177)
2025-09-10 22:01:46 - featureNew.py[line:304] - INFO: train generating wide feats...
2025-09-10 22:01:46 - featureNew.py[line:319] - INFO: train of data shape: (200000, 51)
2025-09-10 22:01:47 - featureNew.py[line:351] - INFO: train col_sel data shape: (200000, 25)
2025-09-10 22:01:50 - featureNew.py[line:367] - INFO: train deep data shape: (200000, 560)
2025-09-10 22:01:56 - featureNew.py[line:379] - INFO: train sql data shape: (200000, 50)
2025-09-10 22:02:03 - featureNew.py[line:408] - INFO: train co data shape: (200000, 45)
2025-09-10 22:02:03 - featureNew.py[line:276] - INFO: Start loading pickle of valid...
2025-09-10 22:02:03 - featureNew.py[line:278] - INFO: Pickle of valid loaded, filling nan...
2025-09-10 22:02:03 - featureNew.py[line:286] - INFO: Data num=140 label1 num=32.86%
2025-09-10 22:02:03 - featureNew.py[line:298] - INFO: Dropping label and id, valid raw data shape: (140, 1177)
2025-09-10 22:02:03 - featureNew.py[line:304] - INFO: valid generating wide feats...
2025-09-10 22:02:04 - featureNew.py[line:319] - INFO: valid of data shape: (140, 51)
2025-09-10 22:02:04 - featureNew.py[line:351] - INFO: valid col_sel data shape: (140, 25)
2025-09-10 22:02:04 - featureNew.py[line:367] - INFO: valid deep data shape: (140, 560)
2025-09-10 22:02:04 - featureNew.py[line:379] - INFO: valid sql data shape: (140, 50)
2025-09-10 22:02:04 - featureNew.py[line:408] - INFO: valid co data shape: (140, 45)
2025-09-10 22:02:04 - train.py[line:106] - INFO: Model input: {'wide': 76, 'deep': 560, 'sql': 50, 'co': 45, 'class0': 139683.997631073, 'class1': 60316.002368927}
2025-09-10 22:02:04 - train.py[line:118] - INFO: Model established: LDSSTransformer2(
  (transformer_encoder): Encoder(
    (dropout): Dropout(p=0.0, inplace=False)
    (layers): Sequential(
      (encoder_layer_0): EncoderBlock(
        (ln_1): LayerNorm((64,), eps=1e-06, elementwise_affine=True)
        (self_attention): MultiheadAttention(
          (out_proj): NonDynamicallyQuantizableLinear(in_features=64, out_features=64, bias=True)
        )
        (dropout): Dropout(p=0.0, inplace=False)
        (ln_2): LayerNorm((64,), eps=1e-06, elementwise_affine=True)
        (mlp): MLPBlock(
          (0): Linear(in_features=64, out_features=43, bias=True)
          (1): GELU(approximate='none')
          (2): Dropout(p=0.0, inplace=False)
          (3): Linear(in_features=43, out_features=64, bias=True)
          (4): Dropout(p=0.0, inplace=False)
        )
      )
      (encoder_layer_1): EncoderBlock(
        (ln_1): LayerNorm((64,), eps=1e-06, elementwise_affine=True)
        (self_attention): MultiheadAttention(
          (out_proj): NonDynamicallyQuantizableLinear(in_features=64, out_features=64, bias=True)
        )
        (dropout): Dropout(p=0.0, inplace=False)
        (ln_2): LayerNorm((64,), eps=1e-06, elementwise_affine=True)
        (mlp): MLPBlock(
          (0): Linear(in_features=64, out_features=43, bias=True)
          (1): GELU(approximate='none')
          (2): Dropout(p=0.0, inplace=False)
          (3): Linear(in_features=43, out_features=64, bias=True)
          (4): Dropout(p=0.0, inplace=False)
        )
      )
      (encoder_layer_2): EncoderBlock(
        (ln_1): LayerNorm((64,), eps=1e-06, elementwise_affine=True)
        (self_attention): MultiheadAttention(
          (out_proj): NonDynamicallyQuantizableLinear(in_features=64, out_features=64, bias=True)
        )
        (dropout): Dropout(p=0.0, inplace=False)
        (ln_2): LayerNorm((64,), eps=1e-06, elementwise_affine=True)
        (mlp): MLPBlock(
          (0): Linear(in_features=64, out_features=43, bias=True)
          (1): GELU(approximate='none')
          (2): Dropout(p=0.0, inplace=False)
          (3): Linear(in_features=43, out_features=64, bias=True)
          (4): Dropout(p=0.0, inplace=False)
        )
      )
      (encoder_layer_3): EncoderBlock(
        (ln_1): LayerNorm((64,), eps=1e-06, elementwise_affine=True)
        (self_attention): MultiheadAttention(
          (out_proj): NonDynamicallyQuantizableLinear(in_features=64, out_features=64, bias=True)
        )
        (dropout): Dropout(p=0.0, inplace=False)
        (ln_2): LayerNorm((64,), eps=1e-06, elementwise_affine=True)
        (mlp): MLPBlock(
          (0): Linear(in_features=64, out_features=43, bias=True)
          (1): GELU(approximate='none')
          (2): Dropout(p=0.0, inplace=False)
          (3): Linear(in_features=43, out_features=64, bias=True)
          (4): Dropout(p=0.0, inplace=False)
        )
      )
      (encoder_layer_4): EncoderBlock(
        (ln_1): LayerNorm((64,), eps=1e-06, elementwise_affine=True)
        (self_attention): MultiheadAttention(
          (out_proj): NonDynamicallyQuantizableLinear(in_features=64, out_features=64, bias=True)
        )
        (dropout): Dropout(p=0.0, inplace=False)
        (ln_2): LayerNorm((64,), eps=1e-06, elementwise_affine=True)
        (mlp): MLPBlock(
          (0): Linear(in_features=64, out_features=43, bias=True)
          (1): GELU(approximate='none')
          (2): Dropout(p=0.0, inplace=False)
          (3): Linear(in_features=43, out_features=64, bias=True)
          (4): Dropout(p=0.0, inplace=False)
        )
      )
      (encoder_layer_5): EncoderBlock(
        (ln_1): LayerNorm((64,), eps=1e-06, elementwise_affine=True)
        (self_attention): MultiheadAttention(
          (out_proj): NonDynamicallyQuantizableLinear(in_features=64, out_features=64, bias=True)
        )
        (dropout): Dropout(p=0.0, inplace=False)
        (ln_2): LayerNorm((64,), eps=1e-06, elementwise_affine=True)
        (mlp): MLPBlock(
          (0): Linear(in_features=64, out_features=43, bias=True)
          (1): GELU(approximate='none')
          (2): Dropout(p=0.0, inplace=False)
          (3): Linear(in_features=43, out_features=64, bias=True)
          (4): Dropout(p=0.0, inplace=False)
        )
      )
    )
    (ln): LayerNorm((64,), eps=1e-06, elementwise_affine=True)
  )
  (dropout): Dropout(p=0.3, inplace=False)
  (sigmoid): Sigmoid()
  (relu): ReLU()
  (fcco): Linear(in_features=45, out_features=42, bias=True)
  (fcsql): Linear(in_features=50, out_features=42, bias=True)
  (fc1): Linear(in_features=560, out_features=42, bias=True)
  (fwide): Linear(in_features=76, out_features=42, bias=True)
  (fc_final): Linear(in_features=42, out_features=1, bias=True)
)
2025-09-10 22:02:04 - train.py[line:126] - INFO: Loss Weights: tensor([1.0000, 2.3159])
2025-09-10 22:02:04 - train.py[line:128] - INFO: Using BCELoss as loss function.
2025-09-10 22:02:04 - train.py[line:130] - INFO: Using Adam as optimization function.
2025-09-10 22:02:04 - train.py[line:133] - INFO: Begin the training of model.
2025-09-10 22:05:32 - featureNew.py[line:276] - INFO: Start loading pickle of train...
2025-09-10 22:05:33 - featureNew.py[line:278] - INFO: Pickle of train loaded, filling nan...
2025-09-10 22:05:34 - featureNew.py[line:286] - INFO: Data num=200000 label1 num=30.16%
2025-09-10 22:05:34 - featureNew.py[line:298] - INFO: Dropping label and id, train raw data shape: (200000, 1177)
2025-09-10 22:05:34 - featureNew.py[line:304] - INFO: train generating wide feats...
2025-09-10 22:05:34 - featureNew.py[line:319] - INFO: train of data shape: (200000, 51)
2025-09-10 22:05:35 - featureNew.py[line:351] - INFO: train col_sel data shape: (200000, 25)
2025-09-10 22:05:38 - featureNew.py[line:367] - INFO: train deep data shape: (200000, 560)
2025-09-10 22:05:42 - featureNew.py[line:379] - INFO: train sql data shape: (200000, 50)
2025-09-10 22:05:47 - featureNew.py[line:408] - INFO: train co data shape: (200000, 45)
2025-09-10 22:05:47 - featureNew.py[line:276] - INFO: Start loading pickle of valid...
2025-09-10 22:05:47 - featureNew.py[line:278] - INFO: Pickle of valid loaded, filling nan...
2025-09-10 22:05:48 - featureNew.py[line:286] - INFO: Data num=140 label1 num=32.86%
2025-09-10 22:05:48 - featureNew.py[line:298] - INFO: Dropping label and id, valid raw data shape: (140, 1177)
2025-09-10 22:05:48 - featureNew.py[line:304] - INFO: valid generating wide feats...
2025-09-10 22:05:48 - featureNew.py[line:319] - INFO: valid of data shape: (140, 51)
2025-09-10 22:05:48 - featureNew.py[line:351] - INFO: valid col_sel data shape: (140, 25)
2025-09-10 22:05:48 - featureNew.py[line:367] - INFO: valid deep data shape: (140, 560)
2025-09-10 22:05:48 - featureNew.py[line:379] - INFO: valid sql data shape: (140, 50)
2025-09-10 22:05:48 - featureNew.py[line:408] - INFO: valid co data shape: (140, 45)
2025-09-10 22:05:48 - train.py[line:106] - INFO: Model input: {'wide': 76, 'deep': 560, 'sql': 50, 'co': 45, 'class0': 139683.997631073, 'class1': 60316.002368927}
2025-09-10 22:06:07 - featureNew.py[line:276] - INFO: Start loading pickle of train...
2025-09-10 22:06:07 - featureNew.py[line:278] - INFO: Pickle of train loaded, filling nan...
2025-09-10 22:06:08 - featureNew.py[line:286] - INFO: Data num=200000 label1 num=30.16%
2025-09-10 22:06:09 - featureNew.py[line:298] - INFO: Dropping label and id, train raw data shape: (200000, 1177)
2025-09-10 22:06:09 - featureNew.py[line:304] - INFO: train generating wide feats...
2025-09-10 22:06:10 - featureNew.py[line:319] - INFO: train of data shape: (200000, 51)
2025-09-10 22:06:11 - featureNew.py[line:351] - INFO: train col_sel data shape: (200000, 25)
2025-09-10 22:06:14 - featureNew.py[line:367] - INFO: train deep data shape: (200000, 560)
2025-09-10 22:06:20 - featureNew.py[line:379] - INFO: train sql data shape: (200000, 50)
2025-09-10 22:06:26 - featureNew.py[line:408] - INFO: train co data shape: (200000, 45)
2025-09-10 22:06:26 - featureNew.py[line:276] - INFO: Start loading pickle of valid...
2025-09-10 22:06:26 - featureNew.py[line:278] - INFO: Pickle of valid loaded, filling nan...
2025-09-10 22:06:26 - featureNew.py[line:286] - INFO: Data num=140 label1 num=32.86%
2025-09-10 22:06:26 - featureNew.py[line:298] - INFO: Dropping label and id, valid raw data shape: (140, 1177)
2025-09-10 22:06:26 - featureNew.py[line:304] - INFO: valid generating wide feats...
2025-09-10 22:06:26 - featureNew.py[line:319] - INFO: valid of data shape: (140, 51)
2025-09-10 22:06:27 - featureNew.py[line:351] - INFO: valid col_sel data shape: (140, 25)
2025-09-10 22:06:27 - featureNew.py[line:367] - INFO: valid deep data shape: (140, 560)
2025-09-10 22:06:27 - featureNew.py[line:379] - INFO: valid sql data shape: (140, 50)
2025-09-10 22:06:27 - featureNew.py[line:408] - INFO: valid co data shape: (140, 45)
2025-09-10 22:06:27 - train.py[line:106] - INFO: Model input: {'wide': 76, 'deep': 560, 'sql': 50, 'co': 45, 'class0': 139683.997631073, 'class1': 60316.002368927}
2025-09-10 22:06:27 - train.py[line:118] - INFO: Model established: LDSSTransformer2(
  (transformer_encoder): Encoder(
    (dropout): Dropout(p=0.0, inplace=False)
    (layers): Sequential(
      (encoder_layer_0): EncoderBlock(
        (ln_1): LayerNorm((64,), eps=1e-06, elementwise_affine=True)
        (self_attention): MultiheadAttention(
          (out_proj): NonDynamicallyQuantizableLinear(in_features=64, out_features=64, bias=True)
        )
        (dropout): Dropout(p=0.0, inplace=False)
        (ln_2): LayerNorm((64,), eps=1e-06, elementwise_affine=True)
        (mlp): MLPBlock(
          (0): Linear(in_features=64, out_features=128, bias=True)
          (1): GELU(approximate='none')
          (2): Dropout(p=0.0, inplace=False)
          (3): Linear(in_features=128, out_features=64, bias=True)
          (4): Dropout(p=0.0, inplace=False)
        )
      )
      (encoder_layer_1): EncoderBlock(
        (ln_1): LayerNorm((64,), eps=1e-06, elementwise_affine=True)
        (self_attention): MultiheadAttention(
          (out_proj): NonDynamicallyQuantizableLinear(in_features=64, out_features=64, bias=True)
        )
        (dropout): Dropout(p=0.0, inplace=False)
        (ln_2): LayerNorm((64,), eps=1e-06, elementwise_affine=True)
        (mlp): MLPBlock(
          (0): Linear(in_features=64, out_features=128, bias=True)
          (1): GELU(approximate='none')
          (2): Dropout(p=0.0, inplace=False)
          (3): Linear(in_features=128, out_features=64, bias=True)
          (4): Dropout(p=0.0, inplace=False)
        )
      )
      (encoder_layer_2): EncoderBlock(
        (ln_1): LayerNorm((64,), eps=1e-06, elementwise_affine=True)
        (self_attention): MultiheadAttention(
          (out_proj): NonDynamicallyQuantizableLinear(in_features=64, out_features=64, bias=True)
        )
        (dropout): Dropout(p=0.0, inplace=False)
        (ln_2): LayerNorm((64,), eps=1e-06, elementwise_affine=True)
        (mlp): MLPBlock(
          (0): Linear(in_features=64, out_features=128, bias=True)
          (1): GELU(approximate='none')
          (2): Dropout(p=0.0, inplace=False)
          (3): Linear(in_features=128, out_features=64, bias=True)
          (4): Dropout(p=0.0, inplace=False)
        )
      )
      (encoder_layer_3): EncoderBlock(
        (ln_1): LayerNorm((64,), eps=1e-06, elementwise_affine=True)
        (self_attention): MultiheadAttention(
          (out_proj): NonDynamicallyQuantizableLinear(in_features=64, out_features=64, bias=True)
        )
        (dropout): Dropout(p=0.0, inplace=False)
        (ln_2): LayerNorm((64,), eps=1e-06, elementwise_affine=True)
        (mlp): MLPBlock(
          (0): Linear(in_features=64, out_features=128, bias=True)
          (1): GELU(approximate='none')
          (2): Dropout(p=0.0, inplace=False)
          (3): Linear(in_features=128, out_features=64, bias=True)
          (4): Dropout(p=0.0, inplace=False)
        )
      )
      (encoder_layer_4): EncoderBlock(
        (ln_1): LayerNorm((64,), eps=1e-06, elementwise_affine=True)
        (self_attention): MultiheadAttention(
          (out_proj): NonDynamicallyQuantizableLinear(in_features=64, out_features=64, bias=True)
        )
        (dropout): Dropout(p=0.0, inplace=False)
        (ln_2): LayerNorm((64,), eps=1e-06, elementwise_affine=True)
        (mlp): MLPBlock(
          (0): Linear(in_features=64, out_features=128, bias=True)
          (1): GELU(approximate='none')
          (2): Dropout(p=0.0, inplace=False)
          (3): Linear(in_features=128, out_features=64, bias=True)
          (4): Dropout(p=0.0, inplace=False)
        )
      )
      (encoder_layer_5): EncoderBlock(
        (ln_1): LayerNorm((64,), eps=1e-06, elementwise_affine=True)
        (self_attention): MultiheadAttention(
          (out_proj): NonDynamicallyQuantizableLinear(in_features=64, out_features=64, bias=True)
        )
        (dropout): Dropout(p=0.0, inplace=False)
        (ln_2): LayerNorm((64,), eps=1e-06, elementwise_affine=True)
        (mlp): MLPBlock(
          (0): Linear(in_features=64, out_features=128, bias=True)
          (1): GELU(approximate='none')
          (2): Dropout(p=0.0, inplace=False)
          (3): Linear(in_features=128, out_features=64, bias=True)
          (4): Dropout(p=0.0, inplace=False)
        )
      )
    )
    (ln): LayerNorm((64,), eps=1e-06, elementwise_affine=True)
  )
  (dropout): Dropout(p=0.3, inplace=False)
  (sigmoid): Sigmoid()
  (relu): ReLU()
  (fcco): Linear(in_features=45, out_features=64, bias=True)
  (fcsql): Linear(in_features=50, out_features=64, bias=True)
  (fc1): Linear(in_features=560, out_features=64, bias=True)
  (fwide): Linear(in_features=76, out_features=64, bias=True)
  (fc_final): Linear(in_features=64, out_features=1, bias=True)
)
2025-09-10 22:06:27 - train.py[line:126] - INFO: Loss Weights: tensor([1.0000, 2.3159])
2025-09-10 22:06:27 - train.py[line:128] - INFO: Using BCELoss as loss function.
2025-09-10 22:06:27 - train.py[line:130] - INFO: Using Adam as optimization function.
2025-09-10 22:06:27 - train.py[line:133] - INFO: Begin the training of model.
2025-09-10 22:06:55 - featureNew.py[line:276] - INFO: Start loading pickle of train...
2025-09-10 22:06:56 - featureNew.py[line:278] - INFO: Pickle of train loaded, filling nan...
2025-09-10 22:06:56 - featureNew.py[line:286] - INFO: Data num=200000 label1 num=30.16%
2025-09-10 22:06:58 - featureNew.py[line:298] - INFO: Dropping label and id, train raw data shape: (200000, 1177)
2025-09-10 22:06:58 - featureNew.py[line:304] - INFO: train generating wide feats...
2025-09-10 22:07:00 - featureNew.py[line:319] - INFO: train of data shape: (200000, 51)
2025-09-10 22:07:00 - featureNew.py[line:351] - INFO: train col_sel data shape: (200000, 25)
2025-09-10 22:07:04 - featureNew.py[line:367] - INFO: train deep data shape: (200000, 560)
2025-09-10 22:07:10 - featureNew.py[line:379] - INFO: train sql data shape: (200000, 50)
2025-09-10 22:07:15 - featureNew.py[line:408] - INFO: train co data shape: (200000, 45)
2025-09-10 22:07:15 - featureNew.py[line:276] - INFO: Start loading pickle of valid...
2025-09-10 22:07:15 - featureNew.py[line:278] - INFO: Pickle of valid loaded, filling nan...
2025-09-10 22:07:15 - featureNew.py[line:286] - INFO: Data num=140 label1 num=32.86%
2025-09-10 22:07:15 - featureNew.py[line:298] - INFO: Dropping label and id, valid raw data shape: (140, 1177)
2025-09-10 22:07:15 - featureNew.py[line:304] - INFO: valid generating wide feats...
2025-09-10 22:07:15 - featureNew.py[line:319] - INFO: valid of data shape: (140, 51)
2025-09-10 22:07:15 - featureNew.py[line:351] - INFO: valid col_sel data shape: (140, 25)
2025-09-10 22:07:16 - featureNew.py[line:367] - INFO: valid deep data shape: (140, 560)
2025-09-10 22:07:16 - featureNew.py[line:379] - INFO: valid sql data shape: (140, 50)
2025-09-10 22:07:16 - featureNew.py[line:408] - INFO: valid co data shape: (140, 45)
2025-09-10 22:07:16 - train.py[line:106] - INFO: Model input: {'wide': 76, 'deep': 560, 'sql': 50, 'co': 45, 'class0': 139683.997631073, 'class1': 60316.002368927}
2025-09-10 22:07:16 - train.py[line:118] - INFO: Model established: LDSSTransformer2(
  (transformer_encoder): Encoder(
    (dropout): Dropout(p=0.0, inplace=False)
    (layers): Sequential(
      (encoder_layer_0): EncoderBlock(
        (ln_1): LayerNorm((64,), eps=1e-06, elementwise_affine=True)
        (self_attention): MultiheadAttention(
          (out_proj): NonDynamicallyQuantizableLinear(in_features=64, out_features=64, bias=True)
        )
        (dropout): Dropout(p=0.0, inplace=False)
        (ln_2): LayerNorm((64,), eps=1e-06, elementwise_affine=True)
        (mlp): MLPBlock(
          (0): Linear(in_features=64, out_features=128, bias=True)
          (1): GELU(approximate='none')
          (2): Dropout(p=0.0, inplace=False)
          (3): Linear(in_features=128, out_features=64, bias=True)
          (4): Dropout(p=0.0, inplace=False)
        )
      )
      (encoder_layer_1): EncoderBlock(
        (ln_1): LayerNorm((64,), eps=1e-06, elementwise_affine=True)
        (self_attention): MultiheadAttention(
          (out_proj): NonDynamicallyQuantizableLinear(in_features=64, out_features=64, bias=True)
        )
        (dropout): Dropout(p=0.0, inplace=False)
        (ln_2): LayerNorm((64,), eps=1e-06, elementwise_affine=True)
        (mlp): MLPBlock(
          (0): Linear(in_features=64, out_features=128, bias=True)
          (1): GELU(approximate='none')
          (2): Dropout(p=0.0, inplace=False)
          (3): Linear(in_features=128, out_features=64, bias=True)
          (4): Dropout(p=0.0, inplace=False)
        )
      )
      (encoder_layer_2): EncoderBlock(
        (ln_1): LayerNorm((64,), eps=1e-06, elementwise_affine=True)
        (self_attention): MultiheadAttention(
          (out_proj): NonDynamicallyQuantizableLinear(in_features=64, out_features=64, bias=True)
        )
        (dropout): Dropout(p=0.0, inplace=False)
        (ln_2): LayerNorm((64,), eps=1e-06, elementwise_affine=True)
        (mlp): MLPBlock(
          (0): Linear(in_features=64, out_features=128, bias=True)
          (1): GELU(approximate='none')
          (2): Dropout(p=0.0, inplace=False)
          (3): Linear(in_features=128, out_features=64, bias=True)
          (4): Dropout(p=0.0, inplace=False)
        )
      )
      (encoder_layer_3): EncoderBlock(
        (ln_1): LayerNorm((64,), eps=1e-06, elementwise_affine=True)
        (self_attention): MultiheadAttention(
          (out_proj): NonDynamicallyQuantizableLinear(in_features=64, out_features=64, bias=True)
        )
        (dropout): Dropout(p=0.0, inplace=False)
        (ln_2): LayerNorm((64,), eps=1e-06, elementwise_affine=True)
        (mlp): MLPBlock(
          (0): Linear(in_features=64, out_features=128, bias=True)
          (1): GELU(approximate='none')
          (2): Dropout(p=0.0, inplace=False)
          (3): Linear(in_features=128, out_features=64, bias=True)
          (4): Dropout(p=0.0, inplace=False)
        )
      )
      (encoder_layer_4): EncoderBlock(
        (ln_1): LayerNorm((64,), eps=1e-06, elementwise_affine=True)
        (self_attention): MultiheadAttention(
          (out_proj): NonDynamicallyQuantizableLinear(in_features=64, out_features=64, bias=True)
        )
        (dropout): Dropout(p=0.0, inplace=False)
        (ln_2): LayerNorm((64,), eps=1e-06, elementwise_affine=True)
        (mlp): MLPBlock(
          (0): Linear(in_features=64, out_features=128, bias=True)
          (1): GELU(approximate='none')
          (2): Dropout(p=0.0, inplace=False)
          (3): Linear(in_features=128, out_features=64, bias=True)
          (4): Dropout(p=0.0, inplace=False)
        )
      )
      (encoder_layer_5): EncoderBlock(
        (ln_1): LayerNorm((64,), eps=1e-06, elementwise_affine=True)
        (self_attention): MultiheadAttention(
          (out_proj): NonDynamicallyQuantizableLinear(in_features=64, out_features=64, bias=True)
        )
        (dropout): Dropout(p=0.0, inplace=False)
        (ln_2): LayerNorm((64,), eps=1e-06, elementwise_affine=True)
        (mlp): MLPBlock(
          (0): Linear(in_features=64, out_features=128, bias=True)
          (1): GELU(approximate='none')
          (2): Dropout(p=0.0, inplace=False)
          (3): Linear(in_features=128, out_features=64, bias=True)
          (4): Dropout(p=0.0, inplace=False)
        )
      )
    )
    (ln): LayerNorm((64,), eps=1e-06, elementwise_affine=True)
  )
  (dropout): Dropout(p=0.3, inplace=False)
  (sigmoid): Sigmoid()
  (relu): ReLU()
  (fcco): Linear(in_features=45, out_features=64, bias=True)
  (fcsql): Linear(in_features=50, out_features=64, bias=True)
  (fc1): Linear(in_features=560, out_features=64, bias=True)
  (fwide): Linear(in_features=76, out_features=64, bias=True)
  (fc_final): Linear(in_features=64, out_features=1, bias=True)
)
2025-09-10 22:07:16 - train.py[line:126] - INFO: Loss Weights: tensor([1.0000, 2.3159])
2025-09-10 22:07:16 - train.py[line:128] - INFO: Using BCELoss as loss function.
2025-09-10 22:07:16 - train.py[line:130] - INFO: Using Adam as optimization function.
2025-09-10 22:07:16 - train.py[line:133] - INFO: Begin the training of model.
2025-09-10 22:07:22 - train.py[line:137] - INFO: epoch : 1, train loss : 0.9048, train acc: 0.6235, valid loss : 0.8887, valid acc : 0.6000
2025-09-10 22:07:27 - train.py[line:137] - INFO: epoch : 2, train loss : 0.8691, train acc: 0.6332, valid loss : 0.8650, valid acc : 0.6000
2025-09-10 22:07:34 - train.py[line:137] - INFO: epoch : 3, train loss : 0.8545, train acc: 0.6412, valid loss : 0.8734, valid acc : 0.5857
2025-09-10 22:07:40 - train.py[line:137] - INFO: epoch : 4, train loss : 0.8449, train acc: 0.6485, valid loss : 0.8799, valid acc : 0.5714
2025-09-10 22:07:46 - train.py[line:137] - INFO: epoch : 5, train loss : 0.8361, train acc: 0.6527, valid loss : 0.8671, valid acc : 0.6071
2025-09-10 22:07:51 - train.py[line:137] - INFO: epoch : 6, train loss : 0.8291, train acc: 0.6551, valid loss : 0.8911, valid acc : 0.5857
2025-09-10 22:07:56 - train.py[line:137] - INFO: epoch : 7, train loss : 0.8247, train acc: 0.6574, valid loss : 0.8824, valid acc : 0.5786
2025-09-10 22:08:02 - train.py[line:137] - INFO: epoch : 8, train loss : 0.8202, train acc: 0.6579, valid loss : 0.8920, valid acc : 0.6286
2025-09-10 22:08:07 - train.py[line:137] - INFO: epoch : 9, train loss : 0.8156, train acc: 0.6595, valid loss : 0.8991, valid acc : 0.5929
2025-09-10 22:08:13 - train.py[line:137] - INFO: epoch : 10, train loss : 0.8121, train acc: 0.6607, valid loss : 0.8717, valid acc : 0.5857
2025-09-10 22:08:18 - train.py[line:137] - INFO: epoch : 11, train loss : 0.8095, train acc: 0.6620, valid loss : 0.8572, valid acc : 0.6071
2025-09-10 22:08:23 - train.py[line:137] - INFO: epoch : 12, train loss : 0.8072, train acc: 0.6631, valid loss : 0.8968, valid acc : 0.5571
2025-09-10 22:08:29 - train.py[line:137] - INFO: epoch : 13, train loss : 0.8045, train acc: 0.6635, valid loss : 0.8941, valid acc : 0.5929
2025-09-10 22:08:35 - train.py[line:137] - INFO: epoch : 14, train loss : 0.8014, train acc: 0.6667, valid loss : 0.8882, valid acc : 0.6071
2025-09-10 22:08:41 - train.py[line:137] - INFO: epoch : 15, train loss : 0.7996, train acc: 0.6670, valid loss : 0.8738, valid acc : 0.6143
2025-09-10 22:08:46 - train.py[line:137] - INFO: epoch : 16, train loss : 0.7977, train acc: 0.6680, valid loss : 0.8735, valid acc : 0.5857
2025-09-10 22:08:51 - train.py[line:137] - INFO: epoch : 17, train loss : 0.7955, train acc: 0.6688, valid loss : 0.8752, valid acc : 0.5786
2025-09-10 22:08:56 - train.py[line:137] - INFO: epoch : 18, train loss : 0.7939, train acc: 0.6696, valid loss : 0.8808, valid acc : 0.5857
2025-09-10 22:09:01 - train.py[line:137] - INFO: epoch : 19, train loss : 0.7920, train acc: 0.6703, valid loss : 0.8602, valid acc : 0.6143
2025-09-10 22:09:07 - train.py[line:137] - INFO: epoch : 20, train loss : 0.7909, train acc: 0.6707, valid loss : 0.8809, valid acc : 0.6000
2025-09-10 22:09:13 - train.py[line:137] - INFO: epoch : 21, train loss : 0.7893, train acc: 0.6728, valid loss : 0.8438, valid acc : 0.6143
2025-09-10 22:09:18 - train.py[line:137] - INFO: epoch : 22, train loss : 0.7889, train acc: 0.6726, valid loss : 0.8655, valid acc : 0.6143
2025-09-10 22:09:23 - train.py[line:137] - INFO: epoch : 23, train loss : 0.7863, train acc: 0.6727, valid loss : 0.8730, valid acc : 0.6286
2025-09-10 22:09:29 - train.py[line:137] - INFO: epoch : 24, train loss : 0.7857, train acc: 0.6747, valid loss : 0.8620, valid acc : 0.6000
2025-09-10 22:09:34 - train.py[line:137] - INFO: epoch : 25, train loss : 0.7841, train acc: 0.6735, valid loss : 0.8324, valid acc : 0.6571
2025-09-10 22:09:40 - train.py[line:137] - INFO: epoch : 26, train loss : 0.7830, train acc: 0.6747, valid loss : 0.8472, valid acc : 0.6214
2025-09-10 22:09:45 - train.py[line:137] - INFO: epoch : 27, train loss : 0.7827, train acc: 0.6751, valid loss : 0.8469, valid acc : 0.6286
2025-09-10 22:09:50 - train.py[line:137] - INFO: epoch : 28, train loss : 0.7804, train acc: 0.6758, valid loss : 0.8499, valid acc : 0.6000
2025-09-10 22:09:56 - train.py[line:137] - INFO: epoch : 29, train loss : 0.7796, train acc: 0.6741, valid loss : 0.8456, valid acc : 0.6286
2025-09-10 22:10:01 - train.py[line:137] - INFO: epoch : 30, train loss : 0.7790, train acc: 0.6768, valid loss : 0.8297, valid acc : 0.6214
2025-09-10 22:10:06 - train.py[line:137] - INFO: epoch : 31, train loss : 0.7777, train acc: 0.6771, valid loss : 0.8338, valid acc : 0.6214
2025-09-10 22:10:11 - train.py[line:137] - INFO: epoch : 32, train loss : 0.7767, train acc: 0.6755, valid loss : 0.8066, valid acc : 0.6429
2025-09-10 22:10:16 - train.py[line:137] - INFO: epoch : 33, train loss : 0.7745, train acc: 0.6792, valid loss : 0.7992, valid acc : 0.6357
2025-09-10 22:10:21 - train.py[line:137] - INFO: epoch : 34, train loss : 0.7746, train acc: 0.6774, valid loss : 0.7987, valid acc : 0.6500
2025-09-10 22:10:26 - train.py[line:137] - INFO: epoch : 35, train loss : 0.7744, train acc: 0.6772, valid loss : 0.8124, valid acc : 0.6286
2025-09-10 22:10:32 - train.py[line:137] - INFO: epoch : 36, train loss : 0.7725, train acc: 0.6790, valid loss : 0.7951, valid acc : 0.6429
2025-09-10 22:10:37 - train.py[line:137] - INFO: epoch : 37, train loss : 0.7734, train acc: 0.6784, valid loss : 0.7986, valid acc : 0.6357
2025-09-10 22:10:43 - train.py[line:137] - INFO: epoch : 38, train loss : 0.7716, train acc: 0.6802, valid loss : 0.7971, valid acc : 0.6500
2025-09-10 22:10:48 - train.py[line:137] - INFO: epoch : 39, train loss : 0.7711, train acc: 0.6801, valid loss : 0.7864, valid acc : 0.6429
2025-09-10 22:10:53 - train.py[line:137] - INFO: epoch : 40, train loss : 0.7704, train acc: 0.6788, valid loss : 0.7807, valid acc : 0.6571
2025-09-10 22:10:59 - train.py[line:137] - INFO: epoch : 41, train loss : 0.7693, train acc: 0.6814, valid loss : 0.7793, valid acc : 0.6500
2025-09-10 22:11:04 - train.py[line:137] - INFO: epoch : 42, train loss : 0.7691, train acc: 0.6801, valid loss : 0.7877, valid acc : 0.6500
2025-09-10 22:11:09 - train.py[line:137] - INFO: epoch : 43, train loss : 0.7678, train acc: 0.6818, valid loss : 0.8087, valid acc : 0.6286
2025-09-10 22:11:15 - train.py[line:137] - INFO: epoch : 44, train loss : 0.7663, train acc: 0.6819, valid loss : 0.7808, valid acc : 0.6643
2025-09-10 22:11:20 - train.py[line:137] - INFO: epoch : 45, train loss : 0.7667, train acc: 0.6826, valid loss : 0.7906, valid acc : 0.6571
2025-09-10 22:11:25 - train.py[line:137] - INFO: epoch : 46, train loss : 0.7652, train acc: 0.6836, valid loss : 0.7962, valid acc : 0.6500
2025-09-10 22:11:30 - train.py[line:137] - INFO: epoch : 47, train loss : 0.7675, train acc: 0.6803, valid loss : 0.7872, valid acc : 0.6643
2025-09-10 22:11:35 - train.py[line:137] - INFO: epoch : 48, train loss : 0.7642, train acc: 0.6823, valid loss : 0.8094, valid acc : 0.6500
2025-09-10 22:11:41 - train.py[line:137] - INFO: epoch : 49, train loss : 0.7642, train acc: 0.6822, valid loss : 0.7980, valid acc : 0.6286
2025-09-10 22:11:46 - train.py[line:137] - INFO: epoch : 50, train loss : 0.7633, train acc: 0.6840, valid loss : 0.7775, valid acc : 0.6714
2025-09-10 22:11:52 - train.py[line:137] - INFO: epoch : 51, train loss : 0.7630, train acc: 0.6851, valid loss : 0.7879, valid acc : 0.6500
2025-09-10 22:11:57 - train.py[line:137] - INFO: epoch : 52, train loss : 0.7615, train acc: 0.6833, valid loss : 0.7983, valid acc : 0.6357
2025-09-10 22:12:03 - train.py[line:137] - INFO: epoch : 53, train loss : 0.7623, train acc: 0.6841, valid loss : 0.8204, valid acc : 0.6429
2025-09-10 22:12:08 - train.py[line:137] - INFO: epoch : 54, train loss : 0.7603, train acc: 0.6844, valid loss : 0.7874, valid acc : 0.6571
2025-09-10 22:12:14 - train.py[line:137] - INFO: epoch : 55, train loss : 0.7591, train acc: 0.6862, valid loss : 0.8121, valid acc : 0.6357
2025-09-10 22:12:19 - train.py[line:137] - INFO: epoch : 56, train loss : 0.7599, train acc: 0.6852, valid loss : 0.7843, valid acc : 0.6643
2025-09-10 22:12:24 - train.py[line:137] - INFO: epoch : 57, train loss : 0.7584, train acc: 0.6851, valid loss : 0.7857, valid acc : 0.6571
2025-09-10 22:12:29 - train.py[line:137] - INFO: epoch : 58, train loss : 0.7580, train acc: 0.6849, valid loss : 0.7637, valid acc : 0.6714
2025-09-10 22:12:34 - train.py[line:137] - INFO: epoch : 59, train loss : 0.7579, train acc: 0.6863, valid loss : 0.7720, valid acc : 0.6500
2025-09-10 22:12:39 - train.py[line:137] - INFO: epoch : 60, train loss : 0.7578, train acc: 0.6855, valid loss : 0.7813, valid acc : 0.6571
2025-09-10 22:12:44 - train.py[line:137] - INFO: epoch : 61, train loss : 0.7569, train acc: 0.6874, valid loss : 0.7778, valid acc : 0.6500
2025-09-10 22:12:49 - train.py[line:137] - INFO: epoch : 62, train loss : 0.7562, train acc: 0.6879, valid loss : 0.7890, valid acc : 0.6643
2025-09-10 22:12:54 - train.py[line:137] - INFO: epoch : 63, train loss : 0.7566, train acc: 0.6864, valid loss : 0.7757, valid acc : 0.6643
2025-09-10 22:12:59 - train.py[line:137] - INFO: epoch : 64, train loss : 0.7551, train acc: 0.6874, valid loss : 0.7772, valid acc : 0.6643
2025-09-10 22:13:04 - train.py[line:137] - INFO: epoch : 65, train loss : 0.7551, train acc: 0.6872, valid loss : 0.7951, valid acc : 0.6643
2025-09-10 22:13:10 - train.py[line:137] - INFO: epoch : 66, train loss : 0.7546, train acc: 0.6883, valid loss : 0.8007, valid acc : 0.6643
2025-09-10 22:13:15 - train.py[line:137] - INFO: epoch : 67, train loss : 0.7546, train acc: 0.6883, valid loss : 0.7981, valid acc : 0.6643
2025-09-10 22:13:20 - train.py[line:137] - INFO: epoch : 68, train loss : 0.7539, train acc: 0.6893, valid loss : 0.7679, valid acc : 0.6571
2025-09-10 22:13:25 - train.py[line:137] - INFO: epoch : 69, train loss : 0.7539, train acc: 0.6882, valid loss : 0.8005, valid acc : 0.6500
2025-09-10 22:13:30 - train.py[line:137] - INFO: epoch : 70, train loss : 0.7527, train acc: 0.6882, valid loss : 0.7914, valid acc : 0.6857
2025-09-10 22:13:35 - train.py[line:137] - INFO: epoch : 71, train loss : 0.7516, train acc: 0.6893, valid loss : 0.7977, valid acc : 0.6571
2025-09-10 22:13:40 - train.py[line:137] - INFO: epoch : 72, train loss : 0.7516, train acc: 0.6900, valid loss : 0.7979, valid acc : 0.6571
2025-09-10 22:13:45 - train.py[line:137] - INFO: epoch : 73, train loss : 0.7499, train acc: 0.6899, valid loss : 0.8028, valid acc : 0.6714
2025-09-10 22:13:50 - train.py[line:137] - INFO: epoch : 74, train loss : 0.7508, train acc: 0.6916, valid loss : 0.7729, valid acc : 0.6571
2025-09-10 22:13:55 - train.py[line:137] - INFO: epoch : 75, train loss : 0.7494, train acc: 0.6900, valid loss : 0.7791, valid acc : 0.6643
2025-09-10 22:14:00 - train.py[line:137] - INFO: epoch : 76, train loss : 0.7496, train acc: 0.6907, valid loss : 0.7767, valid acc : 0.6714
2025-09-10 22:14:05 - train.py[line:137] - INFO: epoch : 77, train loss : 0.7484, train acc: 0.6918, valid loss : 0.7799, valid acc : 0.6714
2025-09-10 22:14:10 - train.py[line:137] - INFO: epoch : 78, train loss : 0.7484, train acc: 0.6900, valid loss : 0.7863, valid acc : 0.6500
2025-09-10 22:14:15 - train.py[line:137] - INFO: epoch : 79, train loss : 0.7474, train acc: 0.6914, valid loss : 0.8103, valid acc : 0.6571
2025-09-10 22:14:21 - train.py[line:137] - INFO: epoch : 80, train loss : 0.7481, train acc: 0.6912, valid loss : 0.7951, valid acc : 0.6714
2025-09-10 22:14:26 - train.py[line:137] - INFO: epoch : 81, train loss : 0.7480, train acc: 0.6908, valid loss : 0.7753, valid acc : 0.6857
2025-09-10 22:14:31 - train.py[line:137] - INFO: epoch : 82, train loss : 0.7483, train acc: 0.6919, valid loss : 0.7796, valid acc : 0.6786
2025-09-10 22:14:36 - train.py[line:137] - INFO: epoch : 83, train loss : 0.7469, train acc: 0.6924, valid loss : 0.7913, valid acc : 0.6500
2025-09-10 22:14:41 - train.py[line:137] - INFO: epoch : 84, train loss : 0.7463, train acc: 0.6922, valid loss : 0.7758, valid acc : 0.6857
2025-09-10 22:14:46 - train.py[line:137] - INFO: epoch : 85, train loss : 0.7457, train acc: 0.6924, valid loss : 0.7820, valid acc : 0.6714
2025-09-10 22:14:52 - train.py[line:137] - INFO: epoch : 86, train loss : 0.7458, train acc: 0.6934, valid loss : 0.7905, valid acc : 0.6786
2025-09-10 22:14:57 - train.py[line:137] - INFO: epoch : 87, train loss : 0.7454, train acc: 0.6931, valid loss : 0.7925, valid acc : 0.6786
2025-09-10 22:15:02 - train.py[line:137] - INFO: epoch : 88, train loss : 0.7449, train acc: 0.6945, valid loss : 0.7896, valid acc : 0.6714
2025-09-10 22:15:07 - train.py[line:137] - INFO: epoch : 89, train loss : 0.7450, train acc: 0.6941, valid loss : 0.7958, valid acc : 0.6714
2025-09-10 22:15:12 - train.py[line:137] - INFO: epoch : 90, train loss : 0.7440, train acc: 0.6943, valid loss : 0.8150, valid acc : 0.6500
2025-09-10 22:15:17 - train.py[line:137] - INFO: epoch : 91, train loss : 0.7451, train acc: 0.6930, valid loss : 0.8178, valid acc : 0.6500
2025-09-10 22:15:22 - train.py[line:137] - INFO: epoch : 92, train loss : 0.7436, train acc: 0.6940, valid loss : 0.7889, valid acc : 0.6786
2025-09-10 22:15:27 - train.py[line:137] - INFO: epoch : 93, train loss : 0.7429, train acc: 0.6943, valid loss : 0.7871, valid acc : 0.6571
2025-09-10 22:15:33 - train.py[line:137] - INFO: epoch : 94, train loss : 0.7451, train acc: 0.6935, valid loss : 0.7773, valid acc : 0.6571
2025-09-10 22:15:38 - train.py[line:137] - INFO: epoch : 95, train loss : 0.7426, train acc: 0.6941, valid loss : 0.7745, valid acc : 0.6571
2025-09-10 22:15:43 - train.py[line:137] - INFO: epoch : 96, train loss : 0.7418, train acc: 0.6953, valid loss : 0.7741, valid acc : 0.6286
2025-09-10 22:15:48 - train.py[line:137] - INFO: epoch : 97, train loss : 0.7427, train acc: 0.6935, valid loss : 0.7795, valid acc : 0.6500
2025-09-10 22:15:53 - train.py[line:137] - INFO: epoch : 98, train loss : 0.7409, train acc: 0.6942, valid loss : 0.7692, valid acc : 0.6571
2025-09-10 22:15:59 - train.py[line:137] - INFO: epoch : 99, train loss : 0.7418, train acc: 0.6935, valid loss : 0.7620, valid acc : 0.6571
2025-09-10 22:16:04 - train.py[line:137] - INFO: epoch : 100, train loss : 0.7423, train acc: 0.6940, valid loss : 0.7592, valid acc : 0.6786
2025-09-10 22:16:04 - train.py[line:140] - INFO: Training Time of Neural Network: 8.799863429864248 min.
2025-09-10 22:16:04 - train.py[line:154] - INFO: {'tp': 0.264, 'fp': 0.257, 'tn': 0.414, 'fn': 0.064}
2025-09-10 22:16:04 - train.py[line:157] - INFO: Saving Model.
2025-09-10 22:16:04 - train.py[line:159] - INFO: Model saved in path output/temp/model/job-light.pkl
2025-09-10 22:17:46 - featureNew.py[line:276] - INFO: Start loading pickle of train...
2025-09-10 22:17:47 - featureNew.py[line:278] - INFO: Pickle of train loaded, filling nan...
2025-09-10 22:17:48 - featureNew.py[line:286] - INFO: Data num=200000 label1 num=30.16%
2025-09-10 22:17:49 - featureNew.py[line:298] - INFO: Dropping label and id, train raw data shape: (200000, 1177)
2025-09-10 22:17:49 - featureNew.py[line:304] - INFO: train generating wide feats...
2025-09-10 22:17:50 - featureNew.py[line:319] - INFO: train of data shape: (200000, 51)
2025-09-10 22:17:51 - featureNew.py[line:351] - INFO: train col_sel data shape: (200000, 25)
2025-09-10 22:17:53 - featureNew.py[line:367] - INFO: train deep data shape: (200000, 560)
2025-09-10 22:18:01 - featureNew.py[line:379] - INFO: train sql data shape: (200000, 50)
2025-09-10 22:18:25 - featureNew.py[line:408] - INFO: train co data shape: (200000, 45)
2025-09-10 22:18:26 - featureNew.py[line:276] - INFO: Start loading pickle of valid...
2025-09-10 22:18:26 - featureNew.py[line:278] - INFO: Pickle of valid loaded, filling nan...
2025-09-10 22:18:26 - featureNew.py[line:286] - INFO: Data num=140 label1 num=32.86%
2025-09-10 22:18:26 - featureNew.py[line:298] - INFO: Dropping label and id, valid raw data shape: (140, 1177)
2025-09-10 22:18:26 - featureNew.py[line:304] - INFO: valid generating wide feats...
2025-09-10 22:18:26 - featureNew.py[line:319] - INFO: valid of data shape: (140, 51)
2025-09-10 22:18:26 - featureNew.py[line:351] - INFO: valid col_sel data shape: (140, 25)
2025-09-10 22:18:26 - featureNew.py[line:367] - INFO: valid deep data shape: (140, 560)
2025-09-10 22:18:26 - featureNew.py[line:379] - INFO: valid sql data shape: (140, 50)
2025-09-10 22:18:26 - featureNew.py[line:408] - INFO: valid co data shape: (140, 45)
2025-09-10 22:18:26 - train.py[line:106] - INFO: Model input: {'wide': 76, 'deep': 560, 'sql': 50, 'co': 45, 'class0': 139683.997631073, 'class1': 60316.002368927}
2025-09-10 22:18:26 - train.py[line:118] - INFO: Model established: LDSSTransformer2(
  (transformer_encoder): Encoder(
    (dropout): Dropout(p=0.0, inplace=False)
    (layers): Sequential(
      (encoder_layer_0): EncoderBlock(
        (ln_1): LayerNorm((64,), eps=1e-06, elementwise_affine=True)
        (self_attention): MultiheadAttention(
          (out_proj): NonDynamicallyQuantizableLinear(in_features=64, out_features=64, bias=True)
        )
        (dropout): Dropout(p=0.0, inplace=False)
        (ln_2): LayerNorm((64,), eps=1e-06, elementwise_affine=True)
        (mlp): MLPBlock(
          (0): Linear(in_features=64, out_features=512, bias=True)
          (1): GELU(approximate='none')
          (2): Dropout(p=0.0, inplace=False)
          (3): Linear(in_features=512, out_features=64, bias=True)
          (4): Dropout(p=0.0, inplace=False)
        )
      )
      (encoder_layer_1): EncoderBlock(
        (ln_1): LayerNorm((64,), eps=1e-06, elementwise_affine=True)
        (self_attention): MultiheadAttention(
          (out_proj): NonDynamicallyQuantizableLinear(in_features=64, out_features=64, bias=True)
        )
        (dropout): Dropout(p=0.0, inplace=False)
        (ln_2): LayerNorm((64,), eps=1e-06, elementwise_affine=True)
        (mlp): MLPBlock(
          (0): Linear(in_features=64, out_features=512, bias=True)
          (1): GELU(approximate='none')
          (2): Dropout(p=0.0, inplace=False)
          (3): Linear(in_features=512, out_features=64, bias=True)
          (4): Dropout(p=0.0, inplace=False)
        )
      )
      (encoder_layer_2): EncoderBlock(
        (ln_1): LayerNorm((64,), eps=1e-06, elementwise_affine=True)
        (self_attention): MultiheadAttention(
          (out_proj): NonDynamicallyQuantizableLinear(in_features=64, out_features=64, bias=True)
        )
        (dropout): Dropout(p=0.0, inplace=False)
        (ln_2): LayerNorm((64,), eps=1e-06, elementwise_affine=True)
        (mlp): MLPBlock(
          (0): Linear(in_features=64, out_features=512, bias=True)
          (1): GELU(approximate='none')
          (2): Dropout(p=0.0, inplace=False)
          (3): Linear(in_features=512, out_features=64, bias=True)
          (4): Dropout(p=0.0, inplace=False)
        )
      )
      (encoder_layer_3): EncoderBlock(
        (ln_1): LayerNorm((64,), eps=1e-06, elementwise_affine=True)
        (self_attention): MultiheadAttention(
          (out_proj): NonDynamicallyQuantizableLinear(in_features=64, out_features=64, bias=True)
        )
        (dropout): Dropout(p=0.0, inplace=False)
        (ln_2): LayerNorm((64,), eps=1e-06, elementwise_affine=True)
        (mlp): MLPBlock(
          (0): Linear(in_features=64, out_features=512, bias=True)
          (1): GELU(approximate='none')
          (2): Dropout(p=0.0, inplace=False)
          (3): Linear(in_features=512, out_features=64, bias=True)
          (4): Dropout(p=0.0, inplace=False)
        )
      )
    )
    (ln): LayerNorm((64,), eps=1e-06, elementwise_affine=True)
  )
  (dropout): Dropout(p=0.3, inplace=False)
  (sigmoid): Sigmoid()
  (relu): ReLU()
  (fcco): Linear(in_features=45, out_features=64, bias=True)
  (fcsql): Linear(in_features=50, out_features=64, bias=True)
  (fc1): Linear(in_features=560, out_features=64, bias=True)
  (fwide): Linear(in_features=76, out_features=64, bias=True)
  (fc_final): Linear(in_features=64, out_features=1, bias=True)
)
2025-09-10 22:18:26 - train.py[line:126] - INFO: Loss Weights: tensor([1.0000, 2.3159])
2025-09-10 22:18:26 - train.py[line:128] - INFO: Using BCELoss as loss function.
2025-09-10 22:18:26 - train.py[line:130] - INFO: Using Adam as optimization function.
2025-09-10 22:18:26 - train.py[line:133] - INFO: Begin the training of model.
2025-09-10 22:18:32 - train.py[line:137] - INFO: epoch : 1, train loss : 0.9060, train acc: 0.6216, valid loss : 0.9184, valid acc : 0.6071
2025-09-10 22:18:37 - train.py[line:137] - INFO: epoch : 2, train loss : 0.8697, train acc: 0.6313, valid loss : 0.8890, valid acc : 0.6071
2025-09-10 22:18:43 - train.py[line:137] - INFO: epoch : 3, train loss : 0.8564, train acc: 0.6374, valid loss : 0.8800, valid acc : 0.6143
2025-09-10 22:18:47 - train.py[line:137] - INFO: epoch : 4, train loss : 0.8460, train acc: 0.6457, valid loss : 0.8790, valid acc : 0.6071
2025-09-10 22:18:53 - train.py[line:137] - INFO: epoch : 5, train loss : 0.8372, train acc: 0.6485, valid loss : 0.8901, valid acc : 0.5857
2025-09-10 22:18:58 - train.py[line:137] - INFO: epoch : 6, train loss : 0.8292, train acc: 0.6536, valid loss : 0.9012, valid acc : 0.5786
2025-09-10 22:19:03 - train.py[line:137] - INFO: epoch : 7, train loss : 0.8239, train acc: 0.6572, valid loss : 0.8769, valid acc : 0.5857
2025-09-10 22:19:09 - train.py[line:137] - INFO: epoch : 8, train loss : 0.8189, train acc: 0.6570, valid loss : 0.8625, valid acc : 0.6071
2025-09-10 22:19:14 - train.py[line:137] - INFO: epoch : 9, train loss : 0.8161, train acc: 0.6584, valid loss : 0.8547, valid acc : 0.6000
2025-09-10 22:19:20 - train.py[line:137] - INFO: epoch : 10, train loss : 0.8117, train acc: 0.6600, valid loss : 0.8732, valid acc : 0.6000
2025-09-10 22:19:25 - train.py[line:137] - INFO: epoch : 11, train loss : 0.8083, train acc: 0.6627, valid loss : 0.8706, valid acc : 0.5857
2025-09-10 22:19:30 - train.py[line:137] - INFO: epoch : 12, train loss : 0.8048, train acc: 0.6643, valid loss : 0.8693, valid acc : 0.6000
2025-09-10 22:19:35 - train.py[line:137] - INFO: epoch : 13, train loss : 0.8028, train acc: 0.6646, valid loss : 0.8693, valid acc : 0.6143
2025-09-10 22:19:40 - train.py[line:137] - INFO: epoch : 14, train loss : 0.8004, train acc: 0.6663, valid loss : 0.8504, valid acc : 0.6000
2025-09-10 22:19:45 - train.py[line:137] - INFO: epoch : 15, train loss : 0.7988, train acc: 0.6672, valid loss : 0.8795, valid acc : 0.5714
2025-09-10 22:19:50 - train.py[line:137] - INFO: epoch : 16, train loss : 0.7966, train acc: 0.6681, valid loss : 0.8780, valid acc : 0.5714
2025-09-10 22:19:55 - train.py[line:137] - INFO: epoch : 17, train loss : 0.7947, train acc: 0.6688, valid loss : 0.8764, valid acc : 0.5643
2025-09-10 22:20:00 - train.py[line:137] - INFO: epoch : 18, train loss : 0.7920, train acc: 0.6704, valid loss : 0.8791, valid acc : 0.5857
2025-09-10 22:20:06 - train.py[line:137] - INFO: epoch : 19, train loss : 0.7919, train acc: 0.6699, valid loss : 0.8657, valid acc : 0.5786
2025-09-10 22:20:11 - train.py[line:137] - INFO: epoch : 20, train loss : 0.7896, train acc: 0.6710, valid loss : 0.8759, valid acc : 0.5786
2025-09-10 22:20:16 - train.py[line:137] - INFO: epoch : 21, train loss : 0.7881, train acc: 0.6721, valid loss : 0.8701, valid acc : 0.6071
2025-09-10 22:20:21 - train.py[line:137] - INFO: epoch : 22, train loss : 0.7861, train acc: 0.6732, valid loss : 0.8646, valid acc : 0.5857
2025-09-10 22:20:26 - train.py[line:137] - INFO: epoch : 23, train loss : 0.7859, train acc: 0.6734, valid loss : 0.8826, valid acc : 0.6000
2025-09-10 22:20:31 - train.py[line:137] - INFO: epoch : 24, train loss : 0.7842, train acc: 0.6742, valid loss : 0.8760, valid acc : 0.5929
2025-09-10 22:20:36 - train.py[line:137] - INFO: epoch : 25, train loss : 0.7828, train acc: 0.6750, valid loss : 0.8803, valid acc : 0.5929
2025-09-10 22:20:41 - train.py[line:137] - INFO: epoch : 26, train loss : 0.7813, train acc: 0.6768, valid loss : 0.8907, valid acc : 0.5500
2025-09-10 22:20:46 - train.py[line:137] - INFO: epoch : 27, train loss : 0.7798, train acc: 0.6759, valid loss : 0.8571, valid acc : 0.5929
2025-09-10 22:20:52 - train.py[line:137] - INFO: epoch : 28, train loss : 0.7798, train acc: 0.6760, valid loss : 0.8586, valid acc : 0.5786
2025-09-10 22:20:57 - train.py[line:137] - INFO: epoch : 29, train loss : 0.7773, train acc: 0.6763, valid loss : 0.8721, valid acc : 0.5786
2025-09-10 22:21:02 - train.py[line:137] - INFO: epoch : 30, train loss : 0.7784, train acc: 0.6779, valid loss : 0.8608, valid acc : 0.5929
2025-09-10 22:21:07 - train.py[line:137] - INFO: epoch : 31, train loss : 0.7763, train acc: 0.6784, valid loss : 0.8632, valid acc : 0.6000
2025-09-10 22:21:12 - train.py[line:137] - INFO: epoch : 32, train loss : 0.7746, train acc: 0.6795, valid loss : 0.9094, valid acc : 0.5714
2025-09-10 22:21:17 - train.py[line:137] - INFO: epoch : 33, train loss : 0.7756, train acc: 0.6786, valid loss : 0.8440, valid acc : 0.6143
2025-09-10 22:21:22 - train.py[line:137] - INFO: epoch : 34, train loss : 0.7742, train acc: 0.6802, valid loss : 0.8967, valid acc : 0.5786
2025-09-10 22:21:27 - train.py[line:137] - INFO: epoch : 35, train loss : 0.7720, train acc: 0.6827, valid loss : 0.8594, valid acc : 0.5929
2025-09-10 22:21:32 - train.py[line:137] - INFO: epoch : 36, train loss : 0.7722, train acc: 0.6807, valid loss : 0.8623, valid acc : 0.6071
2025-09-10 22:21:37 - train.py[line:137] - INFO: epoch : 37, train loss : 0.7727, train acc: 0.6807, valid loss : 0.8754, valid acc : 0.5857
2025-09-10 22:21:42 - train.py[line:137] - INFO: epoch : 38, train loss : 0.7699, train acc: 0.6824, valid loss : 0.8735, valid acc : 0.5786
2025-09-10 22:21:47 - train.py[line:137] - INFO: epoch : 39, train loss : 0.7695, train acc: 0.6823, valid loss : 0.8825, valid acc : 0.5714
2025-09-10 22:21:52 - train.py[line:137] - INFO: epoch : 40, train loss : 0.7704, train acc: 0.6818, valid loss : 0.8536, valid acc : 0.5786
2025-09-10 22:21:58 - train.py[line:137] - INFO: epoch : 41, train loss : 0.7678, train acc: 0.6819, valid loss : 0.8523, valid acc : 0.6071
2025-09-10 22:22:02 - train.py[line:137] - INFO: epoch : 42, train loss : 0.7666, train acc: 0.6829, valid loss : 0.8731, valid acc : 0.6071
2025-09-10 22:22:07 - train.py[line:137] - INFO: epoch : 43, train loss : 0.7676, train acc: 0.6831, valid loss : 0.8675, valid acc : 0.6000
2025-09-10 22:22:13 - train.py[line:137] - INFO: epoch : 44, train loss : 0.7660, train acc: 0.6844, valid loss : 0.8781, valid acc : 0.6071
2025-09-10 22:22:18 - train.py[line:137] - INFO: epoch : 45, train loss : 0.7650, train acc: 0.6840, valid loss : 0.8619, valid acc : 0.6071
2025-09-10 22:22:22 - train.py[line:137] - INFO: epoch : 46, train loss : 0.7648, train acc: 0.6837, valid loss : 0.8399, valid acc : 0.6286
2025-09-10 22:22:27 - train.py[line:137] - INFO: epoch : 47, train loss : 0.7640, train acc: 0.6845, valid loss : 0.8364, valid acc : 0.6286
2025-09-10 22:22:32 - train.py[line:137] - INFO: epoch : 48, train loss : 0.7638, train acc: 0.6846, valid loss : 0.8404, valid acc : 0.6214
2025-09-10 22:22:37 - train.py[line:137] - INFO: epoch : 49, train loss : 0.7637, train acc: 0.6867, valid loss : 0.8362, valid acc : 0.6000
2025-09-10 22:22:42 - train.py[line:137] - INFO: epoch : 50, train loss : 0.7628, train acc: 0.6844, valid loss : 0.8565, valid acc : 0.6000
2025-09-10 22:22:47 - train.py[line:137] - INFO: epoch : 51, train loss : 0.7610, train acc: 0.6864, valid loss : 0.8456, valid acc : 0.6143
2025-09-10 22:22:52 - train.py[line:137] - INFO: epoch : 52, train loss : 0.7619, train acc: 0.6850, valid loss : 0.8401, valid acc : 0.6071
2025-09-10 22:22:57 - train.py[line:137] - INFO: epoch : 53, train loss : 0.7599, train acc: 0.6870, valid loss : 0.8332, valid acc : 0.6214
2025-09-10 22:23:02 - train.py[line:137] - INFO: epoch : 54, train loss : 0.7604, train acc: 0.6861, valid loss : 0.8277, valid acc : 0.6071
2025-09-10 22:23:07 - train.py[line:137] - INFO: epoch : 55, train loss : 0.7593, train acc: 0.6868, valid loss : 0.8295, valid acc : 0.6286
2025-09-10 22:23:12 - train.py[line:137] - INFO: epoch : 56, train loss : 0.7590, train acc: 0.6870, valid loss : 0.8166, valid acc : 0.6214
2025-09-10 22:23:17 - train.py[line:137] - INFO: epoch : 57, train loss : 0.7587, train acc: 0.6878, valid loss : 0.8391, valid acc : 0.6000
2025-09-10 22:23:22 - train.py[line:137] - INFO: epoch : 58, train loss : 0.7581, train acc: 0.6886, valid loss : 0.8354, valid acc : 0.6286
2025-09-10 22:23:27 - train.py[line:137] - INFO: epoch : 59, train loss : 0.7563, train acc: 0.6888, valid loss : 0.8390, valid acc : 0.6214
2025-09-10 22:23:32 - train.py[line:137] - INFO: epoch : 60, train loss : 0.7572, train acc: 0.6875, valid loss : 0.8273, valid acc : 0.6071
2025-09-10 22:23:38 - train.py[line:137] - INFO: epoch : 61, train loss : 0.7563, train acc: 0.6876, valid loss : 0.8319, valid acc : 0.6286
2025-09-10 22:23:43 - train.py[line:137] - INFO: epoch : 62, train loss : 0.7541, train acc: 0.6894, valid loss : 0.8480, valid acc : 0.6286
2025-09-10 22:23:48 - train.py[line:137] - INFO: epoch : 63, train loss : 0.7536, train acc: 0.6892, valid loss : 0.8276, valid acc : 0.6357
2025-09-10 22:23:53 - train.py[line:137] - INFO: epoch : 64, train loss : 0.7543, train acc: 0.6878, valid loss : 0.8277, valid acc : 0.6143
2025-09-10 22:23:58 - train.py[line:137] - INFO: epoch : 65, train loss : 0.7544, train acc: 0.6883, valid loss : 0.8296, valid acc : 0.6000
2025-09-10 22:24:04 - train.py[line:137] - INFO: epoch : 66, train loss : 0.7543, train acc: 0.6890, valid loss : 0.8451, valid acc : 0.6214
2025-09-10 22:24:09 - train.py[line:137] - INFO: epoch : 67, train loss : 0.7531, train acc: 0.6899, valid loss : 0.8425, valid acc : 0.6143
2025-09-10 22:24:14 - train.py[line:137] - INFO: epoch : 68, train loss : 0.7510, train acc: 0.6902, valid loss : 0.8425, valid acc : 0.6429
2025-09-10 22:24:19 - train.py[line:137] - INFO: epoch : 69, train loss : 0.7514, train acc: 0.6910, valid loss : 0.8422, valid acc : 0.6286
2025-09-10 22:24:24 - train.py[line:137] - INFO: epoch : 70, train loss : 0.7499, train acc: 0.6906, valid loss : 0.8318, valid acc : 0.6214
2025-09-10 22:24:30 - train.py[line:137] - INFO: epoch : 71, train loss : 0.7504, train acc: 0.6904, valid loss : 0.8179, valid acc : 0.6286
2025-09-10 22:24:35 - train.py[line:137] - INFO: epoch : 72, train loss : 0.7489, train acc: 0.6915, valid loss : 0.8289, valid acc : 0.6214
2025-09-10 22:24:40 - train.py[line:137] - INFO: epoch : 73, train loss : 0.7488, train acc: 0.6918, valid loss : 0.8360, valid acc : 0.6214
2025-09-10 22:24:45 - train.py[line:137] - INFO: epoch : 74, train loss : 0.7491, train acc: 0.6925, valid loss : 0.8237, valid acc : 0.6214
2025-09-10 22:24:50 - train.py[line:137] - INFO: epoch : 75, train loss : 0.7478, train acc: 0.6917, valid loss : 0.8369, valid acc : 0.6286
2025-09-10 22:24:55 - train.py[line:137] - INFO: epoch : 76, train loss : 0.7482, train acc: 0.6915, valid loss : 0.8325, valid acc : 0.6071
2025-09-10 22:25:00 - train.py[line:137] - INFO: epoch : 77, train loss : 0.7485, train acc: 0.6918, valid loss : 0.8176, valid acc : 0.6286
2025-09-10 22:25:05 - train.py[line:137] - INFO: epoch : 78, train loss : 0.7471, train acc: 0.6917, valid loss : 0.8491, valid acc : 0.6214
2025-09-10 22:25:10 - train.py[line:137] - INFO: epoch : 79, train loss : 0.7457, train acc: 0.6931, valid loss : 0.8269, valid acc : 0.6286
2025-09-10 22:25:15 - train.py[line:137] - INFO: epoch : 80, train loss : 0.7460, train acc: 0.6925, valid loss : 0.8143, valid acc : 0.6429
2025-09-10 22:25:20 - train.py[line:137] - INFO: epoch : 81, train loss : 0.7460, train acc: 0.6927, valid loss : 0.8336, valid acc : 0.6143
2025-09-10 22:25:25 - train.py[line:137] - INFO: epoch : 82, train loss : 0.7453, train acc: 0.6921, valid loss : 0.8358, valid acc : 0.6357
2025-09-10 22:25:30 - train.py[line:137] - INFO: epoch : 83, train loss : 0.7450, train acc: 0.6927, valid loss : 0.8270, valid acc : 0.6357
2025-09-10 22:25:35 - train.py[line:137] - INFO: epoch : 84, train loss : 0.7438, train acc: 0.6941, valid loss : 0.8425, valid acc : 0.6214
2025-09-10 22:25:40 - train.py[line:137] - INFO: epoch : 85, train loss : 0.7425, train acc: 0.6938, valid loss : 0.8468, valid acc : 0.6000
2025-09-10 22:25:45 - train.py[line:137] - INFO: epoch : 86, train loss : 0.7425, train acc: 0.6942, valid loss : 0.8307, valid acc : 0.6429
2025-09-10 22:25:50 - train.py[line:137] - INFO: epoch : 87, train loss : 0.7421, train acc: 0.6954, valid loss : 0.8571, valid acc : 0.6143
2025-09-10 22:25:55 - train.py[line:137] - INFO: epoch : 88, train loss : 0.7416, train acc: 0.6954, valid loss : 0.8424, valid acc : 0.6143
2025-09-10 22:26:01 - train.py[line:137] - INFO: epoch : 89, train loss : 0.7418, train acc: 0.6946, valid loss : 0.8455, valid acc : 0.6357
2025-09-10 22:26:06 - train.py[line:137] - INFO: epoch : 90, train loss : 0.7420, train acc: 0.6933, valid loss : 0.8142, valid acc : 0.6357
2025-09-10 22:26:11 - train.py[line:137] - INFO: epoch : 91, train loss : 0.7415, train acc: 0.6951, valid loss : 0.8425, valid acc : 0.6286
2025-09-10 22:26:16 - train.py[line:137] - INFO: epoch : 92, train loss : 0.7409, train acc: 0.6954, valid loss : 0.8260, valid acc : 0.6429
2025-09-10 22:26:21 - train.py[line:137] - INFO: epoch : 93, train loss : 0.7396, train acc: 0.6960, valid loss : 0.8474, valid acc : 0.6214
2025-09-10 22:26:26 - train.py[line:137] - INFO: epoch : 94, train loss : 0.7389, train acc: 0.6965, valid loss : 0.8122, valid acc : 0.6571
2025-09-10 22:26:31 - train.py[line:137] - INFO: epoch : 95, train loss : 0.7397, train acc: 0.6953, valid loss : 0.8398, valid acc : 0.6357
2025-09-10 22:26:36 - train.py[line:137] - INFO: epoch : 96, train loss : 0.7397, train acc: 0.6954, valid loss : 0.8388, valid acc : 0.6143
2025-09-10 22:26:41 - train.py[line:137] - INFO: epoch : 97, train loss : 0.7387, train acc: 0.6959, valid loss : 0.8385, valid acc : 0.6429
2025-09-10 22:26:47 - train.py[line:137] - INFO: epoch : 98, train loss : 0.7385, train acc: 0.6957, valid loss : 0.8138, valid acc : 0.6429
2025-09-10 22:26:52 - train.py[line:137] - INFO: epoch : 99, train loss : 0.7392, train acc: 0.6950, valid loss : 0.8320, valid acc : 0.6286
2025-09-10 22:26:57 - train.py[line:137] - INFO: epoch : 100, train loss : 0.7388, train acc: 0.6956, valid loss : 0.8373, valid acc : 0.6214
2025-09-10 22:26:57 - train.py[line:140] - INFO: Training Time of Neural Network: 8.50975886185964 min.
2025-09-10 22:26:57 - train.py[line:154] - INFO: {'tp': 0.264, 'fp': 0.314, 'tn': 0.357, 'fn': 0.064}
2025-09-10 22:26:57 - train.py[line:157] - INFO: Saving Model.
2025-09-10 22:26:57 - train.py[line:159] - INFO: Model saved in path output/temp/model/job-light.pkl
2026-05-26 17:59:51 - featureNew.py[line:276] - INFO: Start loading pickle of train...
2026-05-26 17:59:51 - featureNew.py[line:278] - INFO: Pickle of train loaded, filling nan...
2026-05-26 17:59:51 - featureNew.py[line:286] - INFO: Data num=1000 label1 num=32.40%
2026-05-26 17:59:51 - featureNew.py[line:298] - INFO: Dropping label and id, train raw data shape: (1000, 1177)
2026-05-26 17:59:51 - featureNew.py[line:304] - INFO: train generating wide feats...
2026-05-26 17:59:51 - featureNew.py[line:319] - INFO: train of data shape: (1000, 51)
2026-05-26 17:59:51 - featureNew.py[line:351] - INFO: train col_sel data shape: (1000, 25)
2026-05-26 17:59:51 - featureNew.py[line:367] - INFO: train deep data shape: (1000, 560)
2026-05-26 17:59:51 - featureNew.py[line:379] - INFO: train sql data shape: (1000, 50)
2026-05-26 17:59:52 - featureNew.py[line:408] - INFO: train co data shape: (1000, 45)
2026-05-26 17:59:52 - featureNew.py[line:276] - INFO: Start loading pickle of valid...
2026-05-26 17:59:52 - featureNew.py[line:278] - INFO: Pickle of valid loaded, filling nan...
2026-05-26 17:59:52 - featureNew.py[line:286] - INFO: Data num=140 label1 num=32.86%
2026-05-26 17:59:52 - featureNew.py[line:298] - INFO: Dropping label and id, valid raw data shape: (140, 1177)
2026-05-26 17:59:52 - featureNew.py[line:304] - INFO: valid generating wide feats...
2026-05-26 17:59:52 - featureNew.py[line:319] - INFO: valid of data shape: (140, 51)
2026-05-26 17:59:52 - featureNew.py[line:351] - INFO: valid col_sel data shape: (140, 25)
2026-05-26 17:59:52 - featureNew.py[line:367] - INFO: valid deep data shape: (140, 560)
2026-05-26 17:59:52 - featureNew.py[line:379] - INFO: valid sql data shape: (140, 50)
2026-05-26 17:59:52 - featureNew.py[line:408] - INFO: valid co data shape: (140, 45)
2026-05-26 17:59:52 - train.py[line:106] - INFO: Model input: {'wide': 76, 'deep': 560, 'sql': 50, 'co': 45, 'class0': 675.9999990463257, 'class1': 324.0000009536743}
2026-05-26 17:59:52 - train.py[line:118] - INFO: Model established: LDSSTransformer2(
  (transformer_encoder): Encoder(
    (dropout): Dropout(p=0.0, inplace=False)
    (layers): Sequential(
      (encoder_layer_0): EncoderBlock(
        (ln_1): LayerNorm((64,), eps=1e-06, elementwise_affine=True)
        (self_attention): MultiheadAttention(
          (out_proj): NonDynamicallyQuantizableLinear(in_features=64, out_features=64, bias=True)
        )
        (dropout): Dropout(p=0.0, inplace=False)
        (ln_2): LayerNorm((64,), eps=1e-06, elementwise_affine=True)
        (mlp): MLPBlock(
          (0): Linear(in_features=64, out_features=512, bias=True)
          (1): GELU(approximate='none')
          (2): Dropout(p=0.0, inplace=False)
          (3): Linear(in_features=512, out_features=64, bias=True)
          (4): Dropout(p=0.0, inplace=False)
        )
      )
      (encoder_layer_1): EncoderBlock(
        (ln_1): LayerNorm((64,), eps=1e-06, elementwise_affine=True)
        (self_attention): MultiheadAttention(
          (out_proj): NonDynamicallyQuantizableLinear(in_features=64, out_features=64, bias=True)
        )
        (dropout): Dropout(p=0.0, inplace=False)
        (ln_2): LayerNorm((64,), eps=1e-06, elementwise_affine=True)
        (mlp): MLPBlock(
          (0): Linear(in_features=64, out_features=512, bias=True)
          (1): GELU(approximate='none')
          (2): Dropout(p=0.0, inplace=False)
          (3): Linear(in_features=512, out_features=64, bias=True)
          (4): Dropout(p=0.0, inplace=False)
        )
      )
      (encoder_layer_2): EncoderBlock(
        (ln_1): LayerNorm((64,), eps=1e-06, elementwise_affine=True)
        (self_attention): MultiheadAttention(
          (out_proj): NonDynamicallyQuantizableLinear(in_features=64, out_features=64, bias=True)
        )
        (dropout): Dropout(p=0.0, inplace=False)
        (ln_2): LayerNorm((64,), eps=1e-06, elementwise_affine=True)
        (mlp): MLPBlock(
          (0): Linear(in_features=64, out_features=512, bias=True)
          (1): GELU(approximate='none')
          (2): Dropout(p=0.0, inplace=False)
          (3): Linear(in_features=512, out_features=64, bias=True)
          (4): Dropout(p=0.0, inplace=False)
        )
      )
      (encoder_layer_3): EncoderBlock(
        (ln_1): LayerNorm((64,), eps=1e-06, elementwise_affine=True)
        (self_attention): MultiheadAttention(
          (out_proj): NonDynamicallyQuantizableLinear(in_features=64, out_features=64, bias=True)
        )
        (dropout): Dropout(p=0.0, inplace=False)
        (ln_2): LayerNorm((64,), eps=1e-06, elementwise_affine=True)
        (mlp): MLPBlock(
          (0): Linear(in_features=64, out_features=512, bias=True)
          (1): GELU(approximate='none')
          (2): Dropout(p=0.0, inplace=False)
          (3): Linear(in_features=512, out_features=64, bias=True)
          (4): Dropout(p=0.0, inplace=False)
        )
      )
    )
    (ln): LayerNorm((64,), eps=1e-06, elementwise_affine=True)
  )
  (dropout): Dropout(p=0.3, inplace=False)
  (sigmoid): Sigmoid()
  (relu): ReLU()
  (fcco): Linear(in_features=45, out_features=64, bias=True)
  (fcsql): Linear(in_features=50, out_features=64, bias=True)
  (fc1): Linear(in_features=560, out_features=64, bias=True)
  (fwide): Linear(in_features=76, out_features=64, bias=True)
  (fc_final): Linear(in_features=64, out_features=1, bias=True)
)
2026-05-26 17:59:52 - train.py[line:126] - INFO: Loss Weights: tensor([1.0000, 2.0864])
2026-05-26 17:59:52 - train.py[line:128] - INFO: Using BCELoss as loss function.
2026-05-26 17:59:52 - train.py[line:130] - INFO: Using Adam as optimization function.
2026-05-26 17:59:52 - train.py[line:133] - INFO: Begin the training of model.
2026-05-26 17:59:52 - train.py[line:137] - INFO: epoch : 1, train loss : 0.9519, train acc: 0.6240, valid loss : 1.5159, valid acc : 0.3286
2026-05-26 17:59:52 - train.py[line:137] - INFO: epoch : 2, train loss : 1.3010, train acc: 0.3250, valid loss : 0.9493, valid acc : 0.5571
2026-05-26 17:59:52 - train.py[line:137] - INFO: epoch : 3, train loss : 0.9361, train acc: 0.6310, valid loss : 1.0019, valid acc : 0.6643
2026-05-26 17:59:52 - train.py[line:137] - INFO: epoch : 4, train loss : 0.9850, train acc: 0.6850, valid loss : 0.9416, valid acc : 0.6857
2026-05-26 17:59:52 - train.py[line:137] - INFO: epoch : 5, train loss : 0.9267, train acc: 0.6930, valid loss : 0.9193, valid acc : 0.5357
2026-05-26 17:59:52 - train.py[line:137] - INFO: epoch : 6, train loss : 0.9009, train acc: 0.6190, valid loss : 0.9346, valid acc : 0.4357
2026-05-26 17:59:52 - train.py[line:137] - INFO: epoch : 7, train loss : 0.9072, train acc: 0.4360, valid loss : 0.9385, valid acc : 0.4214
2026-05-26 17:59:52 - train.py[line:137] - INFO: epoch : 8, train loss : 0.9057, train acc: 0.4330, valid loss : 0.9273, valid acc : 0.4143
2026-05-26 17:59:53 - train.py[line:137] - INFO: epoch : 9, train loss : 0.8980, train acc: 0.5390, valid loss : 0.9210, valid acc : 0.5786
2026-05-26 17:59:53 - train.py[line:137] - INFO: epoch : 10, train loss : 0.8805, train acc: 0.6340, valid loss : 0.9274, valid acc : 0.6214
2026-05-26 17:59:53 - train.py[line:137] - INFO: epoch : 11, train loss : 0.8809, train acc: 0.6860, valid loss : 0.9349, valid acc : 0.6071
2026-05-26 17:59:53 - train.py[line:137] - INFO: epoch : 12, train loss : 0.8789, train acc: 0.6750, valid loss : 0.9370, valid acc : 0.6214
2026-05-26 17:59:53 - train.py[line:137] - INFO: epoch : 13, train loss : 0.8581, train acc: 0.6960, valid loss : 0.9431, valid acc : 0.6000
2026-05-26 17:59:53 - train.py[line:137] - INFO: epoch : 14, train loss : 0.8549, train acc: 0.6610, valid loss : 0.9590, valid acc : 0.5286
2026-05-26 17:59:53 - train.py[line:137] - INFO: epoch : 15, train loss : 0.8372, train acc: 0.6490, valid loss : 0.9743, valid acc : 0.5429
2026-05-26 17:59:53 - train.py[line:137] - INFO: epoch : 16, train loss : 0.8533, train acc: 0.6350, valid loss : 0.9777, valid acc : 0.5429
2026-05-26 17:59:53 - train.py[line:137] - INFO: epoch : 17, train loss : 0.8374, train acc: 0.6460, valid loss : 0.9756, valid acc : 0.5643
2026-05-26 17:59:53 - train.py[line:137] - INFO: epoch : 18, train loss : 0.8416, train acc: 0.6540, valid loss : 0.9749, valid acc : 0.5857
2026-05-26 17:59:53 - train.py[line:137] - INFO: epoch : 19, train loss : 0.8388, train acc: 0.6750, valid loss : 0.9754, valid acc : 0.6214
2026-05-26 17:59:53 - train.py[line:137] - INFO: epoch : 20, train loss : 0.8368, train acc: 0.6840, valid loss : 0.9719, valid acc : 0.6214
2026-05-26 17:59:53 - train.py[line:137] - INFO: epoch : 21, train loss : 0.8354, train acc: 0.6910, valid loss : 0.9678, valid acc : 0.5929
2026-05-26 17:59:53 - train.py[line:137] - INFO: epoch : 22, train loss : 0.8242, train acc: 0.6960, valid loss : 0.9646, valid acc : 0.5786
2026-05-26 17:59:53 - train.py[line:137] - INFO: epoch : 23, train loss : 0.8217, train acc: 0.6730, valid loss : 0.9653, valid acc : 0.5786
2026-05-26 17:59:53 - train.py[line:137] - INFO: epoch : 24, train loss : 0.8197, train acc: 0.6820, valid loss : 0.9676, valid acc : 0.5643
2026-05-26 17:59:53 - train.py[line:137] - INFO: epoch : 25, train loss : 0.8125, train acc: 0.6740, valid loss : 0.9729, valid acc : 0.5571
2026-05-26 17:59:53 - train.py[line:137] - INFO: epoch : 26, train loss : 0.8184, train acc: 0.6630, valid loss : 0.9802, valid acc : 0.5571
2026-05-26 17:59:53 - train.py[line:137] - INFO: epoch : 27, train loss : 0.8078, train acc: 0.6690, valid loss : 0.9909, valid acc : 0.5714
2026-05-26 17:59:53 - train.py[line:137] - INFO: epoch : 28, train loss : 0.8099, train acc: 0.6790, valid loss : 1.0029, valid acc : 0.5714
2026-05-26 17:59:53 - train.py[line:137] - INFO: epoch : 29, train loss : 0.7972, train acc: 0.6980, valid loss : 1.0156, valid acc : 0.5643
2026-05-26 17:59:53 - train.py[line:137] - INFO: epoch : 30, train loss : 0.8002, train acc: 0.6900, valid loss : 1.0292, valid acc : 0.5714
2026-05-26 17:59:53 - train.py[line:137] - INFO: epoch : 31, train loss : 0.8012, train acc: 0.6890, valid loss : 1.0357, valid acc : 0.5643
2026-05-26 17:59:53 - train.py[line:137] - INFO: epoch : 32, train loss : 0.8032, train acc: 0.6880, valid loss : 1.0359, valid acc : 0.5714
2026-05-26 17:59:53 - train.py[line:137] - INFO: epoch : 33, train loss : 0.7801, train acc: 0.7010, valid loss : 1.0375, valid acc : 0.5571
2026-05-26 17:59:53 - train.py[line:137] - INFO: epoch : 34, train loss : 0.7752, train acc: 0.6940, valid loss : 1.0411, valid acc : 0.5643
2026-05-26 17:59:53 - train.py[line:137] - INFO: epoch : 35, train loss : 0.7900, train acc: 0.6800, valid loss : 1.0452, valid acc : 0.5857
2026-05-26 17:59:53 - train.py[line:137] - INFO: epoch : 36, train loss : 0.7850, train acc: 0.6820, valid loss : 1.0479, valid acc : 0.5857
2026-05-26 17:59:53 - train.py[line:137] - INFO: epoch : 37, train loss : 0.7828, train acc: 0.6840, valid loss : 1.0539, valid acc : 0.5714
2026-05-26 17:59:53 - train.py[line:137] - INFO: epoch : 38, train loss : 0.7560, train acc: 0.6980, valid loss : 1.0670, valid acc : 0.5714
2026-05-26 17:59:53 - train.py[line:137] - INFO: epoch : 39, train loss : 0.7726, train acc: 0.6900, valid loss : 1.0789, valid acc : 0.5643
2026-05-26 17:59:53 - train.py[line:137] - INFO: epoch : 40, train loss : 0.7568, train acc: 0.7150, valid loss : 1.0881, valid acc : 0.5643
2026-05-26 17:59:53 - train.py[line:137] - INFO: epoch : 41, train loss : 0.7635, train acc: 0.7130, valid loss : 1.0978, valid acc : 0.5643
2026-05-26 17:59:54 - train.py[line:137] - INFO: epoch : 42, train loss : 0.7528, train acc: 0.7020, valid loss : 1.1088, valid acc : 0.5714
2026-05-26 17:59:54 - train.py[line:137] - INFO: epoch : 43, train loss : 0.7514, train acc: 0.6990, valid loss : 1.1103, valid acc : 0.5643
2026-05-26 17:59:54 - train.py[line:137] - INFO: epoch : 44, train loss : 0.7499, train acc: 0.6970, valid loss : 1.1043, valid acc : 0.5714
2026-05-26 17:59:54 - train.py[line:137] - INFO: epoch : 45, train loss : 0.7299, train acc: 0.7120, valid loss : 1.1150, valid acc : 0.5714
2026-05-26 17:59:54 - train.py[line:137] - INFO: epoch : 46, train loss : 0.7395, train acc: 0.7070, valid loss : 1.1255, valid acc : 0.5786
2026-05-26 17:59:54 - train.py[line:137] - INFO: epoch : 47, train loss : 0.7313, train acc: 0.7100, valid loss : 1.1445, valid acc : 0.5786
2026-05-26 17:59:54 - train.py[line:137] - INFO: epoch : 48, train loss : 0.7412, train acc: 0.7040, valid loss : 1.1539, valid acc : 0.5714
2026-05-26 17:59:54 - train.py[line:137] - INFO: epoch : 49, train loss : 0.7282, train acc: 0.7050, valid loss : 1.1638, valid acc : 0.5714
2026-05-26 17:59:54 - train.py[line:137] - INFO: epoch : 50, train loss : 0.7301, train acc: 0.6940, valid loss : 1.1897, valid acc : 0.5714
2026-05-26 17:59:54 - train.py[line:137] - INFO: epoch : 51, train loss : 0.7274, train acc: 0.7130, valid loss : 1.2026, valid acc : 0.5786
2026-05-26 17:59:54 - train.py[line:137] - INFO: epoch : 52, train loss : 0.6902, train acc: 0.7330, valid loss : 1.2179, valid acc : 0.5714
2026-05-26 17:59:54 - train.py[line:137] - INFO: epoch : 53, train loss : 0.7200, train acc: 0.7230, valid loss : 1.2327, valid acc : 0.5786
2026-05-26 17:59:54 - train.py[line:137] - INFO: epoch : 54, train loss : 0.7099, train acc: 0.7310, valid loss : 1.2410, valid acc : 0.5571
2026-05-26 17:59:54 - train.py[line:137] - INFO: epoch : 55, train loss : 0.7059, train acc: 0.7060, valid loss : 1.2534, valid acc : 0.5500
2026-05-26 17:59:54 - train.py[line:137] - INFO: epoch : 56, train loss : 0.6841, train acc: 0.7080, valid loss : 1.2699, valid acc : 0.5571
2026-05-26 17:59:54 - train.py[line:137] - INFO: epoch : 57, train loss : 0.7028, train acc: 0.6970, valid loss : 1.2708, valid acc : 0.5857
2026-05-26 17:59:54 - train.py[line:137] - INFO: epoch : 58, train loss : 0.7046, train acc: 0.7180, valid loss : 1.2454, valid acc : 0.6143
2026-05-26 17:59:54 - train.py[line:137] - INFO: epoch : 59, train loss : 0.6714, train acc: 0.7450, valid loss : 1.2445, valid acc : 0.6071
2026-05-26 17:59:54 - train.py[line:137] - INFO: epoch : 60, train loss : 0.6830, train acc: 0.7290, valid loss : 1.2898, valid acc : 0.5357
2026-05-26 17:59:54 - train.py[line:137] - INFO: epoch : 61, train loss : 0.6790, train acc: 0.7160, valid loss : 1.3458, valid acc : 0.5714
2026-05-26 17:59:54 - train.py[line:137] - INFO: epoch : 62, train loss : 0.6863, train acc: 0.7300, valid loss : 1.3685, valid acc : 0.5571
2026-05-26 17:59:54 - train.py[line:137] - INFO: epoch : 63, train loss : 0.6731, train acc: 0.7400, valid loss : 1.3552, valid acc : 0.5714
2026-05-26 17:59:54 - train.py[line:137] - INFO: epoch : 64, train loss : 0.6389, train acc: 0.7420, valid loss : 1.3514, valid acc : 0.5714
2026-05-26 17:59:54 - train.py[line:137] - INFO: epoch : 65, train loss : 0.6587, train acc: 0.7390, valid loss : 1.3492, valid acc : 0.5571
2026-05-26 17:59:54 - train.py[line:137] - INFO: epoch : 66, train loss : 0.6597, train acc: 0.7380, valid loss : 1.3675, valid acc : 0.5643
2026-05-26 17:59:54 - train.py[line:137] - INFO: epoch : 67, train loss : 0.6644, train acc: 0.7310, valid loss : 1.3731, valid acc : 0.5500
2026-05-26 17:59:54 - train.py[line:137] - INFO: epoch : 68, train loss : 0.6464, train acc: 0.7340, valid loss : 1.3535, valid acc : 0.5929
2026-05-26 17:59:54 - train.py[line:137] - INFO: epoch : 69, train loss : 0.6450, train acc: 0.7590, valid loss : 1.3671, valid acc : 0.5857
2026-05-26 17:59:55 - train.py[line:137] - INFO: epoch : 70, train loss : 0.6307, train acc: 0.7770, valid loss : 1.3978, valid acc : 0.5643
2026-05-26 17:59:55 - train.py[line:137] - INFO: epoch : 71, train loss : 0.6199, train acc: 0.7710, valid loss : 1.4121, valid acc : 0.5857
2026-05-26 17:59:55 - train.py[line:137] - INFO: epoch : 72, train loss : 0.6294, train acc: 0.7600, valid loss : 1.4221, valid acc : 0.5571
2026-05-26 17:59:55 - train.py[line:137] - INFO: epoch : 73, train loss : 0.6213, train acc: 0.7590, valid loss : 1.4143, valid acc : 0.5643
2026-05-26 17:59:55 - train.py[line:137] - INFO: epoch : 74, train loss : 0.6381, train acc: 0.7320, valid loss : 1.3948, valid acc : 0.5643
2026-05-26 17:59:55 - train.py[line:137] - INFO: epoch : 75, train loss : 0.6291, train acc: 0.7610, valid loss : 1.4022, valid acc : 0.5357
2026-05-26 17:59:55 - train.py[line:137] - INFO: epoch : 76, train loss : 0.5946, train acc: 0.7670, valid loss : 1.4293, valid acc : 0.5714
2026-05-26 17:59:55 - train.py[line:137] - INFO: epoch : 77, train loss : 0.6161, train acc: 0.7890, valid loss : 1.4403, valid acc : 0.5571
2026-05-26 17:59:55 - train.py[line:137] - INFO: epoch : 78, train loss : 0.6106, train acc: 0.7680, valid loss : 1.4655, valid acc : 0.5500
2026-05-26 17:59:55 - train.py[line:137] - INFO: epoch : 79, train loss : 0.6037, train acc: 0.7530, valid loss : 1.5459, valid acc : 0.5357
2026-05-26 17:59:55 - train.py[line:137] - INFO: epoch : 80, train loss : 0.6104, train acc: 0.7600, valid loss : 1.5874, valid acc : 0.5643
2026-05-26 17:59:55 - train.py[line:137] - INFO: epoch : 81, train loss : 0.6247, train acc: 0.7720, valid loss : 1.5002, valid acc : 0.5714
2026-05-26 17:59:55 - train.py[line:137] - INFO: epoch : 82, train loss : 0.6084, train acc: 0.7630, valid loss : 1.4371, valid acc : 0.5714
2026-05-26 17:59:55 - train.py[line:137] - INFO: epoch : 83, train loss : 0.5981, train acc: 0.7330, valid loss : 1.4224, valid acc : 0.5786
2026-05-26 17:59:55 - train.py[line:137] - INFO: epoch : 84, train loss : 0.5909, train acc: 0.7750, valid loss : 1.4670, valid acc : 0.5714
2026-05-26 17:59:55 - train.py[line:137] - INFO: epoch : 85, train loss : 0.5646, train acc: 0.7860, valid loss : 1.5321, valid acc : 0.5857
2026-05-26 17:59:55 - train.py[line:137] - INFO: epoch : 86, train loss : 0.5779, train acc: 0.7780, valid loss : 1.5637, valid acc : 0.5857
2026-05-26 17:59:55 - train.py[line:137] - INFO: epoch : 87, train loss : 0.5818, train acc: 0.7740, valid loss : 1.5259, valid acc : 0.5857
2026-05-26 17:59:55 - train.py[line:137] - INFO: epoch : 88, train loss : 0.5894, train acc: 0.7600, valid loss : 1.5171, valid acc : 0.5857
2026-05-26 17:59:55 - train.py[line:137] - INFO: epoch : 89, train loss : 0.5749, train acc: 0.7830, valid loss : 1.5643, valid acc : 0.5714
2026-05-26 17:59:55 - train.py[line:137] - INFO: epoch : 90, train loss : 0.5586, train acc: 0.7850, valid loss : 1.6110, valid acc : 0.6000
2026-05-26 17:59:55 - train.py[line:137] - INFO: epoch : 91, train loss : 0.5544, train acc: 0.7780, valid loss : 1.6330, valid acc : 0.6000
2026-05-26 17:59:55 - train.py[line:137] - INFO: epoch : 92, train loss : 0.5746, train acc: 0.8080, valid loss : 1.6241, valid acc : 0.6000
2026-05-26 17:59:55 - train.py[line:137] - INFO: epoch : 93, train loss : 0.5690, train acc: 0.7980, valid loss : 1.6344, valid acc : 0.5429
2026-05-26 17:59:55 - train.py[line:137] - INFO: epoch : 94, train loss : 0.5835, train acc: 0.7570, valid loss : 1.5557, valid acc : 0.5643
2026-05-26 17:59:55 - train.py[line:137] - INFO: epoch : 95, train loss : 0.5761, train acc: 0.7700, valid loss : 1.5604, valid acc : 0.6143
2026-05-26 17:59:55 - train.py[line:137] - INFO: epoch : 96, train loss : 0.5220, train acc: 0.7940, valid loss : 1.5962, valid acc : 0.6286
2026-05-26 17:59:55 - train.py[line:137] - INFO: epoch : 97, train loss : 0.5567, train acc: 0.7980, valid loss : 1.6025, valid acc : 0.5929
2026-05-26 17:59:55 - train.py[line:137] - INFO: epoch : 98, train loss : 0.5675, train acc: 0.7850, valid loss : 1.5627, valid acc : 0.5286
2026-05-26 17:59:55 - train.py[line:137] - INFO: epoch : 99, train loss : 0.5674, train acc: 0.7570, valid loss : 1.5279, valid acc : 0.5857
2026-05-26 17:59:55 - train.py[line:137] - INFO: epoch : 100, train loss : 0.5578, train acc: 0.7800, valid loss : 1.5734, valid acc : 0.6143
2026-05-26 17:59:55 - train.py[line:140] - INFO: Training Time of Neural Network: 0.05643359025319417 min.
2026-05-26 17:59:55 - train.py[line:154] - INFO: {'tp': 0.136, 'fp': 0.193, 'tn': 0.479, 'fn': 0.193}
2026-05-26 17:59:55 - train.py[line:157] - INFO: Saving Model.
2026-05-26 17:59:55 - train.py[line:159] - INFO: Model saved in path output/temp/model/job-light.pkl
2026-05-26 18:01:19 - featureNew.py[line:276] - INFO: Start loading pickle of train...
